Detected_Timestamp,Player,Entry_Name,Old_Value,New_Value
2026-09-01 20:05:34,Mas120,Quest: A Kingdom Divided,0,0
2026-09-01 20:05:34,Mas120,Quest: A Night at the Theatre,0,0
2026-09-01 20:05:34,Mas120,Quest: A Porcine of Interest,0,2
2026-09-01 20:05:34,Mas120,Quest: A Soul's Bane,0,2
2026-09-01 20:05:34,Mas120,Quest: A Tail of Two Cats,0,0
2026-09-01 20:05:34,Mas120,Quest: A Taste of Hope,0,0
2026-09-01 20:05:34,Mas120,Quest: Alfred Grimhand's Barcrawl,0,2
2026-09-01 20:05:34,Mas120,Quest: Animal Magnetism,0,2
2026-09-01 20:05:34,Mas120,Quest: Another Slice of H.A.M.,0,2
2026-09-01 20:05:34,Mas120,Quest: At First Light,0,0
2026-09-01 20:05:34,Mas120,Quest: Barbarian Training,0,1
2026-09-01 20:05:34,Mas120,Quest: Bear Your Soul,0,0
2026-09-01 20:05:34,Mas120,Quest: Below Ice Mountain,0,2
2026-09-01 20:05:34,Mas120,Quest: Beneath Cursed Sands,0,0
2026-09-01 20:05:34,Mas120,Quest: Between a Rock...,0,0
2026-09-01 20:05:34,Mas120,Quest: Bone Voyage,0,2
2026-09-01 20:05:34,Mas120,Quest: Children of the Sun,0,2
2026-09-01 20:05:34,Mas120,Quest: Client of Kourend,0,2
2026-09-01 20:05:34,Mas120,Quest: Cold War,0,0
2026-09-01 20:05:34,Mas120,Quest: Contact!,0,0
2026-09-01 20:05:34,Mas120,Quest: Creature of Fenkenstrain,0,2
2026-09-01 20:05:34,Mas120,Quest: Current Affairs,0,0
2026-09-01 20:05:34,Mas120,Quest: Curse of the Empty Lord,0,0
2026-09-01 20:05:34,Mas120,Quest: Daddy's Home,0,2
2026-09-01 20:05:34,Mas120,Quest: Darkness of Hallowvale,0,0
2026-09-01 20:05:34,Mas120,Quest: Death on the Isle,0,0
2026-09-01 20:05:34,Mas120,Quest: Death to the Dorgeshuun,0,2
2026-09-01 20:05:34,Mas120,Quest: Defender of Varrock,0,0
2026-09-01 20:05:34,Mas120,Quest: Demon Slayer,0,2
2026-09-01 20:05:34,Mas120,Quest: Desert Treasure I,0,2
2026-09-01 20:05:34,Mas120,Quest: Desert Treasure II - The Fallen Empire,0,0
2026-09-01 20:05:34,Mas120,Quest: Devious Minds,0,0
2026-09-01 20:05:34,Mas120,Quest: Dragon Slayer II,0,0
2026-09-01 20:05:34,Mas120,Quest: Dream Mentor,0,0
2026-09-01 20:05:34,Mas120,Quest: Eagles' Peak,0,2
2026-09-01 20:05:34,Mas120,Quest: Elemental Workshop I,0,2
2026-09-01 20:05:34,Mas120,Quest: Elemental Workshop II,0,2
2026-09-01 20:05:34,Mas120,Quest: Enakhra's Lament,0,0
2026-09-01 20:05:34,Mas120,Quest: Enlightened Journey,0,2
2026-09-01 20:05:34,Mas120,Quest: Ethically Acquired Antiquities,0,0
2026-09-01 20:05:34,Mas120,Quest: Fairytale I - Growing Pains,0,2
2026-09-01 20:05:34,Mas120,Quest: Fairytale II - Cure a Queen,0,1
2026-09-01 20:05:34,Mas120,Quest: Family Pest,0,0
2026-09-01 20:05:34,Mas120,Quest: Forgettable Tale...,0,0
2026-09-01 20:05:34,Mas120,Quest: Garden of Tranquillity,0,2
2026-09-01 20:05:34,Mas120,Quest: Getting Ahead,0,0
2026-09-01 20:05:34,Mas120,Quest: Ghosts Ahoy,0,2
2026-09-01 20:05:34,Mas120,Quest: Goblin Diplomacy,0,2
2026-09-01 20:05:34,Mas120,Quest: Grim Tales,0,0
2026-09-01 20:05:34,Mas120,Quest: His Faithful Servants,0,0
2026-09-01 20:05:34,Mas120,Quest: Hopespear's Will,0,0
2026-09-01 20:05:34,Mas120,Quest: Horror from the Deep,0,2
2026-09-01 20:05:34,Mas120,Quest: Icthlarin's Little Helper,0,2
2026-09-01 20:05:34,Mas120,Quest: In Aid of the Myreque,0,2
2026-09-01 20:05:34,Mas120,Quest: In Search of Knowledge,0,0
2026-09-01 20:05:34,Mas120,Quest: Into the Tombs,0,0
2026-09-01 20:05:34,Mas120,Quest: King's Ransom,0,0
2026-09-01 20:05:34,Mas120,Quest: Lair of Tarn Razorlor,0,2
2026-09-01 20:05:34,Mas120,Quest: Land of the Goblins,0,0
2026-09-01 20:05:34,Mas120,Quest: Lunar Diplomacy,0,0
2026-09-01 20:05:34,Mas120,Quest: Mage Arena II,0,0
2026-09-01 20:05:34,Mas120,Quest: Making Friends with My Arm,0,0
2026-09-01 20:05:34,Mas120,Quest: Making History,0,2
2026-09-01 20:05:34,Mas120,Quest: Meat and Greet,0,0
2026-09-01 20:05:34,Mas120,Quest: Misthalin Mystery,0,2
2026-09-01 20:05:34,Mas120,Quest: Monkey Madness II,0,0
2026-09-01 20:05:34,Mas120,Quest: Mountain Daughter,0,2
2026-09-01 20:05:34,Mas120,Quest: Mourning's End Part II,0,0
2026-09-01 20:05:34,Mas120,Quest: My Arm's Big Adventure,0,0
2026-09-01 20:05:34,Mas120,Quest: Olaf's Quest,0,0
2026-09-01 20:05:34,Mas120,Quest: Pandemonium,0,0
2026-09-01 20:05:34,Mas120,Quest: Perilous Moons,0,2
2026-09-01 20:05:34,Mas120,Quest: Prying Times,0,0
2026-09-01 20:05:34,Mas120,Quest: Ratcatchers,0,0
2026-09-01 20:05:34,Mas120,Quest: Recipe for Disaster,0,2
2026-09-01 20:05:34,Mas120,Quest: Recipe for Disaster - Another Cook's Quest,0,2
2026-09-01 20:05:34,Mas120,Quest: Recipe for Disaster - Culinaromancer,0,2
2026-09-01 20:05:34,Mas120,Quest: Recipe for Disaster - Evil Dave,0,2
2026-09-01 20:05:34,Mas120,Quest: Recipe for Disaster - King Awowogei,0,2
2026-09-01 20:05:34,Mas120,Quest: Recipe for Disaster - Lumbridge Guide,0,2
2026-09-01 20:05:34,Mas120,Quest: Recipe for Disaster - Mountain Dwarf,0,2
2026-09-01 20:05:34,Mas120,Quest: Recipe for Disaster - Pirate Pete,0,2
2026-09-01 20:05:34,Mas120,Quest: Recipe for Disaster - Sir Amik Varze,0,2
2026-09-01 20:05:34,Mas120,Quest: Recipe for Disaster - Skrach Uglogwee,0,2
2026-09-01 20:05:34,Mas120,Quest: Recipe for Disaster - Wartface & Bentnoze,0,2
2026-09-01 20:05:34,Mas120,Quest: Recruitment Drive,0,2
2026-09-01 20:05:34,Mas120,Quest: Royal Trouble,0,0
2026-09-01 20:05:34,Mas120,Quest: Scrambled!,0,0
2026-09-01 20:05:34,Mas120,Quest: Secrets of the North,0,0
2026-09-01 20:05:34,Mas120,Quest: Shadow of the Storm,0,2
2026-09-01 20:05:34,Mas120,Quest: Shadows of Custodia,0,0
2026-09-01 20:05:34,Mas120,Quest: Shield of Arrav,0,2
2026-09-01 20:05:34,Mas120,Quest: Sins of the Father,0,0
2026-09-01 20:05:34,Mas120,Quest: Skippy and the Mogres,0,0
2026-09-01 20:05:34,Mas120,Quest: Sleeping Giants,0,2
2026-09-01 20:05:34,Mas120,Quest: Song of the Elves,0,0
2026-09-01 20:05:34,Mas120,Quest: Spirits of the Elid,0,2
2026-09-01 20:05:34,Mas120,Quest: Swan Song,0,0
2026-09-01 20:05:34,Mas120,Quest: Tale of the Righteous,0,0
2026-09-01 20:05:34,Mas120,Quest: Tears of Guthix,0,2
2026-09-01 20:05:34,Mas120,Quest: Temple of the Eye,0,2
2026-09-01 20:05:34,Mas120,Quest: The Ascent of Arceuus,0,0
2026-09-01 20:05:34,Mas120,Quest: The Blood Moon Rises,0,0
2026-09-01 20:05:34,Mas120,Quest: The Corsair Curse,0,0
2026-09-01 20:05:34,Mas120,Quest: The Curse of Arrav,0,0
2026-09-01 20:05:34,Mas120,Quest: The Depths of Despair,0,2
2026-09-01 20:05:34,Mas120,Quest: The Enchanted Key,0,1
2026-09-01 20:05:34,Mas120,Quest: The Eyes of Glouphrie,0,0
2026-09-01 20:05:34,Mas120,Quest: The Feud,0,2
2026-09-01 20:05:34,Mas120,Quest: The Final Dawn,0,2
2026-09-01 20:05:34,Mas120,Quest: The Forsaken Tower,0,0
2026-09-01 20:05:34,Mas120,Quest: The Fremennik Exiles,0,0
2026-09-01 20:05:34,Mas120,Quest: The Fremennik Isles,0,0
2026-09-01 20:05:34,Mas120,Quest: The Frozen Door,0,1
2026-09-01 20:05:34,Mas120,Quest: The Garden of Death,0,2
2026-09-01 20:05:34,Mas120,Quest: The General's Shadow,0,0
2026-09-01 20:05:34,Mas120,Quest: The Giant Dwarf,0,2
2026-09-01 20:05:34,Mas120,Quest: The Golem,0,2
2026-09-01 20:05:34,Mas120,Quest: The Hand in the Sand,0,2
2026-09-01 20:05:34,Mas120,Quest: The Heart of Darkness,0,2
2026-09-01 20:05:34,Mas120,Quest: The Ides of Milk,0,0
2026-09-01 20:05:34,Mas120,Quest: The Lost Tribe,0,2
2026-09-01 20:05:34,Mas120,Quest: The Path of Glouphrie,0,0
2026-09-01 20:05:34,Mas120,Quest: The Queen of Thieves,0,2
2026-09-01 20:05:34,Mas120,Quest: The Red Reef,0,0
2026-09-01 20:05:34,Mas120,Quest: The Ribbiting Tale of a Lily Pad Labour Dispute,0,2
2026-09-01 20:05:34,Mas120,Quest: The Slug Menace,0,2
2026-09-01 20:05:34,Mas120,Quest: Tower of Life,0,2
2026-09-01 20:05:34,Mas120,Quest: Troubled Tortugans,0,0
2026-09-01 20:05:34,Mas120,Quest: Twilight's Promise,0,2
2026-09-01 20:05:34,Mas120,Quest: Vale Totems,0,2
2026-09-01 20:05:34,Mas120,Quest: Wanted!,0,2
2026-09-01 20:05:34,Mas120,Quest: What Lies Below,0,0
2026-09-01 20:05:34,Mas120,Quest: While Guthix Sleeps,0,0
2026-09-01 20:05:34,Mas120,Quest: X Marks the Spot,0,2
2026-09-01 20:05:34,Mas120,Quest: Zogre Flesh Eaters,0,2
2026-09-01 20:05:34,Mas120,Quest: Big Chompy Bird Hunting,0,2
2026-09-01 20:05:34,Mas120,Quest: Biohazard,0,2
2026-09-01 20:05:34,Mas120,Quest: Black Knights' Fortress,0,2
2026-09-01 20:05:34,Mas120,Quest: Cabin Fever,0,2
2026-09-01 20:05:34,Mas120,Quest: Clock Tower,0,2
2026-09-01 20:05:34,Mas120,Quest: Cook's Assistant,0,2
2026-09-01 20:05:34,Mas120,Quest: Death Plateau,0,2
2026-09-01 20:05:34,Mas120,Quest: Doric's Quest,0,2
2026-09-01 20:05:34,Mas120,Quest: Dragon Slayer I,0,2
2026-09-01 20:05:34,Mas120,Quest: Druidic Ritual,0,2
2026-09-01 20:05:34,Mas120,Quest: Dwarf Cannon,0,2
2026-09-01 20:05:34,Mas120,Quest: Eadgar's Ruse,0,0
2026-09-01 20:05:34,Mas120,Quest: Enter the Abyss,0,2
2026-09-01 20:05:34,Mas120,Quest: Ernest the Chicken,0,2
2026-09-01 20:05:34,Mas120,Quest: Family Crest,0,2
2026-09-01 20:05:34,Mas120,Quest: Fight Arena,0,2
2026-09-01 20:05:34,Mas120,Quest: Fishing Contest,0,2
2026-09-01 20:05:34,Mas120,Quest: Gertrude's Cat,0,2
2026-09-01 20:05:34,Mas120,Quest: Haunted Mine,0,2
2026-09-01 20:05:34,Mas120,Quest: Hazeel Cult,0,2
2026-09-01 20:05:34,Mas120,Quest: Heroes' Quest,0,2
2026-09-01 20:05:34,Mas120,Quest: Holy Grail,0,2
2026-09-01 20:05:34,Mas120,Quest: Imp Catcher,0,2
2026-09-01 20:05:34,Mas120,Quest: In Search of the Myreque,0,2
2026-09-01 20:05:34,Mas120,Quest: Jungle Potion,0,2
2026-09-01 20:05:34,Mas120,Quest: Learning the Ropes,0,2
2026-09-01 20:05:34,Mas120,Quest: Legends' Quest,0,2
2026-09-01 20:05:34,Mas120,Quest: Lost City,0,2
2026-09-01 20:05:34,Mas120,Quest: Mage Arena I,0,0
2026-09-01 20:05:34,Mas120,Quest: Merlin's Crystal,0,2
2026-09-01 20:05:34,Mas120,Quest: Monk's Friend,0,2
2026-09-01 20:05:34,Mas120,Quest: Monkey Madness I,0,2
2026-09-01 20:05:34,Mas120,Quest: Mourning's End Part I,0,0
2026-09-01 20:05:34,Mas120,Quest: Murder Mystery,0,2
2026-09-01 20:05:34,Mas120,Quest: Nature Spirit,0,2
2026-09-01 20:05:34,Mas120,Quest: Observatory Quest,0,2
2026-09-01 20:05:34,Mas120,Quest: One Small Favour,0,0
2026-09-01 20:05:34,Mas120,Quest: Pirate's Treasure,0,2
2026-09-01 20:05:34,Mas120,Quest: Plague City,0,2
2026-09-01 20:05:34,Mas120,Quest: Priest in Peril,0,2
2026-09-01 20:05:34,Mas120,Quest: Prince Ali Rescue,0,2
2026-09-01 20:05:34,Mas120,Quest: Rag and Bone Man I,0,2
2026-09-01 20:05:34,Mas120,Quest: Rag and Bone Man II,0,1
2026-09-01 20:05:34,Mas120,Quest: Regicide,0,2
2026-09-01 20:05:34,Mas120,Quest: Romeo & Juliet,0,2
2026-09-01 20:05:34,Mas120,Quest: Roving Elves,0,0
2026-09-01 20:05:34,Mas120,Quest: Rum Deal,0,2
2026-09-01 20:05:34,Mas120,Quest: Rune Mysteries,0,2
2026-09-01 20:05:34,Mas120,Quest: Scorpion Catcher,0,2
2026-09-01 20:05:34,Mas120,Quest: Sea Slug,0,2
2026-09-01 20:05:34,Mas120,Quest: Shades of Mort'ton,0,2
2026-09-01 20:05:34,Mas120,Quest: Sheep Herder,0,2
2026-09-01 20:05:34,Mas120,Quest: Sheep Shearer,0,2
2026-09-01 20:05:34,Mas120,Quest: Shilo Village,0,2
2026-09-01 20:05:34,Mas120,Quest: Tai Bwo Wannai Trio,0,2
2026-09-01 20:05:34,Mas120,Quest: Temple of Ikov,0,2
2026-09-01 20:05:34,Mas120,Quest: The Dig Site,0,2
2026-09-01 20:05:34,Mas120,Quest: The Fremennik Trials,0,2
2026-09-01 20:05:34,Mas120,Quest: The Grand Tree,0,2
2026-09-01 20:05:34,Mas120,Quest: The Great Brain Robbery,0,2
2026-09-01 20:05:34,Mas120,Quest: The Knight's Sword,0,2
2026-09-01 20:05:34,Mas120,Quest: The Restless Ghost,0,2
2026-09-01 20:05:34,Mas120,Quest: The Tourist Trap,0,2
2026-09-01 20:05:34,Mas120,Quest: Throne of Miscellania,0,0
2026-09-01 20:05:34,Mas120,Quest: Tree Gnome Village,0,2
2026-09-01 20:05:34,Mas120,Quest: Tribal Totem,0,2
2026-09-01 20:05:34,Mas120,Quest: Troll Romance,0,2
2026-09-01 20:05:34,Mas120,Quest: Troll Stronghold,0,2
2026-09-01 20:05:34,Mas120,Quest: Underground Pass,0,2
2026-09-01 20:05:34,Mas120,Quest: Vampyre Slayer,0,2
2026-09-01 20:05:34,Mas120,Quest: Watchtower,0,2
2026-09-01 20:05:34,Mas120,Quest: Waterfall Quest,0,2
2026-09-01 20:05:34,Mas120,Quest: Witch's House,0,2
2026-09-01 20:05:34,Mas120,Quest: Witch's Potion,0,2
2026-09-01 20:05:34,Mas120,Diary: Ardougne (Easy),0,1
2026-09-01 20:05:34,Mas120,Diary: Ardougne (Elite),0,0
2026-09-01 20:05:34,Mas120,Diary: Ardougne (Hard),0,0
2026-09-01 20:05:34,Mas120,Diary: Ardougne (Medium),0,1
2026-09-01 20:05:34,Mas120,Diary: Desert (Easy),0,1
2026-09-01 20:05:34,Mas120,Diary: Desert (Elite),0,0
2026-09-01 20:05:34,Mas120,Diary: Desert (Hard),0,0
2026-09-01 20:05:34,Mas120,Diary: Desert (Medium),0,0
2026-09-01 20:05:34,Mas120,Diary: Falador (Easy),0,1
2026-09-01 20:05:34,Mas120,Diary: Falador (Elite),0,0
2026-09-01 20:05:34,Mas120,Diary: Falador (Hard),0,0
2026-09-01 20:05:34,Mas120,Diary: Falador (Medium),0,0
2026-09-01 20:05:34,Mas120,Diary: Fremennik (Easy),0,0
2026-09-01 20:05:34,Mas120,Diary: Fremennik (Elite),0,0
2026-09-01 20:05:34,Mas120,Diary: Fremennik (Hard),0,0
2026-09-01 20:05:34,Mas120,Diary: Fremennik (Medium),0,0
2026-09-01 20:05:34,Mas120,Diary: Kandarin (Easy),0,1
2026-09-01 20:05:34,Mas120,Diary: Kandarin (Elite),0,0
2026-09-01 20:05:34,Mas120,Diary: Kandarin (Hard),0,0
2026-09-01 20:05:34,Mas120,Diary: Kandarin (Medium),0,1
2026-09-01 20:05:34,Mas120,Diary: Karamja (Easy),0,0
2026-09-01 20:05:34,Mas120,Diary: Karamja (Elite),0,0
2026-09-01 20:05:34,Mas120,Diary: Karamja (Hard),0,0
2026-09-01 20:05:34,Mas120,Diary: Karamja (Medium),0,0
2026-09-01 20:05:34,Mas120,Diary: Kourend & Kebos (Easy),0,1
2026-09-01 20:05:34,Mas120,Diary: Kourend & Kebos (Elite),0,0
2026-09-01 20:05:34,Mas120,Diary: Kourend & Kebos (Hard),0,0
2026-09-01 20:05:34,Mas120,Diary: Kourend & Kebos (Medium),0,0
2026-09-01 20:05:34,Mas120,Diary: Lumbridge & Draynor (Easy),0,1
2026-09-01 20:05:34,Mas120,Diary: Lumbridge & Draynor (Elite),0,0
2026-09-01 20:05:34,Mas120,Diary: Lumbridge & Draynor (Hard),0,0
2026-09-01 20:05:34,Mas120,Diary: Lumbridge & Draynor (Medium),0,1
2026-09-01 20:05:34,Mas120,Diary: Morytania (Easy),0,0
2026-09-01 20:05:34,Mas120,Diary: Morytania (Elite),0,0
2026-09-01 20:05:34,Mas120,Diary: Morytania (Hard),0,0
2026-09-01 20:05:34,Mas120,Diary: Morytania (Medium),0,0
2026-09-01 20:05:34,Mas120,Diary: Varrock (Easy),0,1
2026-09-01 20:05:34,Mas120,Diary: Varrock (Elite),0,0
2026-09-01 20:05:34,Mas120,Diary: Varrock (Hard),0,0
2026-09-01 20:05:34,Mas120,Diary: Varrock (Medium),0,1
2026-09-01 20:05:34,Mas120,Diary: Western Provinces (Easy),0,1
2026-09-01 20:05:34,Mas120,Diary: Western Provinces (Elite),0,0
2026-09-01 20:05:34,Mas120,Diary: Western Provinces (Hard),0,0
2026-09-01 20:05:34,Mas120,Diary: Western Provinces (Medium),0,1
2026-09-01 20:05:34,Mas120,Diary: Wilderness (Easy),0,0
2026-09-01 20:05:34,Mas120,Diary: Wilderness (Elite),0,0
2026-09-01 20:05:34,Mas120,Diary: Wilderness (Hard),0,0
2026-09-01 20:05:34,Mas120,Diary: Wilderness (Medium),0,0
2026-09-01 20:05:34,Mas120,Combat Achievement: 32,0,1
2026-09-01 20:05:34,Mas120,Combat Achievement: 80,0,1
2026-09-01 20:05:34,Mas120,Combat Achievement: 120,0,1
2026-09-01 20:05:34,Mas120,Combat Achievement: 122,0,1
2026-09-01 20:05:34,Mas120,Combat Achievement: 123,0,1
2026-09-01 20:05:34,Mas120,Combat Achievement: 124,0,1
2026-09-01 20:05:34,Mas120,Combat Achievement: 125,0,1
2026-09-01 20:05:34,Mas120,Combat Achievement: 353,0,1
2026-09-01 20:05:34,Mas120,Combat Achievement: 354,0,1
2026-09-01 20:05:34,Mas120,Combat Achievement: 356,0,1
2026-09-01 20:05:34,Mas120,Combat Achievement: 357,0,1
2026-09-01 20:05:34,Mas120,Combat Achievement: 358,0,1
2026-09-01 20:05:34,Mas120,Combat Achievement: 359,0,1
2026-09-01 20:05:34,Mas120,Combat Achievement: 521,0,1
2026-09-01 20:05:34,Mas120,Combat Achievement: 522,0,1
2026-09-01 20:05:34,Mas120,Combat Achievement: 528,0,1
2026-09-01 20:05:34,Mas120,Music Track: 7th Realm,0,1
2026-09-01 20:05:34,Mas120,Music Track: Adventure,0,1
2026-09-01 20:05:34,Mas120,Music Track: Al Kharid,0,1
2026-09-01 20:05:34,Mas120,Music Track: Alchemical Attack!,0,0
2026-09-01 20:05:34,Mas120,Music Track: All Aboard,0,0
2026-09-01 20:05:34,Mas120,Music Track: All the Trimmings,0,0
2026-09-01 20:05:34,Mas120,Music Track: All's Fairy in Love & War,0,0
2026-09-01 20:05:34,Mas120,Music Track: Alone,0,1
2026-09-01 20:05:34,Mas120,Music Track: Altar Ego,0,1
2026-09-01 20:05:34,Mas120,Music Track: Alternative Root,0,0
2026-09-01 20:05:34,Mas120,Music Track: Amascut's Promise,0,0
2026-09-01 20:05:34,Mas120,Music Track: Ambient Jungle,0,1
2026-09-01 20:05:34,Mas120,Music Track: The Ancient Prison,0,0
2026-09-01 20:05:34,Mas120,Music Track: The Angel's Fury,0,0
2026-09-01 20:05:34,Mas120,Music Track: Anywhere,0,1
2026-09-01 20:05:34,Mas120,Music Track: Ape-ex Predator,0,0
2026-09-01 20:05:34,Mas120,Music Track: Arabian,0,1
2026-09-01 20:05:34,Mas120,Music Track: Arabian 2,0,1
2026-09-01 20:05:34,Mas120,Music Track: Arabian 3,0,1
2026-09-01 20:05:34,Mas120,Music Track: Arabique,0,1
2026-09-01 20:05:34,Mas120,Music Track: Arachnids of Vampyrium,0,0
2026-09-01 20:05:34,Mas120,Music Track: Arboretum,0,0
2026-09-01 20:05:34,Mas120,Music Track: Arcane,0,1
2026-09-01 20:05:34,Mas120,Music Track: Architects of Prifddinas,0,0
2026-09-01 20:05:34,Mas120,Music Track: Are You Not Entertained?,0,0
2026-09-01 20:05:34,Mas120,Music Track: Armadyl Alliance,0,0
2026-09-01 20:05:34,Mas120,Music Track: Armageddon,0,0
2026-09-01 20:05:34,Mas120,Music Track: Army of Darkness,0,1
2026-09-01 20:05:34,Mas120,Music Track: Arrival,0,1
2026-09-01 20:05:34,Mas120,Music Track: Artistry,0,1
2026-09-01 20:05:34,Mas120,Music Track: Ascent,0,0
2026-09-01 20:05:34,Mas120,Music Track: Assault and Battery,0,1
2026-09-01 20:05:34,Mas120,Music Track: Attack 1,0,1
2026-09-01 20:05:34,Mas120,Music Track: Attack 2,0,1
2026-09-01 20:05:34,Mas120,Music Track: Attack 3,0,1
2026-09-01 20:05:34,Mas120,Music Track: Attack 4,0,1
2026-09-01 20:05:34,Mas120,Music Track: Attack 5,0,1
2026-09-01 20:05:34,Mas120,Music Track: Attack 6,0,1
2026-09-01 20:05:34,Mas120,Music Track: Attention,0,1
2026-09-01 20:05:34,Mas120,Music Track: Autumn Voyage,0,1
2026-09-01 20:05:34,Mas120,Music Track: Awful Anthem,0,0
2026-09-01 20:05:34,Mas120,Music Track: Aye Car Rum Ba,0,1
2026-09-01 20:05:34,Mas120,Music Track: Aztec,0,0
2026-09-01 20:05:34,Mas120,Music Track: Back to Life,0,0
2026-09-01 20:05:34,Mas120,Music Track: Background,0,1
2026-09-01 20:05:34,Mas120,Music Track: Bait,0,0
2026-09-01 20:05:34,Mas120,Music Track: Ballad of Enchantment,0,1
2026-09-01 20:05:34,Mas120,Music Track: Ballad of the Basilisk,0,0
2026-09-01 20:05:34,Mas120,Music Track: Bandit Camp,0,1
2026-09-01 20:05:34,Mas120,Music Track: Bandos Battalion,0,0
2026-09-01 20:05:34,Mas120,Music Track: Bane,0,0
2026-09-01 20:05:34,Mas120,Music Track: The Bane of Ashihama,0,0
2026-09-01 20:05:34,Mas120,Music Track: Barb Wire,0,0
2026-09-01 20:05:34,Mas120,Music Track: Barbarian Workout,0,1
2026-09-01 20:05:34,Mas120,Music Track: Barbarianism,0,1
2026-09-01 20:05:34,Mas120,Music Track: Barking Mad,0,0
2026-09-01 20:05:34,Mas120,Music Track: Baroque,0,1
2026-09-01 20:05:34,Mas120,Music Track: Barren Land,0,0
2026-09-01 20:05:34,Mas120,Music Track: Beetle Juice,0,0
2026-09-01 20:05:34,Mas120,Music Track: Below the Conch,0,0
2026-09-01 20:05:34,Mas120,Music Track: Beneath Cursed Sands,0,0
2026-09-01 20:05:34,Mas120,Music Track: Beneath the Kingdom,0,1
2026-09-01 20:05:34,Mas120,Music Track: Beneath the Stronghold,0,1
2026-09-01 20:05:34,Mas120,Music Track: Beyond,0,1
2026-09-01 20:05:34,Mas120,Music Track: Beyond the Meadow,0,1
2026-09-01 20:05:34,Mas120,Music Track: Big Chords,0,1
2026-09-01 20:05:34,Mas120,Music Track: Black of Knight,0,0
2026-09-01 20:05:34,Mas120,Music Track: Blistering Barnacles,0,1
2026-09-01 20:05:34,Mas120,Music Track: The Blood Moon Rises,0,0
2026-09-01 20:05:34,Mas120,Music Track: Blood Rush,0,0
2026-09-01 20:05:34,Mas120,Music Track: Bloodbath,0,0
2026-09-01 20:05:34,Mas120,Music Track: Boat 'Em Up,0,0
2026-09-01 20:05:34,Mas120,Music Track: Bob's on Holiday,0,0
2026-09-01 20:05:34,Mas120,Music Track: Body Parts,0,1
2026-09-01 20:05:34,Mas120,Music Track: Bolrie's Diary,0,0
2026-09-01 20:05:34,Mas120,Music Track: Bone Dance,0,1
2026-09-01 20:05:34,Mas120,Music Track: Bone Dry,0,1
2026-09-01 20:05:34,Mas120,Music Track: Book of Spells,0,1
2026-09-01 20:05:34,Mas120,Music Track: Borderland,0,1
2026-09-01 20:05:34,Mas120,Music Track: Boss Moosic,0,0
2026-09-01 20:05:34,Mas120,Music Track: Box of Delights,0,0
2026-09-01 20:05:34,Mas120,Music Track: Brain Battle,0,1
2026-09-01 20:05:34,Mas120,Music Track: Breeze,0,1
2026-09-01 20:05:34,Mas120,Music Track: Brew Hoo Hoo!,0,0
2026-09-01 20:05:34,Mas120,Music Track: The Bridge,0,0
2026-09-01 20:05:34,Mas120,Music Track: Brimstail's Scales,0,0
2026-09-01 20:05:34,Mas120,Music Track: Bubble and Squeak,0,0
2026-09-01 20:05:34,Mas120,Music Track: Bunny's Sugar Rush,0,0
2026-09-01 20:05:34,Mas120,Music Track: Burning Desire,0,1
2026-09-01 20:05:34,Mas120,Music Track: The Burning Sun,0,1
2026-09-01 20:05:34,Mas120,Music Track: Business as Unusual,0,0
2026-09-01 20:05:34,Mas120,Music Track: Cabin Fever,0,1
2026-09-01 20:05:34,Mas120,Music Track: Cain's Tutorial,0,1
2026-09-01 20:05:34,Mas120,Music Track: Call of the Tlati,0,1
2026-09-01 20:05:34,Mas120,Music Track: Camelot,0,1
2026-09-01 20:05:34,Mas120,Music Track: Cannonballin',0,0
2026-09-01 20:05:34,Mas120,Music Track: Castle Drakan,0,0
2026-09-01 20:05:34,Mas120,Music Track: Castle Wars,0,0
2026-09-01 20:05:34,Mas120,Music Track: Catacombs and Tombs,0,0
2026-09-01 20:05:34,Mas120,Music Track: Catch Me If You Can,0,0
2026-09-01 20:05:34,Mas120,Music Track: Cave Background,0,1
2026-09-01 20:05:34,Mas120,Music Track: Cave of Beasts,0,1
2026-09-01 20:05:34,Mas120,Music Track: Cave of the Goblins,0,1
2026-09-01 20:05:34,Mas120,Music Track: Cavern,0,1
2026-09-01 20:05:34,Mas120,Music Track: The Cellar Dwellers,0,1
2026-09-01 20:05:34,Mas120,Music Track: Cellar Song,0,0
2026-09-01 20:05:34,Mas120,Music Track: Chain of Command,0,1
2026-09-01 20:05:34,Mas120,Music Track: Chamber,0,1
2026-09-01 20:05:34,Mas120,Music Track: Chef Surprise,0,1
2026-09-01 20:05:34,Mas120,Music Track: Chickened Out,0,0
2026-09-01 20:05:34,Mas120,Music Track: Children of the Sun,0,1
2026-09-01 20:05:34,Mas120,Music Track: Chompy Hunt,0,1
2026-09-01 20:05:34,Mas120,Music Track: The Chosen,0,1
2026-09-01 20:05:34,Mas120,Music Track: The City of Sun,0,1
2026-09-01 20:05:34,Mas120,Music Track: City of the Dead,0,1
2026-09-01 20:05:34,Mas120,Music Track: Clan Wars,0,0
2026-09-01 20:05:34,Mas120,Music Track: Clanliness,0,0
2026-09-01 20:05:34,Mas120,Music Track: Claustrophobia,0,0
2026-09-01 20:05:34,Mas120,Music Track: Close Quarters,0,1
2026-09-01 20:05:34,Mas120,Music Track: Coil,0,0
2026-09-01 20:05:34,Mas120,Music Track: Colossus of the Deep,0,0
2026-09-01 20:05:34,Mas120,Music Track: Competition,0,1
2026-09-01 20:05:34,Mas120,Music Track: Complication,0,1
2026-09-01 20:05:34,Mas120,Music Track: Confrontation,0,0
2026-09-01 20:05:34,Mas120,Music Track: The Consortium,0,1
2026-09-01 20:05:34,Mas120,Music Track: Conspiracy,0,0
2026-09-01 20:05:34,Mas120,Music Track: Contest,0,1
2026-09-01 20:05:34,Mas120,Music Track: Corporal Punishment,0,1
2026-09-01 20:05:34,Mas120,Music Track: Corridors of Power,0,0
2026-09-01 20:05:34,Mas120,Music Track: Country Jig,0,1
2026-09-01 20:05:34,Mas120,Music Track: Courage,0,1
2026-09-01 20:05:34,Mas120,Music Track: Crashing Waves,0,0
2026-09-01 20:05:34,Mas120,Music Track: Creature Cruelty,0,1
2026-09-01 20:05:34,Mas120,Music Track: Creatures of Varlamore,0,1
2026-09-01 20:05:34,Mas120,Music Track: Creeping Vines,0,1
2026-09-01 20:05:34,Mas120,Music Track: Crest of a Wave,0,1
2026-09-01 20:05:34,Mas120,Music Track: Crystal Castle,0,1
2026-09-01 20:05:34,Mas120,Music Track: Crystal Cave,0,1
2026-09-01 20:05:34,Mas120,Music Track: Crystal Sword,0,1
2026-09-01 20:05:34,Mas120,Music Track: Cursed,0,1
2026-09-01 20:05:34,Mas120,Music Track: The Curtain Closes,0,0
2026-09-01 20:05:34,Mas120,Music Track: Dagannoth Dawn,0,0
2026-09-01 20:05:34,Mas120,Music Track: Dance of Death,0,1
2026-09-01 20:05:34,Mas120,Music Track: Dance of the Meilyr,0,0
2026-09-01 20:05:34,Mas120,Music Track: Dance of the Nylocas,0,0
2026-09-01 20:05:34,Mas120,Music Track: Dance of the Undead,0,0
2026-09-01 20:05:34,Mas120,Music Track: Dangerous,0,1
2026-09-01 20:05:34,Mas120,Music Track: A Dangerous Game,0,0
2026-09-01 20:05:34,Mas120,Music Track: Dangerous Logic,0,0
2026-09-01 20:05:34,Mas120,Music Track: Dangerous Road,0,1
2026-09-01 20:05:34,Mas120,Music Track: Dangerous Way,0,0
2026-09-01 20:05:34,Mas120,Music Track: Dark,0,1
2026-09-01 20:05:34,Mas120,Music Track: The Dark Beast Sotetseg,0,0
2026-09-01 20:05:34,Mas120,Music Track: Darkly Altared,0,0
2026-09-01 20:05:34,Mas120,Music Track: Darkmeyer,0,0
2026-09-01 20:05:34,Mas120,Music Track: Darkness in the Depths,0,1
2026-09-01 20:05:34,Mas120,Music Track: Davy Jones' Locker,0,1
2026-09-01 20:05:34,Mas120,Music Track: Dawn,0,0
2026-09-01 20:05:34,Mas120,Music Track: Dead Can Dance,0,1
2026-09-01 20:05:34,Mas120,Music Track: Dead Quiet,0,1
2026-09-01 20:05:34,Mas120,Music Track: Deadlands,0,1
2026-09-01 20:05:34,Mas120,Music Track: Deep Down,0,1
2026-09-01 20:05:34,Mas120,Music Track: Deep Wildy,0,1
2026-09-01 20:05:34,Mas120,Music Track: Delrith,0,1
2026-09-01 20:05:34,Mas120,Music Track: The Depths,0,0
2026-09-01 20:05:34,Mas120,Music Track: Desert Heat,0,1
2026-09-01 20:05:34,Mas120,Music Track: Desert Voyage,0,1
2026-09-01 20:05:34,Mas120,Music Track: The Desert,0,1
2026-09-01 20:05:34,Mas120,Music Track: The Desolate Isle,0,0
2026-09-01 20:05:34,Mas120,Music Track: The Desolate Mage,0,0
2026-09-01 20:05:34,Mas120,Music Track: A Desolate Past,0,1
2026-09-01 20:05:34,Mas120,Music Track: Devils May Care,0,0
2026-09-01 20:05:34,Mas120,Music Track: Diango's Little Helpers,0,0
2026-09-01 20:05:34,Mas120,Music Track: Dies Irae,0,0
2026-09-01 20:05:34,Mas120,Music Track: Dimension X,0,0
2026-09-01 20:05:34,Mas120,Music Track: Distant Land,0,1
2026-09-01 20:05:34,Mas120,Music Track: Distillery Hilarity,0,0
2026-09-01 20:05:34,Mas120,Music Track: Dogfight,0,0
2026-09-01 20:05:34,Mas120,Music Track: Dogs of War,0,1
2026-09-01 20:05:34,Mas120,Music Track: Domain of the Vampyres,0,0
2026-09-01 20:05:34,Mas120,Music Track: Don't Panic Zanik,0,0
2026-09-01 20:05:34,Mas120,Music Track: The Doom,0,0
2026-09-01 20:05:34,Mas120,Music Track: The Doors of Dinh,0,0
2026-09-01 20:05:34,Mas120,Music Track: Doorways,0,1
2026-09-01 20:05:34,Mas120,Music Track: Dorgeshuun City,0,1
2026-09-01 20:05:34,Mas120,Music Track: Dorgeshuun Deep,0,0
2026-09-01 20:05:34,Mas120,Music Track: Dorgeshuun Treaty,0,1
2026-09-01 20:05:34,Mas120,Music Track: Dot's Yuletide,0,0
2026-09-01 20:05:34,Mas120,Music Track: Down Below,0,1
2026-09-01 20:05:34,Mas120,Music Track: Down and Out,0,0
2026-09-01 20:05:34,Mas120,Music Track: Down by the Docks,0,1
2026-09-01 20:05:34,Mas120,Music Track: Down to Earth,0,1
2026-09-01 20:05:34,Mas120,Music Track: The Dragon Slayer,0,0
2026-09-01 20:05:34,Mas120,Music Track: Dragontooth Island,0,1
2026-09-01 20:05:34,Mas120,Music Track: Dream,0,1
2026-09-01 20:05:34,Mas120,Music Track: The Dream Theatre,0,0
2026-09-01 20:05:34,Mas120,Music Track: Dreamstate,0,0
2026-09-01 20:05:34,Mas120,Music Track: Dunes of Eternity,0,0
2026-09-01 20:05:34,Mas120,Music Track: Dunjun,0,1
2026-09-01 20:05:34,Mas120,Music Track: Dusk in Yu'biusk,0,0
2026-09-01 20:05:34,Mas120,Music Track: Dwarf Theme,0,1
2026-09-01 20:05:34,Mas120,Music Track: Dwarven Domain,0,1
2026-09-01 20:05:34,Mas120,Music Track: Dynasty,0,1
2026-09-01 20:05:34,Mas120,Music Track: Eagles' Peak,0,1
2026-09-01 20:05:34,Mas120,Music Track: Easter Jig,0,0
2026-09-01 20:05:34,Mas120,Music Track: Echoes of the North,0,0
2026-09-01 20:05:34,Mas120,Music Track: Egypt,0,1
2026-09-01 20:05:34,Mas120,Music Track: Elder Wisdom,0,0
2026-09-01 20:05:34,Mas120,Music Track: Elven Guardians,0,0
2026-09-01 20:05:34,Mas120,Music Track: Elven Mist,0,1
2026-09-01 20:05:34,Mas120,Music Track: Elven Seed,0,0
2026-09-01 20:05:34,Mas120,Music Track: The Emir's Arena,0,1
2026-09-01 20:05:34,Mas120,Music Track: Emissaries of Twilight,0,1
2026-09-01 20:05:34,Mas120,Music Track: Emotion,0,1
2026-09-01 20:05:34,Mas120,Music Track: Emperor,0,1
2026-09-01 20:05:34,Mas120,Music Track: The Enchanter,0,0
2026-09-01 20:05:34,Mas120,Music Track: The Enclave,0,1
2026-09-01 20:05:34,Mas120,Music Track: Escape,0,1
2026-09-01 20:05:34,Mas120,Music Track: Espionage,0,0
2026-09-01 20:05:34,Mas120,Music Track: Etceteria,0,0
2026-09-01 20:05:34,Mas120,Music Track: The Eternal Waves,0,0
2026-09-01 20:05:34,Mas120,Music Track: Eve's Epinette,0,0
2026-09-01 20:05:34,Mas120,Music Track: Everlasting,0,0
2026-09-01 20:05:34,Mas120,Music Track: Everlasting Fire,0,1
2026-09-01 20:05:34,Mas120,Music Track: The Everlasting Slumber,0,0
2026-09-01 20:05:34,Mas120,Music Track: Everywhere,0,0
2026-09-01 20:05:34,Mas120,Music Track: Evil Bob's Island,0,1
2026-09-01 20:05:34,Mas120,Music Track: The Evil Within,0,0
2026-09-01 20:05:34,Mas120,Music Track: Expanse,0,1
2026-09-01 20:05:34,Mas120,Music Track: Expecting,0,1
2026-09-01 20:05:34,Mas120,Music Track: Expedition,0,1
2026-09-01 20:05:34,Mas120,Music Track: Exposed,0,1
2026-09-01 20:05:34,Mas120,Music Track: Eye See You,0,0
2026-09-01 20:05:34,Mas120,Music Track: Eye of the Storm,0,1
2026-09-01 20:05:34,Mas120,Music Track: Faerie,0,1
2026-09-01 20:05:34,Mas120,Music Track: The Fairy Dragon,0,1
2026-09-01 20:05:34,Mas120,Music Track: Faith of the Hefin,0,0
2026-09-01 20:05:34,Mas120,Music Track: Faithless,0,1
2026-09-01 20:05:34,Mas120,Music Track: The Fallen Empire,0,0
2026-09-01 20:05:34,Mas120,Music Track: Fanfare,0,1
2026-09-01 20:05:34,Mas120,Music Track: Fanfare 2,0,1
2026-09-01 20:05:34,Mas120,Music Track: Fanfare 3,0,1
2026-09-01 20:05:34,Mas120,Music Track: Fangs for the Memory,0,1
2026-09-01 20:05:34,Mas120,Music Track: Far Away,0,0
2026-09-01 20:05:34,Mas120,Music Track: The Far Side,0,1
2026-09-01 20:05:34,Mas120,Music Track: A Farmer's Grind,0,1
2026-09-01 20:05:34,Mas120,Music Track: The Fat Lady Sings,0,0
2026-09-01 20:05:34,Mas120,Music Track: Fe Fi Fo Fum,0,0
2026-09-01 20:05:34,Mas120,Music Track: Fear and Loathing,0,1
2026-09-01 20:05:34,Mas120,Music Track: The Feathered Serpent,0,0
2026-09-01 20:05:34,Mas120,Music Track: Fenkenstrain's Refrain,0,1
2026-09-01 20:05:34,Mas120,Music Track: A Festive Party,0,0
2026-09-01 20:05:34,Mas120,Music Track: Fight of the Basilisk,0,0
2026-09-01 20:05:34,Mas120,Music Track: Fight or Flight,0,0
2026-09-01 20:05:34,Mas120,Music Track: Find My Way,0,1
2026-09-01 20:05:34,Mas120,Music Track: Fire and Brimstone,0,1
2026-09-01 20:05:34,Mas120,Music Track: Fire in the Deep,0,0
2026-09-01 20:05:34,Mas120,Music Track: The Fires of Lletya,0,0
2026-09-01 20:05:34,Mas120,Music Track: Fishing,0,1
2026-09-01 20:05:34,Mas120,Music Track: Floating Free,0,1
2026-09-01 20:05:34,Mas120,Music Track: Flute Salad,0,1
2026-09-01 20:05:34,Mas120,Music Track: Food for Thought,0,1
2026-09-01 20:05:34,Mas120,Music Track: Forbidden,0,1
2026-09-01 20:05:34,Mas120,Music Track: Forest,0,1
2026-09-01 20:05:34,Mas120,Music Track: The Forests of Shayzien,0,1
2026-09-01 20:05:34,Mas120,Music Track: Forever,0,1
2026-09-01 20:05:34,Mas120,Music Track: Forgettable Melody,0,0
2026-09-01 20:05:34,Mas120,Music Track: Forgotten,0,1
2026-09-01 20:05:34,Mas120,Music Track: A Forgotten Religion,0,0
2026-09-01 20:05:34,Mas120,Music Track: The Forgotten Tomb,0,0
2026-09-01 20:05:34,Mas120,Music Track: The Forlorn Homestead,0,1
2026-09-01 20:05:34,Mas120,Music Track: The Forsaken Tower,0,0
2026-09-01 20:05:34,Mas120,Music Track: The Forsaken,0,0
2026-09-01 20:05:34,Mas120,Music Track: Fossilised,0,0
2026-09-01 20:05:34,Mas120,Music Track: The Foundry,0,1
2026-09-01 20:05:34,Mas120,Music Track: The Fragment,0,0
2026-09-01 20:05:34,Mas120,Music Track: The Fremennik Kings,0,0
2026-09-01 20:05:34,Mas120,Music Track: Frogland,0,1
2026-09-01 20:05:34,Mas120,Music Track: Frostbite,0,1
2026-09-01 20:05:34,Mas120,Music Track: Fruits de Mer,0,1
2026-09-01 20:05:34,Mas120,Music Track: Ful to the Brim,0,0
2026-09-01 20:05:34,Mas120,Music Track: Funny Bunnies,0,0
2026-09-01 20:05:34,Mas120,Music Track: The Galleon,0,0
2026-09-01 20:05:34,Mas120,Music Track: Gaol,0,1
2026-09-01 20:05:34,Mas120,Music Track: Garden,0,1
2026-09-01 20:05:34,Mas120,Music Track: Garden of Autumn,0,0
2026-09-01 20:05:34,Mas120,Music Track: Garden of Spring,0,0
2026-09-01 20:05:34,Mas120,Music Track: Garden of Summer,0,0
2026-09-01 20:05:34,Mas120,Music Track: Garden of Winter,0,0
2026-09-01 20:05:34,Mas120,Music Track: The Gates of Menaphos,0,0
2026-09-01 20:05:34,Mas120,Music Track: Gathering,0,0
2026-09-01 20:05:34,Mas120,Music Track: The Gauntlet,0,0
2026-09-01 20:05:34,Mas120,Music Track: The Genie,0,1
2026-09-01 20:05:34,Mas120,Music Track: Getting Down to Business,0,1
2026-09-01 20:05:34,Mas120,Music Track: Gill Bill,0,1
2026-09-01 20:05:34,Mas120,Music Track: Gnome King,0,1
2026-09-01 20:05:34,Mas120,Music Track: Gnome Village,0,1
2026-09-01 20:05:34,Mas120,Music Track: Gnome Village 2,0,1
2026-09-01 20:05:34,Mas120,Music Track: Gnome Village Party,0,1
2026-09-01 20:05:34,Mas120,Music Track: Gnomeball,0,1
2026-09-01 20:05:34,Mas120,Music Track: Goblin Game,0,1
2026-09-01 20:05:34,Mas120,Music Track: Goblin Village,0,1
2026-09-01 20:05:34,Mas120,Music Track: Golden Touch,0,0
2026-09-01 20:05:34,Mas120,Music Track: The Golem,0,1
2026-09-01 20:05:34,Mas120,Music Track: The Great North,0,0
2026-09-01 20:05:34,Mas120,Music Track: Greatness,0,1
2026-09-01 20:05:34,Mas120,Music Track: Grimly Fiendish,0,0
2026-09-01 20:05:34,Mas120,Music Track: Grip of the Talon,0,1
2026-09-01 20:05:34,Mas120,Music Track: Grotto,0,1
2026-09-01 20:05:34,Mas120,Music Track: Grow Grow Grow,0,1
2026-09-01 20:05:34,Mas120,Music Track: Grumpy,0,1
2026-09-01 20:05:34,Mas120,Music Track: The Guardian of Tapoyauik,0,1
2026-09-01 20:05:34,Mas120,Music Track: The Guardians Prepare,0,1
2026-09-01 20:05:34,Mas120,Music Track: Guardians of the Rift,0,1
2026-09-01 20:05:34,Mas120,Music Track: The Guidance of Ralos,0,1
2026-09-01 20:05:34,Mas120,Music Track: H.A.M. Attack,0,1
2026-09-01 20:05:34,Mas120,Music Track: H.A.M. Fisted,0,1
2026-09-01 20:05:34,Mas120,Music Track: H.A.M. and Seek,0,1
2026-09-01 20:05:34,Mas120,Music Track: Harmony,0,1
2026-09-01 20:05:34,Mas120,Music Track: Harmony 2,0,1
2026-09-01 20:05:34,Mas120,Music Track: Haunted Mine,0,1
2026-09-01 20:05:34,Mas120,Music Track: Have a Blast,0,1
2026-09-01 20:05:34,Mas120,Music Track: Have an Ice Day,0,0
2026-09-01 20:05:34,Mas120,Music Track: Head to Head,0,1
2026-09-01 20:05:34,Mas120,Music Track: Healin' Feelin',0,0
2026-09-01 20:05:34,Mas120,Music Track: Heart and Mind,0,0
2026-09-01 20:05:34,Mas120,Music Track: Heavy Security,0,0
2026-09-01 20:05:34,Mas120,Music Track: The Heist,0,0
2026-09-01 20:05:34,Mas120,Music Track: Hells Bells,0,1
2026-09-01 20:05:34,Mas120,Music Track: Hermit,0,1
2026-09-01 20:05:34,Mas120,Music Track: High Seas,0,1
2026-09-01 20:05:34,Mas120,Music Track: High Spirits,0,0
2026-09-01 20:05:34,Mas120,Music Track: His Faithful Servants,0,0
2026-09-01 20:05:34,Mas120,Music Track: Hoe Down,0,1
2026-09-01 20:05:34,Mas120,Music Track: Home,0,0
2026-09-01 20:05:34,Mas120,Music Track: Home Sweet Home,0,1
2026-09-01 20:05:34,Mas120,Music Track: Honkytonky Sea Shanty 2,0,0
2026-09-01 20:05:34,Mas120,Music Track: Horizon,0,1
2026-09-01 20:05:34,Mas120,Music Track: The Houses of Kourend,0,0
2026-09-01 20:05:34,Mas120,Music Track: Hunted,0,0
2026-09-01 20:05:34,Mas120,Music Track: Hypnotised,0,1
2026-09-01 20:05:34,Mas120,Music Track: I'm Sorry,0,0
2026-09-01 20:05:34,Mas120,Music Track: Iban,0,1
2026-09-01 20:05:34,Mas120,Music Track: Ice Melody,0,1
2026-09-01 20:05:34,Mas120,Music Track: Ice and Fire,0,0
2026-09-01 20:05:34,Mas120,Music Track: Illusive,0,0
2026-09-01 20:05:34,Mas120,Music Track: Impetuous,0,1
2026-09-01 20:05:34,Mas120,Music Track: Impulses,0,1
2026-09-01 20:05:34,Mas120,Music Track: In Between,0,0
2026-09-01 20:05:34,Mas120,Music Track: In the Brine,0,1
2026-09-01 20:05:34,Mas120,Music Track: In the Clink,0,1
2026-09-01 20:05:34,Mas120,Music Track: In the Manor,0,1
2026-09-01 20:05:34,Mas120,Music Track: In the Pits,0,1
2026-09-01 20:05:34,Mas120,Music Track: In the Shadows,0,0
2026-09-01 20:05:34,Mas120,Music Track: Inadequacy,0,0
2026-09-01 20:05:34,Mas120,Music Track: Incantation,0,1
2026-09-01 20:05:34,Mas120,Music Track: Incarceration,0,0
2026-09-01 20:05:34,Mas120,Music Track: Inferno,0,0
2026-09-01 20:05:34,Mas120,Music Track: Insect Queen,0,1
2026-09-01 20:05:34,Mas120,Music Track: Inspiration,0,1
2026-09-01 20:05:34,Mas120,Music Track: Into the Abyss,0,1
2026-09-01 20:05:34,Mas120,Music Track: Into the Blue,0,0
2026-09-01 20:05:34,Mas120,Music Track: Into the Tombs,0,0
2026-09-01 20:05:34,Mas120,Music Track: Intrepid,0,1
2026-09-01 20:05:34,Mas120,Music Track: Invader,0,0
2026-09-01 20:05:34,Mas120,Music Track: Iorwerth's Lament,0,0
2026-09-01 20:05:34,Mas120,Music Track: Island Life,0,1
2026-09-01 20:05:34,Mas120,Music Track: Island of the Trolls,0,0
2026-09-01 20:05:34,Mas120,Music Track: Isle of Everywhere,0,0
2026-09-01 20:05:34,Mas120,Music Track: Isle of Serenity,0,1
2026-09-01 20:05:34,Mas120,Music Track: It's not over 'til...,0,0
2026-09-01 20:05:34,Mas120,Music Track: Itsy Bitsy...,0,0
2026-09-01 20:05:34,Mas120,Music Track: Jaws of Gluttony,0,0
2026-09-01 20:05:34,Mas120,Music Track: Jaws of the Basilisk,0,0
2026-09-01 20:05:34,Mas120,Music Track: Jester Minute,0,0
2026-09-01 20:05:34,Mas120,Music Track: Jolly R,0,1
2026-09-01 20:05:34,Mas120,Music Track: Joy of the Hunt,0,1
2026-09-01 20:05:34,Mas120,Music Track: Judgement of the Depths,0,0
2026-09-01 20:05:34,Mas120,Music Track: Jungle Bells,0,0
2026-09-01 20:05:34,Mas120,Music Track: Jungle Hunt,0,1
2026-09-01 20:05:34,Mas120,Music Track: Jungle Island,0,1
2026-09-01 20:05:34,Mas120,Music Track: Jungle Island Xmas,0,0
2026-09-01 20:05:34,Mas120,Music Track: Jungle Troubles,0,1
2026-09-01 20:05:34,Mas120,Music Track: Jungly 1,0,1
2026-09-01 20:05:34,Mas120,Music Track: Jungly 2,0,1
2026-09-01 20:05:34,Mas120,Music Track: Jungly 3,0,1
2026-09-01 20:05:34,Mas120,Music Track: Kanon of Kahlith,0,0
2026-09-01 20:05:34,Mas120,Music Track: Karamja Jam,0,1
2026-09-01 20:05:34,Mas120,Music Track: The Kin,0,0
2026-09-01 20:05:34,Mas120,Music Track: King of the Trolls,0,0
2026-09-01 20:05:34,Mas120,Music Track: Kingdom,0,1
2026-09-01 20:05:34,Mas120,Music Track: Knightly,0,1
2026-09-01 20:05:34,Mas120,Music Track: Knightmare,0,1
2026-09-01 20:05:34,Mas120,Music Track: Kourend the Magnificent,0,1
2026-09-01 20:05:34,Mas120,Music Track: La Mort,0,0
2026-09-01 20:05:34,Mas120,Music Track: Labyrinth,0,0
2026-09-01 20:05:34,Mas120,Music Track: Lagoon,0,1
2026-09-01 20:05:34,Mas120,Music Track: Laid to Rest,0,0
2026-09-01 20:05:34,Mas120,Music Track: Lair,0,0
2026-09-01 20:05:34,Mas120,Music Track: Lair of the Basilisk,0,0
2026-09-01 20:05:34,Mas120,Music Track: Lament,0,0
2026-09-01 20:05:34,Mas120,Music Track: Lament for the Hallowed,0,0
2026-09-01 20:05:34,Mas120,Music Track: Lament of Meiyerditch,0,0
2026-09-01 20:05:34,Mas120,Music Track: Lamistard's Labyrinth,0,0
2026-09-01 20:05:34,Mas120,Music Track: Land Down Under,0,0
2026-09-01 20:05:34,Mas120,Music Track: Land of Snow,0,0
2026-09-01 20:05:34,Mas120,Music Track: Land of the Dwarves,0,1
2026-09-01 20:05:34,Mas120,Music Track: Landlubber,0,1
2026-09-01 20:05:34,Mas120,Music Track: Last King of the Yarasa,0,0
2026-09-01 20:05:34,Mas120,Music Track: Last Man Standing,0,1
2026-09-01 20:05:34,Mas120,Music Track: The Last Shanty,0,0
2026-09-01 20:05:34,Mas120,Music Track: Last Stand,0,0
2026-09-01 20:05:34,Mas120,Music Track: Lasting,0,1
2026-09-01 20:05:34,Mas120,Music Track: Lava is Mine,0,0
2026-09-01 20:05:34,Mas120,Music Track: Legend,0,1
2026-09-01 20:05:34,Mas120,Music Track: Legion,0,1
2026-09-01 20:05:34,Mas120,Music Track: Life at Sea,0,0
2026-09-01 20:05:34,Mas120,Music Track: Life's a Beach!,0,1
2026-09-01 20:05:34,Mas120,Music Track: Lighthouse,0,1
2026-09-01 20:05:34,Mas120,Music Track: Lightness,0,1
2026-09-01 20:05:34,Mas120,Music Track: Lightwalk,0,1
2026-09-01 20:05:34,Mas120,Music Track: Little Cave of Horrors,0,0
2026-09-01 20:05:34,Mas120,Music Track: Lonesome,0,1
2026-09-01 20:05:34,Mas120,Music Track: Long Ago,0,1
2026-09-01 20:05:34,Mas120,Music Track: Long Way Home,0,1
2026-09-01 20:05:34,Mas120,Music Track: The Longramble Scramble,0,0
2026-09-01 20:05:34,Mas120,Music Track: Look to the Stars,0,1
2026-09-01 20:05:34,Mas120,Music Track: Looking Back,0,1
2026-09-01 20:05:34,Mas120,Music Track: Lord of the Larvae,0,0
2026-09-01 20:05:34,Mas120,Music Track: Lore and Order,0,0
2026-09-01 20:05:34,Mas120,Music Track: The Lost Melody,0,1
2026-09-01 20:05:34,Mas120,Music Track: Lost Soul,0,1
2026-09-01 20:05:34,Mas120,Music Track: The Lost Tribe,0,1
2026-09-01 20:05:34,Mas120,Music Track: Lost to Time,0,1
2026-09-01 20:05:34,Mas120,Music Track: Lower Depths,0,0
2026-09-01 20:05:34,Mas120,Music Track: Lucid Dream,0,0
2026-09-01 20:05:34,Mas120,Music Track: Lucid Nightmare,0,0
2026-09-01 20:05:34,Mas120,Music Track: Lullaby,0,1
2026-09-01 20:05:34,Mas120,Music Track: Lumbering,0,0
2026-09-01 20:05:34,Mas120,Music Track: The Lunar Isle,0,0
2026-09-01 20:05:34,Mas120,Music Track: Lurking Threats,0,0
2026-09-01 20:05:34,Mas120,Music Track: Mad Eadgar,0,0
2026-09-01 20:05:34,Mas120,Music Track: The Mad Mole,0,0
2026-09-01 20:05:34,Mas120,Music Track: Mage Arena,0,1
2026-09-01 20:05:34,Mas120,Music Track: Magic Dance,0,1
2026-09-01 20:05:34,Mas120,Music Track: Magic Magic Magic,0,1
2026-09-01 20:05:34,Mas120,Music Track: Magical Journey,0,1
2026-09-01 20:05:34,Mas120,Music Track: The Maiden's Anger,0,0
2026-09-01 20:05:34,Mas120,Music Track: The Maiden's Sorrow,0,0
2026-09-01 20:05:34,Mas120,Music Track: Major Miner,0,0
2026-09-01 20:05:34,Mas120,Music Track: Making Waves,0,1
2026-09-01 20:05:34,Mas120,Music Track: Malady,0,1
2026-09-01 20:05:34,Mas120,Music Track: March,0,1
2026-09-01 20:05:34,Mas120,Music Track: March of the Shayzien,0,0
2026-09-01 20:05:34,Mas120,Music Track: Marooned,0,1
2026-09-01 20:05:34,Mas120,Music Track: Marzipan,0,1
2026-09-01 20:05:34,Mas120,Music Track: Masquerade,0,0
2026-09-01 20:05:34,Mas120,Music Track: Master of Puppets,0,0
2026-09-01 20:05:34,Mas120,Music Track: Mastermindless,0,1
2026-09-01 20:05:34,Mas120,Music Track: A Matter of Intrigue,0,1
2026-09-01 20:05:34,Mas120,Music Track: Mausoleum,0,1
2026-09-01 20:05:34,Mas120,Music Track: Maws Jaws & Claws,0,0
2026-09-01 20:05:34,Mas120,Music Track: The Maze,0,1
2026-09-01 20:05:34,Mas120,Music Track: Meddling Kids,0,0
2026-09-01 20:05:34,Mas120,Music Track: Medieval,0,1
2026-09-01 20:05:34,Mas120,Music Track: Mellow,0,1
2026-09-01 20:05:34,Mas120,Music Track: Melodrama,0,1
2026-09-01 20:05:34,Mas120,Music Track: Memories of the Myreque,0,0
2026-09-01 20:05:34,Mas120,Music Track: Meridian,0,1
2026-09-01 20:05:34,Mas120,Music Track: Method of Madness,0,1
2026-09-01 20:05:34,Mas120,Music Track: Miles Away,0,1
2026-09-01 20:05:34,Mas120,Music Track: Military Life,0,1
2026-09-01 20:05:34,Mas120,Music Track: The Militia,0,1
2026-09-01 20:05:34,Mas120,Music Track: Mind over Matter,0,0
2026-09-01 20:05:34,Mas120,Music Track: Miracle Dance,0,1
2026-09-01 20:05:34,Mas120,Music Track: Mirage,0,1
2026-09-01 20:05:34,Mas120,Music Track: Miscellania,0,1
2026-09-01 20:05:34,Mas120,Music Track: Mistrock,0,1
2026-09-01 20:05:34,Mas120,Music Track: The Mollusc Menace,0,1
2026-09-01 20:05:34,Mas120,Music Track: Monarch Waltz,0,1
2026-09-01 20:05:34,Mas120,Music Track: Monkey Badness,0,0
2026-09-01 20:05:34,Mas120,Music Track: Monkey Business,0,0
2026-09-01 20:05:34,Mas120,Music Track: Monkey Madness,0,1
2026-09-01 20:05:34,Mas120,Music Track: Monkey Sadness,0,0
2026-09-01 20:05:34,Mas120,Music Track: Monkey Trouble,0,0
2026-09-01 20:05:34,Mas120,Music Track: Monster Melee,0,1
2026-09-01 20:05:34,Mas120,Music Track: The Monsters Below,0,0
2026-09-01 20:05:34,Mas120,Music Track: Moody,0,1
2026-09-01 20:05:34,Mas120,Music Track: The Moons of Ruin,0,1
2026-09-01 20:05:34,Mas120,Music Track: Mor Ul Rek,0,0
2026-09-01 20:05:34,Mas120,Music Track: More Than Meets the Eye,0,0
2026-09-01 20:05:34,Mas120,Music Track: Morytania,0,1
2026-09-01 20:05:34,Mas120,Music Track: Morytanian Mystery,0,0
2026-09-01 20:05:34,Mas120,Music Track: Mother Ruckus,0,0
2026-09-01 20:05:34,Mas120,Music Track: A Mother's Curse,0,0
2026-09-01 20:05:34,Mas120,Music Track: Mouse Trap,0,0
2026-09-01 20:05:34,Mas120,Music Track: Mudskipper Melody,0,1
2026-09-01 20:05:34,Mas120,Music Track: Museum Medley,0,0
2026-09-01 20:05:34,Mas120,Music Track: Mutant Medley,0,1
2026-09-01 20:05:34,Mas120,Music Track: My Arm's Journey,0,0
2026-09-01 20:05:34,Mas120,Music Track: Mysterious Lands,0,0
2026-09-01 20:05:34,Mas120,Music Track: Mystics of Nature,0,0
2026-09-01 20:05:34,Mas120,Music Track: Mythical,0,0
2026-09-01 20:05:34,Mas120,Music Track: Narnode's Theme,0,1
2026-09-01 20:05:34,Mas120,Music Track: Natural,0,1
2026-09-01 20:05:34,Mas120,Music Track: The Navigator,0,1
2026-09-01 20:05:34,Mas120,Music Track: Nether Realm,0,1
2026-09-01 20:05:34,Mas120,Music Track: Neverland,0,1
2026-09-01 20:05:34,Mas120,Music Track: Newbie Farming,0,1
2026-09-01 20:05:34,Mas120,Music Track: Newbie Melody,0,1
2026-09-01 20:05:34,Mas120,Music Track: Night of the Vampyre,0,0
2026-09-01 20:05:34,Mas120,Music Track: Nightfall,0,1
2026-09-01 20:05:34,Mas120,Music Track: The Nightmare Continues,0,0
2026-09-01 20:05:34,Mas120,Music Track: No Pasaran,0,0
2026-09-01 20:05:34,Mas120,Music Track: No Way Out,0,1
2026-09-01 20:05:34,Mas120,Music Track: The Noble Rodent,0,0
2026-09-01 20:05:34,Mas120,Music Track: Nomad,0,1
2026-09-01 20:05:34,Mas120,Music Track: Norse Code,0,0
2026-09-01 20:05:34,Mas120,Music Track: The North,0,0
2026-09-01 20:05:34,Mas120,Music Track: Not a Moment of Relief,0,1
2026-09-01 20:05:34,Mas120,Music Track: Nox Irae,0,0
2026-09-01 20:05:34,Mas120,Music Track: Noxious Awakening,0,0
2026-09-01 20:05:34,Mas120,Music Track: Null and Void,0,1
2026-09-01 20:05:34,Mas120,Music Track: Ocean Depths,0,0
2026-09-01 20:05:34,Mas120,Music Track: Ogre the Top,0,0
2026-09-01 20:05:34,Mas120,Music Track: Oh Rats!,0,1
2026-09-01 20:05:34,Mas120,Music Track: The Old Ones,0,1
2026-09-01 20:05:34,Mas120,Music Track: On Thin Ice,0,0
2026-09-01 20:05:34,Mas120,Music Track: On the Frontline,0,0
2026-09-01 20:05:34,Mas120,Music Track: On the Shore,0,1
2026-09-01 20:05:34,Mas120,Music Track: On the Up,0,0
2026-09-01 20:05:34,Mas120,Music Track: On the Wing,0,1
2026-09-01 20:05:34,Mas120,Music Track: Oncoming Foe,0,0
2026-09-01 20:05:34,Mas120,Music Track: Organ Music 1,0,1
2026-09-01 20:05:34,Mas120,Music Track: Organ Music 2,0,1
2026-09-01 20:05:34,Mas120,Music Track: Oriental,0,1
2026-09-01 20:05:34,Mas120,Music Track: The Other Side,0,1
2026-09-01 20:05:34,Mas120,Music Track: Out at the Mines,0,0
2026-09-01 20:05:34,Mas120,Music Track: Out of the Deep,0,1
2026-09-01 20:05:34,Mas120,Music Track: Over the Horizon,0,0
2026-09-01 20:05:34,Mas120,Music Track: Over the Mountains,0,0
2026-09-01 20:05:34,Mas120,Music Track: Over to Nardah,0,1
2026-09-01 20:05:34,Mas120,Music Track: Overpass,0,1
2026-09-01 20:05:34,Mas120,Music Track: Overture,0,1
2026-09-01 20:05:34,Mas120,Music Track: Parade,0,1
2026-09-01 20:05:34,Mas120,Music Track: The Part Where You Die,0,0
2026-09-01 20:05:34,Mas120,Music Track: Path of Peril,0,1
2026-09-01 20:05:34,Mas120,Music Track: Pathways,0,1
2026-09-01 20:05:34,Mas120,Music Track: Peace and Prosperity,0,1
2026-09-01 20:05:34,Mas120,Music Track: The Penguin Bards,0,0
2026-09-01 20:05:34,Mas120,Music Track: Penguin Plots,0,0
2026-09-01 20:05:34,Mas120,Music Track: Pest Control,0,0
2026-09-01 20:05:34,Mas120,Music Track: Pharaoh's Tomb,0,1
2026-09-01 20:05:34,Mas120,Music Track: The Pharaoh,0,0
2026-09-01 20:05:34,Mas120,Music Track: Phasmatys,0,1
2026-09-01 20:05:34,Mas120,Music Track: Pheasant Peasant,0,1
2026-09-01 20:05:34,Mas120,Music Track: Pick & Shovel,0,1
2026-09-01 20:05:34,Mas120,Music Track: Pinball Wizard,0,1
2026-09-01 20:05:34,Mas120,Music Track: Pirates of Penance,0,1
2026-09-01 20:05:34,Mas120,Music Track: Pirates of Peril,0,1
2026-09-01 20:05:34,Mas120,Music Track: Plots and Plans,0,1
2026-09-01 20:05:34,Mas120,Music Track: The Plundered Tomb,0,0
2026-09-01 20:05:34,Mas120,Music Track: Poles Apart,0,1
2026-09-01 20:05:34,Mas120,Music Track: The Power of Tears,0,1
2026-09-01 20:05:34,Mas120,Music Track: Power of the Shadow Realm,0,0
2026-09-01 20:05:34,Mas120,Music Track: Predator Xarpus,0,0
2026-09-01 20:05:34,Mas120,Music Track: Preservation,0,1
2026-09-01 20:05:34,Mas120,Music Track: Preserved,0,1
2026-09-01 20:05:34,Mas120,Music Track: Prey,0,0
2026-09-01 20:05:34,Mas120,Music Track: Prime Time,0,1
2026-09-01 20:05:34,Mas120,Music Track: Principality,0,1
2026-09-01 20:05:34,Mas120,Music Track: Prison Break,0,0
2026-09-01 20:05:34,Mas120,Music Track: Prospering Fortune,0,1
2026-09-01 20:05:34,Mas120,Music Track: Quest,0,1
2026-09-01 20:05:34,Mas120,Music Track: The Quizmaster,0,1
2026-09-01 20:05:34,Mas120,Music Track: Race Against the Clock,0,0
2026-09-01 20:05:34,Mas120,Music Track: Rat Hunt,0,0
2026-09-01 20:05:34,Mas120,Music Track: Rat a Tat Tat,0,0
2026-09-01 20:05:34,Mas120,Music Track: Ready for Battle,0,0
2026-09-01 20:05:34,Mas120,Music Track: Ready for the Hunt,0,1
2026-09-01 20:05:34,Mas120,Music Track: Regal,0,1
2026-09-01 20:05:34,Mas120,Music Track: Regal Pomp,0,0
2026-09-01 20:05:34,Mas120,Music Track: Reggae,0,1
2026-09-01 20:05:34,Mas120,Music Track: Reggae 2,0,1
2026-09-01 20:05:34,Mas120,Music Track: Reign of the Basilisk,0,0
2026-09-01 20:05:34,Mas120,Music Track: Relics,0,0
2026-09-01 20:05:34,Mas120,Music Track: Rellekka,0,1
2026-09-01 20:05:34,Mas120,Music Track: Remnants,0,0
2026-09-01 20:05:34,Mas120,Music Track: Remote Waters,0,0
2026-09-01 20:05:34,Mas120,Music Track: Rest in Peace,0,1
2026-09-01 20:05:34,Mas120,Music Track: Revenants,0,0
2026-09-01 20:05:34,Mas120,Music Track: Rhapsody,0,0
2026-09-01 20:05:34,Mas120,Music Track: Right on Track,0,0
2026-09-01 20:05:34,Mas120,Music Track: Righteousness,0,0
2026-09-01 20:05:34,Mas120,Music Track: Rising Damp,0,0
2026-09-01 20:05:34,Mas120,Music Track: The Rising Sun,0,1
2026-09-01 20:05:34,Mas120,Music Track: Riverside,0,1
2026-09-01 20:05:34,Mas120,Music Track: Roc and Roll,0,0
2026-09-01 20:05:34,Mas120,Music Track: The Rogues' Den,0,1
2026-09-01 20:05:34,Mas120,Music Track: Roll the Bones,0,0
2026-09-01 20:05:34,Mas120,Music Track: Romancing the Crone,0,1
2026-09-01 20:05:34,Mas120,Music Track: Romper Chomper,0,1
2026-09-01 20:05:34,Mas120,Music Track: Roots and Flutes,0,0
2026-09-01 20:05:34,Mas120,Music Track: Rose,0,0
2026-09-01 20:05:34,Mas120,Music Track: The Route of All Evil,0,0
2026-09-01 20:05:34,Mas120,Music Track: The Route of the Problem,0,0
2026-09-01 20:05:34,Mas120,Music Track: Royale,0,1
2026-09-01 20:05:34,Mas120,Music Track: Rugged Terrain,0,1
2026-09-01 20:05:34,Mas120,Music Track: The Ruins of Camdozaal,0,1
2026-09-01 20:05:34,Mas120,Music Track: Ruins of Isolation,0,0
2026-09-01 20:05:34,Mas120,Music Track: Rune Essence,0,1
2026-09-01 20:05:34,Mas120,Music Track: Sad Meadow,0,1
2026-09-01 20:05:34,Mas120,Music Track: Safety in Numbers,0,1
2026-09-01 20:05:34,Mas120,Music Track: Saga,0,1
2026-09-01 20:05:34,Mas120,Music Track: A Sailor's Dream,0,0
2026-09-01 20:05:34,Mas120,Music Track: Sands of Time,0,0
2026-09-01 20:05:34,Mas120,Music Track: Sarachnis,0,0
2026-09-01 20:05:34,Mas120,Music Track: Sarcophagus,0,1
2026-09-01 20:05:34,Mas120,Music Track: Sarim's Vermin,0,0
2026-09-01 20:05:34,Mas120,Music Track: Scape Ape,0,1
2026-09-01 20:05:34,Mas120,Music Track: Scape Cave,0,1
2026-09-01 20:05:34,Mas120,Music Track: Scape Crystal,0,1
2026-09-01 20:05:34,Mas120,Music Track: Scape Five,0,1
2026-09-01 20:05:34,Mas120,Music Track: Scape Ground,0,1
2026-09-01 20:05:34,Mas120,Music Track: Scape Home,0,1
2026-09-01 20:05:34,Mas120,Music Track: Scape Hunter,0,1
2026-09-01 20:05:34,Mas120,Music Track: Scape Main,0,1
2026-09-01 20:05:34,Mas120,Music Track: Scape Original,0,1
2026-09-01 20:05:34,Mas120,Music Track: Scape Sad,0,1
2026-09-01 20:05:34,Mas120,Music Track: Scape Sail,0,1
2026-09-01 20:05:34,Mas120,Music Track: Scape Santa,0,1
2026-09-01 20:05:34,Mas120,Music Track: Scape Scared,0,1
2026-09-01 20:05:34,Mas120,Music Track: Scape Soft,0,1
2026-09-01 20:05:34,Mas120,Music Track: Scape Wild,0,1
2026-09-01 20:05:34,Mas120,Music Track: Scar Tissue,0,0
2026-09-01 20:05:34,Mas120,Music Track: Scarab,0,1
2026-09-01 20:05:34,Mas120,Music Track: School's Out,0,1
2026-09-01 20:05:34,Mas120,Music Track: Scorching Horizon,0,1
2026-09-01 20:05:34,Mas120,Music Track: Scorpia Dances,0,0
2026-09-01 20:05:34,Mas120,Music Track: Scrubfoot's Descent,0,0
2026-09-01 20:05:34,Mas120,Music Track: Sea Minor Shanty,0,0
2026-09-01 20:05:34,Mas120,Music Track: Sea Shanty,0,1
2026-09-01 20:05:34,Mas120,Music Track: Sea Shanty 2,0,1
2026-09-01 20:05:34,Mas120,Music Track: Sea Shanty Xmas,0,0
2026-09-01 20:05:34,Mas120,Music Track: Secrets of the North,0,0
2026-09-01 20:05:34,Mas120,Music Track: The Seed of Crwys,0,0
2026-09-01 20:05:34,Mas120,Music Track: Serenade,0,1
2026-09-01 20:05:34,Mas120,Music Track: Serene,0,1
2026-09-01 20:05:34,Mas120,Music Track: Servants of Strife,0,0
2026-09-01 20:05:34,Mas120,Music Track: Set Sail,0,0
2026-09-01 20:05:34,Mas120,Music Track: The Setting Sun,0,1
2026-09-01 20:05:34,Mas120,Music Track: Settlement,0,1
2026-09-01 20:05:34,Mas120,Music Track: Shadow of the Ocean,0,0
2026-09-01 20:05:34,Mas120,Music Track: The Shadow,0,1
2026-09-01 20:05:34,Mas120,Music Track: Shadowland,0,1
2026-09-01 20:05:34,Mas120,Music Track: Sharp End of the Crystal,0,0
2026-09-01 20:05:34,Mas120,Music Track: Shattered Relics,0,1
2026-09-01 20:05:34,Mas120,Music Track: Shine,0,0
2026-09-01 20:05:34,Mas120,Music Track: Shining,0,1
2026-09-01 20:05:34,Mas120,Music Track: Shining Spirit,0,0
2026-09-01 20:05:34,Mas120,Music Track: Shipwrecked,0,1
2026-09-01 20:05:34,Mas120,Music Track: Showdown,0,1
2026-09-01 20:05:34,Mas120,Music Track: Sigmund's Showdown,0,1
2026-09-01 20:05:34,Mas120,Music Track: Sign Here,0,0
2026-09-01 20:05:34,Mas120,Music Track: The Sinclairs,0,0
2026-09-01 20:05:34,Mas120,Music Track: The Slayer,0,0
2026-09-01 20:05:34,Mas120,Music Track: Slice of Silent Movie,0,1
2026-09-01 20:05:34,Mas120,Music Track: Slice of Station,0,1
2026-09-01 20:05:34,Mas120,Music Track: Slither and Thither,0,0
2026-09-01 20:05:34,Mas120,Music Track: Slug a Bug Ball,0,1
2026-09-01 20:05:34,Mas120,Music Track: Snowflake & My Arm,0,0
2026-09-01 20:05:34,Mas120,Music Track: Sojourn,0,1
2026-09-01 20:05:34,Mas120,Music Track: Solitude,0,0
2026-09-01 20:05:34,Mas120,Music Track: Song of the Elves,0,0
2026-09-01 20:05:34,Mas120,Music Track: Song of the Silent Choir,0,0
2026-09-01 20:05:34,Mas120,Music Track: Sorceress's Garden,0,0
2026-09-01 20:05:34,Mas120,Music Track: Soul Fall,0,0
2026-09-01 20:05:34,Mas120,Music Track: Soul Wars,0,0
2026-09-01 20:05:34,Mas120,Music Track: The Sound of Guthix,0,0
2026-09-01 20:05:34,Mas120,Music Track: Soundscape,0,1
2026-09-01 20:05:34,Mas120,Music Track: Sphinx,0,1
2026-09-01 20:05:34,Mas120,Music Track: Spirit,0,1
2026-09-01 20:05:34,Mas120,Music Track: Spirit of the Forest,0,1
2026-09-01 20:05:34,Mas120,Music Track: Spiritbloom,0,1
2026-09-01 20:05:34,Mas120,Music Track: Spirits of the Elid,0,1
2026-09-01 20:05:34,Mas120,Music Track: Splendour,0,1
2026-09-01 20:05:34,Mas120,Music Track: Spooky,0,1
2026-09-01 20:05:34,Mas120,Music Track: Spooky 2,0,1
2026-09-01 20:05:34,Mas120,Music Track: Spooky Jungle,0,1
2026-09-01 20:05:34,Mas120,Music Track: The Spurned Demon,0,0
2026-09-01 20:05:34,Mas120,Music Track: The Spymaster,0,0
2026-09-01 20:05:34,Mas120,Music Track: Stagnant,0,1
2026-09-01 20:05:34,Mas120,Music Track: Stalkers,0,0
2026-09-01 20:05:34,Mas120,Music Track: Stand Up and Be Counted,0,0
2026-09-01 20:05:34,Mas120,Music Track: Starlight,0,1
2026-09-01 20:05:34,Mas120,Music Track: Start,0,1
2026-09-01 20:05:34,Mas120,Music Track: Still Night,0,1
2026-09-01 20:05:34,Mas120,Music Track: Stillness,0,1
2026-09-01 20:05:34,Mas120,Music Track: Stones of Old,0,1
2026-09-01 20:05:34,Mas120,Music Track: Storeroom Shuffle,0,0
2026-09-01 20:05:34,Mas120,Music Track: Storm Brew,0,0
2026-09-01 20:05:34,Mas120,Music Track: Stranded,0,1
2026-09-01 20:05:34,Mas120,Music Track: Strange Place,0,0
2026-09-01 20:05:34,Mas120,Music Track: Strangled,0,0
2026-09-01 20:05:34,Mas120,Music Track: Stratosphere,0,0
2026-09-01 20:05:34,Mas120,Music Track: Strength of Saradomin,0,0
2026-09-01 20:05:34,Mas120,Music Track: Stuck in the Mire,0,1
2026-09-01 20:05:34,Mas120,Music Track: Subterranea,0,1
2026-09-01 20:05:34,Mas120,Music Track: Sunburn,0,1
2026-09-01 20:05:34,Mas120,Music Track: Sunny Side Up,0,0
2026-09-01 20:05:34,Mas120,Music Track: Superstition,0,1
2026-09-01 20:05:34,Mas120,Music Track: Surok's Theme,0,0
2026-09-01 20:05:34,Mas120,Music Track: Suspicious,0,1
2026-09-01 20:05:34,Mas120,Music Track: Tale of Keldagrim,0,1
2026-09-01 20:05:34,Mas120,Music Track: The Talkasti People,0,1
2026-09-01 20:05:34,Mas120,Music Track: Talking Forest,0,1
2026-09-01 20:05:34,Mas120,Music Track: Tarn Razorlor,0,1
2026-09-01 20:05:34,Mas120,Music Track: A Taste of Hope,0,0
2026-09-01 20:05:34,Mas120,Music Track: Tears of Guthix,0,1
2026-09-01 20:05:34,Mas120,Music Track: Technology,0,1
2026-09-01 20:05:34,Mas120,Music Track: Teklan,0,1
2026-09-01 20:05:34,Mas120,Music Track: Tempest,0,0
2026-09-01 20:05:34,Mas120,Music Track: Temple,0,1
2026-09-01 20:05:34,Mas120,Music Track: Temple Desecrated,0,0
2026-09-01 20:05:34,Mas120,Music Track: Temple of Light,0,0
2026-09-01 20:05:34,Mas120,Music Track: Temple of Tribes,0,0
2026-09-01 20:05:34,Mas120,Music Track: Temple of the Eye,0,1
2026-09-01 20:05:34,Mas120,Music Track: Tempor of the Storm,0,1
2026-09-01 20:05:34,Mas120,Music Track: The Terrible Caverns,0,0
2026-09-01 20:05:34,Mas120,Music Track: The Terrible Tower,0,0
2026-09-01 20:05:34,Mas120,Music Track: The Terrible Tunnels,0,0
2026-09-01 20:05:34,Mas120,Music Track: Terrorbird Tussle,0,0
2026-09-01 20:05:34,Mas120,Music Track: Test Your Sails,0,0
2026-09-01 20:05:34,Mas120,Music Track: Test of Companionship,0,0
2026-09-01 20:05:34,Mas120,Music Track: Test of Isolation,0,0
2026-09-01 20:05:34,Mas120,Music Track: Test of Resourcefulness,0,0
2026-09-01 20:05:34,Mas120,Music Track: Test of Strength,0,0
2026-09-01 20:05:34,Mas120,Music Track: That Sullen Hall,0,0
2026-09-01 20:05:34,Mas120,Music Track: Theme,0,1
2026-09-01 20:05:34,Mas120,Music Track: A Thorn in My Side,0,1
2026-09-01 20:05:34,Mas120,Music Track: Thrall of the Devourer,0,0
2026-09-01 20:05:34,Mas120,Music Track: Thrall of the Serpent,0,1
2026-09-01 20:05:34,Mas120,Music Track: Throne of the Demon,0,1
2026-09-01 20:05:34,Mas120,Music Track: Tick Tock,0,0
2026-09-01 20:05:34,Mas120,Music Track: Time Out,0,1
2026-09-01 20:05:34,Mas120,Music Track: Time to Mine,0,1
2026-09-01 20:05:34,Mas120,Music Track: Tiptoe,0,1
2026-09-01 20:05:34,Mas120,Music Track: Title Fight,0,0
2026-09-01 20:05:34,Mas120,Music Track: Tomb Raider,0,1
2026-09-01 20:05:34,Mas120,Music Track: Tomorrow,0,1
2026-09-01 20:05:34,Mas120,Music Track: Too Many Cooks...,0,1
2026-09-01 20:05:34,Mas120,Music Track: The Tortugan Way,0,0
2026-09-01 20:05:34,Mas120,Music Track: The Tower of Voices,0,0
2026-09-01 20:05:34,Mas120,Music Track: The Tower,0,1
2026-09-01 20:05:34,Mas120,Music Track: The Trade Parade,0,1
2026-09-01 20:05:34,Mas120,Music Track: Trahaearn Toil,0,0
2026-09-01 20:05:34,Mas120,Music Track: Tranquillity,0,0
2026-09-01 20:05:34,Mas120,Music Track: Trawler,0,1
2026-09-01 20:05:34,Mas120,Music Track: Trawler Minor,0,1
2026-09-01 20:05:34,Mas120,Music Track: Tree Spirits,0,1
2026-09-01 20:05:34,Mas120,Music Track: Tremble,0,1
2026-09-01 20:05:34,Mas120,Music Track: Tribal,0,1
2026-09-01 20:05:34,Mas120,Music Track: Tribal 2,0,1
2026-09-01 20:05:34,Mas120,Music Track: Tribal Background,0,1
2026-09-01 20:05:34,Mas120,Music Track: Trinity,0,1
2026-09-01 20:05:34,Mas120,Music Track: Troll Shuffle,0,0
2026-09-01 20:05:34,Mas120,Music Track: Trouble Brewing,0,0
2026-09-01 20:05:34,Mas120,Music Track: Troubled,0,1
2026-09-01 20:05:34,Mas120,Music Track: Troubled Waters,0,0
2026-09-01 20:05:34,Mas120,Music Track: Truth,0,1
2026-09-01 20:05:34,Mas120,Music Track: Twilight,0,1
2026-09-01 20:05:34,Mas120,Music Track: TzHaar!,0,0
2026-09-01 20:05:34,Mas120,Music Track: Undead Army,0,0
2026-09-01 20:05:34,Mas120,Music Track: Undead Dungeon,0,1
2026-09-01 20:05:34,Mas120,Music Track: Under the Mountain,0,1
2026-09-01 20:05:34,Mas120,Music Track: Undercurrent,0,1
2026-09-01 20:05:34,Mas120,Music Track: Underground,0,1
2026-09-01 20:05:34,Mas120,Music Track: Underground Pass,0,1
2026-09-01 20:05:34,Mas120,Music Track: Understanding,0,0
2026-09-01 20:05:34,Mas120,Music Track: The Undying Light,0,1
2026-09-01 20:05:34,Mas120,Music Track: Unknown Land,0,1
2026-09-01 20:05:34,Mas120,Music Track: Untouchable,0,0
2026-09-01 20:05:34,Mas120,Music Track: Unturned Stones,0,0
2026-09-01 20:05:34,Mas120,Music Track: Upcoming,0,1
2026-09-01 20:05:34,Mas120,Music Track: Upir Likhyi,0,0
2026-09-01 20:05:34,Mas120,Music Track: Upper Depths,0,0
2026-09-01 20:05:34,Mas120,Music Track: Vampyre Assault,0,1
2026-09-01 20:05:34,Mas120,Music Track: Vanescula,0,0
2026-09-01 20:05:34,Mas120,Music Track: Varlamore's Sunset,0,0
2026-09-01 20:05:34,Mas120,Music Track: The Vault,0,0
2026-09-01 20:05:34,Mas120,Music Track: Venomous,0,1
2026-09-01 20:05:34,Mas120,Music Track: Venture,0,1
2026-09-01 20:05:34,Mas120,Music Track: Venture 2,0,1
2026-09-01 20:05:34,Mas120,Music Track: Victory is Mine,0,0
2026-09-01 20:05:34,Mas120,Music Track: Village,0,1
2026-09-01 20:05:34,Mas120,Music Track: Vision,0,1
2026-09-01 20:05:34,Mas120,Music Track: Volcanic Vikings,0,0
2026-09-01 20:05:34,Mas120,Music Track: Voodoo Cult,0,1
2026-09-01 20:05:34,Mas120,Music Track: Voyage,0,1
2026-09-01 20:05:34,Mas120,Music Track: The Waiting Game,0,0
2026-09-01 20:05:34,Mas120,Music Track: Waking Dream,0,0
2026-09-01 20:05:34,Mas120,Music Track: A Walk in the Woods,0,1
2026-09-01 20:05:34,Mas120,Music Track: The Walking Dead,0,0
2026-09-01 20:05:34,Mas120,Music Track: Wally the Hero,0,1
2026-09-01 20:05:34,Mas120,Music Track: Wander,0,1
2026-09-01 20:05:34,Mas120,Music Track: Warpath,0,0
2026-09-01 20:05:34,Mas120,Music Track: Warrior,0,1
2026-09-01 20:05:34,Mas120,Music Track: Warriors' Guild,0,1
2026-09-01 20:05:34,Mas120,Music Track: Waste Defaced,0,0
2026-09-01 20:05:34,Mas120,Music Track: Watch Your Step,0,0
2026-09-01 20:05:34,Mas120,Music Track: Waterfall,0,1
2026-09-01 20:05:34,Mas120,Music Track: Waterlogged,0,1
2026-09-01 20:05:34,Mas120,Music Track: Way of the Enchanter,0,0
2026-09-01 20:05:34,Mas120,Music Track: Way of the Wyrm,0,0
2026-09-01 20:05:34,Mas120,Music Track: Wayward,0,1
2026-09-01 20:05:34,Mas120,Music Track: We are the Fairies,0,1
2026-09-01 20:05:34,Mas120,Music Track: Welcome to my Nightmare,0,0
2026-09-01 20:05:34,Mas120,Music Track: Welcome to the Theatre,0,0
2026-09-01 20:05:34,Mas120,Music Track: Well Hallowed Air,0,0
2026-09-01 20:05:34,Mas120,Music Track: Well of Voyage,0,1
2026-09-01 20:05:34,Mas120,Music Track: The Western Seas,0,0
2026-09-01 20:05:34,Mas120,Music Track: What Happens Below...,0,1
2026-09-01 20:05:34,Mas120,Music Track: What the Shell!,0,0
2026-09-01 20:05:34,Mas120,Music Track: Where Eagles Lair,0,1
2026-09-01 20:05:34,Mas120,Music Track: Whispering Wind,0,1
2026-09-01 20:05:34,Mas120,Music Track: Wild Isle,0,1
2026-09-01 20:05:34,Mas120,Music Track: Wild Side,0,1
2026-09-01 20:05:34,Mas120,Music Track: Wilderness,0,1
2026-09-01 20:05:34,Mas120,Music Track: Wilderness 2,0,1
2026-09-01 20:05:34,Mas120,Music Track: Wilderness 3,0,1
2026-09-01 20:05:34,Mas120,Music Track: Wildwood,0,1
2026-09-01 20:05:34,Mas120,Music Track: Winter Funfair,0,0
2026-09-01 20:05:34,Mas120,Music Track: Witching,0,1
2026-09-01 20:05:34,Mas120,Music Track: Woe of the Wyvern,0,0
2026-09-01 20:05:34,Mas120,Music Track: Wonder,0,1
2026-09-01 20:05:34,Mas120,Music Track: Wonderous,0,1
2026-09-01 20:05:34,Mas120,Music Track: Woodland,0,1
2026-09-01 20:05:34,Mas120,Music Track: Work Work Work,0,1
2026-09-01 20:05:34,Mas120,Music Track: Workshop,0,1
2026-09-01 20:05:34,Mas120,Music Track: A Worthy Foe,0,0
2026-09-01 20:05:34,Mas120,Music Track: Wrath and Ruin,0,1
2026-09-01 20:05:34,Mas120,Music Track: Xenophobe,0,0
2026-09-01 20:05:34,Mas120,Music Track: Yesteryear,0,1
2026-09-01 20:05:34,Mas120,Music Track: Yo Ho Ho!,0,0
2026-09-01 20:05:34,Mas120,Music Track: You Have My Attention,0,0
2026-09-01 20:05:34,Mas120,Music Track: Zamorak Zoo,0,0
2026-09-01 20:05:34,Mas120,Music Track: Zanik's Theme,0,0
2026-09-01 20:05:34,Mas120,Music Track: Zaros Zeitgeist,0,0
2026-09-01 20:05:34,Mas120,Music Track: Zealot,0,1
2026-09-01 20:05:34,Mas120,Music Track: Zogre Dance,0,1
2026-09-01 20:05:34,Mas120,Music Track: Zombie Invasion,0,0
2026-09-01 20:05:34,Mas120,Music Track: Zombiism,0,1
2026-09-01 20:05:34,Phome1,Quest: A Kingdom Divided,0,2
2026-09-01 20:05:34,Phome1,Quest: A Night at the Theatre,0,0
2026-09-01 20:05:34,Phome1,Quest: A Porcine of Interest,0,2
2026-09-01 20:05:34,Phome1,Quest: A Soul's Bane,0,2
2026-09-01 20:05:34,Phome1,Quest: A Tail of Two Cats,0,0
2026-09-01 20:05:34,Phome1,Quest: A Taste of Hope,0,2
2026-09-01 20:05:34,Phome1,Quest: Alfred Grimhand's Barcrawl,0,2
2026-09-01 20:05:34,Phome1,Quest: Animal Magnetism,0,2
2026-09-01 20:05:34,Phome1,Quest: Another Slice of H.A.M.,0,2
2026-09-01 20:05:34,Phome1,Quest: At First Light,0,0
2026-09-01 20:05:34,Phome1,Quest: Barbarian Training,0,1
2026-09-01 20:05:34,Phome1,Quest: Bear Your Soul,0,0
2026-09-01 20:05:34,Phome1,Quest: Below Ice Mountain,0,2
2026-09-01 20:05:34,Phome1,Quest: Beneath Cursed Sands,0,0
2026-09-01 20:05:34,Phome1,Quest: Between a Rock...,0,2
2026-09-01 20:05:34,Phome1,Quest: Bone Voyage,0,2
2026-09-01 20:05:34,Phome1,Quest: Children of the Sun,0,2
2026-09-01 20:05:34,Phome1,Quest: Client of Kourend,0,2
2026-09-01 20:05:34,Phome1,Quest: Cold War,0,0
2026-09-01 20:05:34,Phome1,Quest: Contact!,0,0
2026-09-01 20:05:34,Phome1,Quest: Creature of Fenkenstrain,0,2
2026-09-01 20:05:34,Phome1,Quest: Current Affairs,0,2
2026-09-01 20:05:34,Phome1,Quest: Curse of the Empty Lord,0,0
2026-09-01 20:05:34,Phome1,Quest: Daddy's Home,0,2
2026-09-01 20:05:34,Phome1,Quest: Darkness of Hallowvale,0,2
2026-09-01 20:05:34,Phome1,Quest: Death on the Isle,0,2
2026-09-01 20:05:34,Phome1,Quest: Death to the Dorgeshuun,0,2
2026-09-01 20:05:34,Phome1,Quest: Defender of Varrock,0,0
2026-09-01 20:05:34,Phome1,Quest: Demon Slayer,0,2
2026-09-01 20:05:34,Phome1,Quest: Desert Treasure I,0,2
2026-09-01 20:05:34,Phome1,Quest: Desert Treasure II - The Fallen Empire,0,0
2026-09-01 20:05:34,Phome1,Quest: Devious Minds,0,0
2026-09-01 20:05:34,Phome1,Quest: Dragon Slayer II,0,0
2026-09-01 20:05:34,Phome1,Quest: Dream Mentor,0,0
2026-09-01 20:05:34,Phome1,Quest: Eagles' Peak,0,0
2026-09-01 20:05:34,Phome1,Quest: Elemental Workshop I,0,2
2026-09-01 20:05:34,Phome1,Quest: Elemental Workshop II,0,2
2026-09-01 20:05:34,Phome1,Quest: Enakhra's Lament,0,0
2026-09-01 20:05:34,Phome1,Quest: Enlightened Journey,0,2
2026-09-01 20:05:34,Phome1,Quest: Ethically Acquired Antiquities,0,2
2026-09-01 20:05:34,Phome1,Quest: Fairytale I - Growing Pains,0,2
2026-09-01 20:05:34,Phome1,Quest: Fairytale II - Cure a Queen,0,1
2026-09-01 20:05:34,Phome1,Quest: Family Pest,0,0
2026-09-01 20:05:34,Phome1,Quest: Forgettable Tale...,0,2
2026-09-01 20:05:34,Phome1,Quest: Garden of Tranquillity,0,2
2026-09-01 20:05:34,Phome1,Quest: Getting Ahead,0,0
2026-09-01 20:05:34,Phome1,Quest: Ghosts Ahoy,0,2
2026-09-01 20:05:34,Phome1,Quest: Goblin Diplomacy,0,2
2026-09-01 20:05:34,Phome1,Quest: Grim Tales,0,0
2026-09-01 20:05:34,Phome1,Quest: His Faithful Servants,0,2
2026-09-01 20:05:34,Phome1,Quest: Hopespear's Will,0,0
2026-09-01 20:05:34,Phome1,Quest: Horror from the Deep,0,2
2026-09-01 20:05:34,Phome1,Quest: Icthlarin's Little Helper,0,2
2026-09-01 20:05:34,Phome1,Quest: In Aid of the Myreque,0,2
2026-09-01 20:05:34,Phome1,Quest: In Search of Knowledge,0,0
2026-09-01 20:05:34,Phome1,Quest: Into the Tombs,0,0
2026-09-01 20:05:34,Phome1,Quest: King's Ransom,0,2
2026-09-01 20:05:34,Phome1,Quest: Lair of Tarn Razorlor,0,2
2026-09-01 20:05:34,Phome1,Quest: Land of the Goblins,0,0
2026-09-01 20:05:34,Phome1,Quest: Lunar Diplomacy,0,2
2026-09-01 20:05:34,Phome1,Quest: Mage Arena II,0,0
2026-09-01 20:05:34,Phome1,Quest: Making Friends with My Arm,0,0
2026-09-01 20:05:34,Phome1,Quest: Making History,0,2
2026-09-01 20:05:34,Phome1,Quest: Meat and Greet,0,0
2026-09-01 20:05:34,Phome1,Quest: Misthalin Mystery,0,2
2026-09-01 20:05:34,Phome1,Quest: Monkey Madness II,0,0
2026-09-01 20:05:34,Phome1,Quest: Mountain Daughter,0,2
2026-09-01 20:05:34,Phome1,Quest: Mourning's End Part II,0,2
2026-09-01 20:05:34,Phome1,Quest: My Arm's Big Adventure,0,0
2026-09-01 20:05:34,Phome1,Quest: Olaf's Quest,0,0
2026-09-01 20:05:34,Phome1,Quest: Pandemonium,0,2
2026-09-01 20:05:34,Phome1,Quest: Perilous Moons,0,2
2026-09-01 20:05:34,Phome1,Quest: Prying Times,0,2
2026-09-01 20:05:34,Phome1,Quest: Ratcatchers,0,2
2026-09-01 20:05:34,Phome1,Quest: Recipe for Disaster,0,2
2026-09-01 20:05:34,Phome1,Quest: Recipe for Disaster - Another Cook's Quest,0,2
2026-09-01 20:05:34,Phome1,Quest: Recipe for Disaster - Culinaromancer,0,2
2026-09-01 20:05:34,Phome1,Quest: Recipe for Disaster - Evil Dave,0,2
2026-09-01 20:05:34,Phome1,Quest: Recipe for Disaster - King Awowogei,0,2
2026-09-01 20:05:34,Phome1,Quest: Recipe for Disaster - Lumbridge Guide,0,2
2026-09-01 20:05:34,Phome1,Quest: Recipe for Disaster - Mountain Dwarf,0,2
2026-09-01 20:05:34,Phome1,Quest: Recipe for Disaster - Pirate Pete,0,2
2026-09-01 20:05:34,Phome1,Quest: Recipe for Disaster - Sir Amik Varze,0,2
2026-09-01 20:05:34,Phome1,Quest: Recipe for Disaster - Skrach Uglogwee,0,2
2026-09-01 20:05:34,Phome1,Quest: Recipe for Disaster - Wartface & Bentnoze,0,2
2026-09-01 20:05:34,Phome1,Quest: Recruitment Drive,0,2
2026-09-01 20:05:34,Phome1,Quest: Royal Trouble,0,2
2026-09-01 20:05:34,Phome1,Quest: Scrambled!,0,0
2026-09-01 20:05:34,Phome1,Quest: Secrets of the North,0,0
2026-09-01 20:05:34,Phome1,Quest: Shadow of the Storm,0,2
2026-09-01 20:05:34,Phome1,Quest: Shadows of Custodia,0,0
2026-09-01 20:05:34,Phome1,Quest: Shield of Arrav,0,2
2026-09-01 20:05:34,Phome1,Quest: Sins of the Father,0,2
2026-09-01 20:05:34,Phome1,Quest: Skippy and the Mogres,0,2
2026-09-01 20:05:34,Phome1,Quest: Sleeping Giants,0,2
2026-09-01 20:05:34,Phome1,Quest: Song of the Elves,0,0
2026-09-01 20:05:34,Phome1,Quest: Spirits of the Elid,0,0
2026-09-01 20:05:34,Phome1,Quest: Swan Song,0,0
2026-09-01 20:05:34,Phome1,Quest: Tale of the Righteous,0,2
2026-09-01 20:05:34,Phome1,Quest: Tears of Guthix,0,2
2026-09-01 20:05:34,Phome1,Quest: Temple of the Eye,0,2
2026-09-01 20:05:34,Phome1,Quest: The Ascent of Arceuus,0,2
2026-09-01 20:05:34,Phome1,Quest: The Blood Moon Rises,0,0
2026-09-01 20:05:34,Phome1,Quest: The Corsair Curse,0,0
2026-09-01 20:05:34,Phome1,Quest: The Curse of Arrav,0,0
2026-09-01 20:05:34,Phome1,Quest: The Depths of Despair,0,2
2026-09-01 20:05:34,Phome1,Quest: The Enchanted Key,0,1
2026-09-01 20:05:34,Phome1,Quest: The Eyes of Glouphrie,0,0
2026-09-01 20:05:34,Phome1,Quest: The Feud,0,2
2026-09-01 20:05:34,Phome1,Quest: The Final Dawn,0,2
2026-09-01 20:05:34,Phome1,Quest: The Forsaken Tower,0,2
2026-09-01 20:05:34,Phome1,Quest: The Fremennik Exiles,0,0
2026-09-01 20:05:34,Phome1,Quest: The Fremennik Isles,0,2
2026-09-01 20:05:34,Phome1,Quest: The Frozen Door,0,1
2026-09-01 20:05:34,Phome1,Quest: The Garden of Death,0,2
2026-09-01 20:05:34,Phome1,Quest: The General's Shadow,0,0
2026-09-01 20:05:34,Phome1,Quest: The Giant Dwarf,0,2
2026-09-01 20:05:34,Phome1,Quest: The Golem,0,2
2026-09-01 20:05:34,Phome1,Quest: The Hand in the Sand,0,2
2026-09-01 20:05:34,Phome1,Quest: The Heart of Darkness,0,2
2026-09-01 20:05:34,Phome1,Quest: The Ides of Milk,0,2
2026-09-01 20:05:34,Phome1,Quest: The Lost Tribe,0,2
2026-09-01 20:05:34,Phome1,Quest: The Path of Glouphrie,0,0
2026-09-01 20:05:34,Phome1,Quest: The Queen of Thieves,0,2
2026-09-01 20:05:34,Phome1,Quest: The Red Reef,0,0
2026-09-01 20:05:34,Phome1,Quest: The Ribbiting Tale of a Lily Pad Labour Dispute,0,2
2026-09-01 20:05:34,Phome1,Quest: The Slug Menace,0,0
2026-09-01 20:05:34,Phome1,Quest: Tower of Life,0,2
2026-09-01 20:05:34,Phome1,Quest: Troubled Tortugans,0,0
2026-09-01 20:05:34,Phome1,Quest: Twilight's Promise,0,2
2026-09-01 20:05:34,Phome1,Quest: Vale Totems,0,2
2026-09-01 20:05:34,Phome1,Quest: Wanted!,0,2
2026-09-01 20:05:34,Phome1,Quest: What Lies Below,0,0
2026-09-01 20:05:34,Phome1,Quest: While Guthix Sleeps,0,0
2026-09-01 20:05:34,Phome1,Quest: X Marks the Spot,0,2
2026-09-01 20:05:34,Phome1,Quest: Zogre Flesh Eaters,0,2
2026-09-01 20:05:34,Phome1,Quest: Big Chompy Bird Hunting,0,2
2026-09-01 20:05:34,Phome1,Quest: Biohazard,0,2
2026-09-01 20:05:34,Phome1,Quest: Black Knights' Fortress,0,2
2026-09-01 20:05:34,Phome1,Quest: Cabin Fever,0,2
2026-09-01 20:05:34,Phome1,Quest: Clock Tower,0,2
2026-09-01 20:05:34,Phome1,Quest: Cook's Assistant,0,2
2026-09-01 20:05:34,Phome1,Quest: Death Plateau,0,2
2026-09-01 20:05:34,Phome1,Quest: Doric's Quest,0,2
2026-09-01 20:05:34,Phome1,Quest: Dragon Slayer I,0,2
2026-09-01 20:05:34,Phome1,Quest: Druidic Ritual,0,2
2026-09-01 20:05:34,Phome1,Quest: Dwarf Cannon,0,2
2026-09-01 20:05:34,Phome1,Quest: Eadgar's Ruse,0,2
2026-09-01 20:05:34,Phome1,Quest: Enter the Abyss,0,2
2026-09-01 20:05:34,Phome1,Quest: Ernest the Chicken,0,2
2026-09-01 20:05:34,Phome1,Quest: Family Crest,0,2
2026-09-01 20:05:34,Phome1,Quest: Fight Arena,0,2
2026-09-01 20:05:34,Phome1,Quest: Fishing Contest,0,2
2026-09-01 20:05:34,Phome1,Quest: Gertrude's Cat,0,2
2026-09-01 20:05:34,Phome1,Quest: Haunted Mine,0,2
2026-09-01 20:05:34,Phome1,Quest: Hazeel Cult,0,2
2026-09-01 20:05:34,Phome1,Quest: Heroes' Quest,0,2
2026-09-01 20:05:34,Phome1,Quest: Holy Grail,0,2
2026-09-01 20:05:34,Phome1,Quest: Imp Catcher,0,2
2026-09-01 20:05:34,Phome1,Quest: In Search of the Myreque,0,2
2026-09-01 20:05:34,Phome1,Quest: Jungle Potion,0,2
2026-09-01 20:05:34,Phome1,Quest: Learning the Ropes,0,2
2026-09-01 20:05:34,Phome1,Quest: Legends' Quest,0,2
2026-09-01 20:05:34,Phome1,Quest: Lost City,0,2
2026-09-01 20:05:34,Phome1,Quest: Mage Arena I,0,0
2026-09-01 20:05:34,Phome1,Quest: Merlin's Crystal,0,2
2026-09-01 20:05:34,Phome1,Quest: Monk's Friend,0,2
2026-09-01 20:05:34,Phome1,Quest: Monkey Madness I,0,2
2026-09-01 20:05:34,Phome1,Quest: Mourning's End Part I,0,2
2026-09-01 20:05:34,Phome1,Quest: Murder Mystery,0,2
2026-09-01 20:05:34,Phome1,Quest: Nature Spirit,0,2
2026-09-01 20:05:34,Phome1,Quest: Observatory Quest,0,2
2026-09-01 20:05:34,Phome1,Quest: One Small Favour,0,2
2026-09-01 20:05:34,Phome1,Quest: Pirate's Treasure,0,2
2026-09-01 20:05:34,Phome1,Quest: Plague City,0,2
2026-09-01 20:05:34,Phome1,Quest: Priest in Peril,0,2
2026-09-01 20:05:34,Phome1,Quest: Prince Ali Rescue,0,0
2026-09-01 20:05:34,Phome1,Quest: Rag and Bone Man I,0,2
2026-09-01 20:05:34,Phome1,Quest: Rag and Bone Man II,0,1
2026-09-01 20:05:34,Phome1,Quest: Regicide,0,2
2026-09-01 20:05:34,Phome1,Quest: Romeo & Juliet,0,2
2026-09-01 20:05:34,Phome1,Quest: Roving Elves,0,2
2026-09-01 20:05:34,Phome1,Quest: Rum Deal,0,2
2026-09-01 20:05:34,Phome1,Quest: Rune Mysteries,0,2
2026-09-01 20:05:34,Phome1,Quest: Scorpion Catcher,0,2
2026-09-01 20:05:34,Phome1,Quest: Sea Slug,0,2
2026-09-01 20:05:34,Phome1,Quest: Shades of Mort'ton,0,2
2026-09-01 20:05:34,Phome1,Quest: Sheep Herder,0,2
2026-09-01 20:05:34,Phome1,Quest: Sheep Shearer,0,2
2026-09-01 20:05:34,Phome1,Quest: Shilo Village,0,2
2026-09-01 20:05:34,Phome1,Quest: Tai Bwo Wannai Trio,0,2
2026-09-01 20:05:34,Phome1,Quest: Temple of Ikov,0,2
2026-09-01 20:05:34,Phome1,Quest: The Dig Site,0,2
2026-09-01 20:05:34,Phome1,Quest: The Fremennik Trials,0,2
2026-09-01 20:05:34,Phome1,Quest: The Grand Tree,0,2
2026-09-01 20:05:34,Phome1,Quest: The Great Brain Robbery,0,2
2026-09-01 20:05:34,Phome1,Quest: The Knight's Sword,0,2
2026-09-01 20:05:34,Phome1,Quest: The Restless Ghost,0,2
2026-09-01 20:05:34,Phome1,Quest: The Tourist Trap,0,2
2026-09-01 20:05:34,Phome1,Quest: Throne of Miscellania,0,2
2026-09-01 20:05:34,Phome1,Quest: Tree Gnome Village,0,2
2026-09-01 20:05:34,Phome1,Quest: Tribal Totem,0,2
2026-09-01 20:05:34,Phome1,Quest: Troll Romance,0,2
2026-09-01 20:05:34,Phome1,Quest: Troll Stronghold,0,2
2026-09-01 20:05:34,Phome1,Quest: Underground Pass,0,2
2026-09-01 20:05:34,Phome1,Quest: Vampyre Slayer,0,2
2026-09-01 20:05:34,Phome1,Quest: Watchtower,0,2
2026-09-01 20:05:34,Phome1,Quest: Waterfall Quest,0,2
2026-09-01 20:05:34,Phome1,Quest: Witch's House,0,2
2026-09-01 20:05:34,Phome1,Quest: Witch's Potion,0,2
2026-09-01 20:05:34,Phome1,Diary: Ardougne (Easy),0,1
2026-09-01 20:05:34,Phome1,Diary: Ardougne (Elite),0,0
2026-09-01 20:05:34,Phome1,Diary: Ardougne (Hard),0,0
2026-09-01 20:05:34,Phome1,Diary: Ardougne (Medium),0,1
2026-09-01 20:05:34,Phome1,Diary: Desert (Easy),0,1
2026-09-01 20:05:34,Phome1,Diary: Desert (Elite),0,0
2026-09-01 20:05:34,Phome1,Diary: Desert (Hard),0,0
2026-09-01 20:05:34,Phome1,Diary: Desert (Medium),0,0
2026-09-01 20:05:34,Phome1,Diary: Falador (Easy),0,1
2026-09-01 20:05:34,Phome1,Diary: Falador (Elite),0,0
2026-09-01 20:05:34,Phome1,Diary: Falador (Hard),0,0
2026-09-01 20:05:34,Phome1,Diary: Falador (Medium),0,1
2026-09-01 20:05:34,Phome1,Diary: Fremennik (Easy),0,1
2026-09-01 20:05:34,Phome1,Diary: Fremennik (Elite),0,0
2026-09-01 20:05:34,Phome1,Diary: Fremennik (Hard),0,0
2026-09-01 20:05:34,Phome1,Diary: Fremennik (Medium),0,0
2026-09-01 20:05:34,Phome1,Diary: Kandarin (Easy),0,1
2026-09-01 20:05:34,Phome1,Diary: Kandarin (Elite),0,0
2026-09-01 20:05:34,Phome1,Diary: Kandarin (Hard),0,0
2026-09-01 20:05:34,Phome1,Diary: Kandarin (Medium),0,1
2026-09-01 20:05:34,Phome1,Diary: Karamja (Easy),0,1
2026-09-01 20:05:34,Phome1,Diary: Karamja (Elite),0,0
2026-09-01 20:05:34,Phome1,Diary: Karamja (Hard),0,0
2026-09-01 20:05:34,Phome1,Diary: Karamja (Medium),0,0
2026-09-01 20:05:34,Phome1,Diary: Kourend & Kebos (Easy),0,1
2026-09-01 20:05:34,Phome1,Diary: Kourend & Kebos (Elite),0,0
2026-09-01 20:05:34,Phome1,Diary: Kourend & Kebos (Hard),0,0
2026-09-01 20:05:34,Phome1,Diary: Kourend & Kebos (Medium),0,0
2026-09-01 20:05:34,Phome1,Diary: Lumbridge & Draynor (Easy),0,1
2026-09-01 20:05:34,Phome1,Diary: Lumbridge & Draynor (Elite),0,0
2026-09-01 20:05:34,Phome1,Diary: Lumbridge & Draynor (Hard),0,0
2026-09-01 20:05:34,Phome1,Diary: Lumbridge & Draynor (Medium),0,1
2026-09-01 20:05:34,Phome1,Diary: Morytania (Easy),0,1
2026-09-01 20:05:34,Phome1,Diary: Morytania (Elite),0,0
2026-09-01 20:05:34,Phome1,Diary: Morytania (Hard),0,1
2026-09-01 20:05:34,Phome1,Diary: Morytania (Medium),0,1
2026-09-01 20:05:34,Phome1,Diary: Varrock (Easy),0,1
2026-09-01 20:05:34,Phome1,Diary: Varrock (Elite),0,0
2026-09-01 20:05:34,Phome1,Diary: Varrock (Hard),0,0
2026-09-01 20:05:34,Phome1,Diary: Varrock (Medium),0,1
2026-09-01 20:05:34,Phome1,Diary: Western Provinces (Easy),0,1
2026-09-01 20:05:34,Phome1,Diary: Western Provinces (Elite),0,0
2026-09-01 20:05:34,Phome1,Diary: Western Provinces (Hard),0,0
2026-09-01 20:05:34,Phome1,Diary: Western Provinces (Medium),0,1
2026-09-01 20:05:34,Phome1,Diary: Wilderness (Easy),0,1
2026-09-01 20:05:34,Phome1,Diary: Wilderness (Elite),0,0
2026-09-01 20:05:34,Phome1,Diary: Wilderness (Hard),0,0
2026-09-01 20:05:34,Phome1,Diary: Wilderness (Medium),0,1
2026-09-01 20:05:34,Phome1,Combat Achievement: 24,0,1
2026-09-01 20:05:34,Phome1,Combat Achievement: 25,0,1
2026-09-01 20:05:34,Phome1,Combat Achievement: 28,0,1
2026-09-01 20:05:34,Phome1,Combat Achievement: 30,0,1
2026-09-01 20:05:34,Phome1,Combat Achievement: 32,0,1
2026-09-01 20:05:34,Phome1,Combat Achievement: 33,0,1
2026-09-01 20:05:34,Phome1,Combat Achievement: 76,0,1
2026-09-01 20:05:34,Phome1,Combat Achievement: 78,0,1
2026-09-01 20:05:34,Phome1,Combat Achievement: 79,0,1
2026-09-01 20:05:34,Phome1,Combat Achievement: 80,0,1
2026-09-01 20:05:34,Phome1,Combat Achievement: 120,0,1
2026-09-01 20:05:34,Phome1,Combat Achievement: 123,0,1
2026-09-01 20:05:34,Phome1,Combat Achievement: 124,0,1
2026-09-01 20:05:34,Phome1,Combat Achievement: 125,0,1
2026-09-01 20:05:34,Phome1,Combat Achievement: 126,0,1
2026-09-01 20:05:34,Phome1,Combat Achievement: 279,0,1
2026-09-01 20:05:34,Phome1,Combat Achievement: 280,0,1
2026-09-01 20:05:34,Phome1,Combat Achievement: 281,0,1
2026-09-01 20:05:34,Phome1,Combat Achievement: 282,0,1
2026-09-01 20:05:34,Phome1,Combat Achievement: 283,0,1
2026-09-01 20:05:34,Phome1,Combat Achievement: 284,0,1
2026-09-01 20:05:34,Phome1,Combat Achievement: 285,0,1
2026-09-01 20:05:34,Phome1,Combat Achievement: 353,0,1
2026-09-01 20:05:34,Phome1,Combat Achievement: 354,0,1
2026-09-01 20:05:34,Phome1,Combat Achievement: 356,0,1
2026-09-01 20:05:34,Phome1,Combat Achievement: 357,0,1
2026-09-01 20:05:34,Phome1,Combat Achievement: 359,0,1
2026-09-01 20:05:34,Phome1,Combat Achievement: 521,0,1
2026-09-01 20:05:34,Phome1,Combat Achievement: 522,0,1
2026-09-01 20:05:34,Phome1,Combat Achievement: 523,0,1
2026-09-01 20:05:34,Phome1,Combat Achievement: 524,0,1
2026-09-01 20:05:34,Phome1,Combat Achievement: 632,0,1
2026-09-01 20:05:34,Phome1,Combat Achievement: 633,0,1
2026-09-01 20:05:34,Phome1,Music Track: 7th Realm,0,0
2026-09-01 20:05:34,Phome1,Music Track: Adventure,0,1
2026-09-01 20:05:34,Phome1,Music Track: Al Kharid,0,1
2026-09-01 20:05:34,Phome1,Music Track: Alchemical Attack!,0,0
2026-09-01 20:05:34,Phome1,Music Track: All Aboard,0,1
2026-09-01 20:05:34,Phome1,Music Track: All the Trimmings,0,0
2026-09-01 20:05:34,Phome1,Music Track: All's Fairy in Love & War,0,0
2026-09-01 20:05:34,Phome1,Music Track: Alone,0,1
2026-09-01 20:05:34,Phome1,Music Track: Altar Ego,0,1
2026-09-01 20:05:34,Phome1,Music Track: Alternative Root,0,0
2026-09-01 20:05:34,Phome1,Music Track: Amascut's Promise,0,0
2026-09-01 20:05:34,Phome1,Music Track: Ambient Jungle,0,1
2026-09-01 20:05:34,Phome1,Music Track: The Ancient Prison,0,0
2026-09-01 20:05:34,Phome1,Music Track: The Angel's Fury,0,0
2026-09-01 20:05:34,Phome1,Music Track: Anywhere,0,1
2026-09-01 20:05:34,Phome1,Music Track: Ape-ex Predator,0,0
2026-09-01 20:05:34,Phome1,Music Track: Arabian,0,1
2026-09-01 20:05:34,Phome1,Music Track: Arabian 2,0,1
2026-09-01 20:05:34,Phome1,Music Track: Arabian 3,0,1
2026-09-01 20:05:34,Phome1,Music Track: Arabique,0,1
2026-09-01 20:05:34,Phome1,Music Track: Arachnids of Vampyrium,0,0
2026-09-01 20:05:34,Phome1,Music Track: Arboretum,0,1
2026-09-01 20:05:34,Phome1,Music Track: Arcane,0,1
2026-09-01 20:05:34,Phome1,Music Track: Architects of Prifddinas,0,0
2026-09-01 20:05:34,Phome1,Music Track: Are You Not Entertained?,0,0
2026-09-01 20:05:34,Phome1,Music Track: Armadyl Alliance,0,0
2026-09-01 20:05:34,Phome1,Music Track: Armageddon,0,1
2026-09-01 20:05:34,Phome1,Music Track: Army of Darkness,0,1
2026-09-01 20:05:34,Phome1,Music Track: Arrival,0,1
2026-09-01 20:05:34,Phome1,Music Track: Artistry,0,1
2026-09-01 20:05:34,Phome1,Music Track: Ascent,0,1
2026-09-01 20:05:34,Phome1,Music Track: Assault and Battery,0,1
2026-09-01 20:05:34,Phome1,Music Track: Attack 1,0,1
2026-09-01 20:05:34,Phome1,Music Track: Attack 2,0,1
2026-09-01 20:05:34,Phome1,Music Track: Attack 3,0,1
2026-09-01 20:05:34,Phome1,Music Track: Attack 4,0,1
2026-09-01 20:05:34,Phome1,Music Track: Attack 5,0,1
2026-09-01 20:05:34,Phome1,Music Track: Attack 6,0,1
2026-09-01 20:05:34,Phome1,Music Track: Attention,0,1
2026-09-01 20:05:34,Phome1,Music Track: Autumn Voyage,0,1
2026-09-01 20:05:34,Phome1,Music Track: Awful Anthem,0,1
2026-09-01 20:05:34,Phome1,Music Track: Aye Car Rum Ba,0,1
2026-09-01 20:05:34,Phome1,Music Track: Aztec,0,0
2026-09-01 20:05:34,Phome1,Music Track: Back to Life,0,0
2026-09-01 20:05:34,Phome1,Music Track: Background,0,1
2026-09-01 20:05:34,Phome1,Music Track: Bait,0,1
2026-09-01 20:05:34,Phome1,Music Track: Ballad of Enchantment,0,1
2026-09-01 20:05:34,Phome1,Music Track: Ballad of the Basilisk,0,0
2026-09-01 20:05:34,Phome1,Music Track: Bandit Camp,0,1
2026-09-01 20:05:34,Phome1,Music Track: Bandos Battalion,0,0
2026-09-01 20:05:34,Phome1,Music Track: Bane,0,0
2026-09-01 20:05:34,Phome1,Music Track: The Bane of Ashihama,0,0
2026-09-01 20:05:34,Phome1,Music Track: Barb Wire,0,1
2026-09-01 20:05:34,Phome1,Music Track: Barbarian Workout,0,1
2026-09-01 20:05:34,Phome1,Music Track: Barbarianism,0,1
2026-09-01 20:05:34,Phome1,Music Track: Barking Mad,0,0
2026-09-01 20:05:34,Phome1,Music Track: Baroque,0,1
2026-09-01 20:05:34,Phome1,Music Track: Barren Land,0,0
2026-09-01 20:05:34,Phome1,Music Track: Beetle Juice,0,0
2026-09-01 20:05:34,Phome1,Music Track: Below the Conch,0,0
2026-09-01 20:05:34,Phome1,Music Track: Beneath Cursed Sands,0,0
2026-09-01 20:05:34,Phome1,Music Track: Beneath the Kingdom,0,1
2026-09-01 20:05:34,Phome1,Music Track: Beneath the Stronghold,0,1
2026-09-01 20:05:34,Phome1,Music Track: Beyond,0,1
2026-09-01 20:05:34,Phome1,Music Track: Beyond the Meadow,0,1
2026-09-01 20:05:34,Phome1,Music Track: Big Chords,0,1
2026-09-01 20:05:34,Phome1,Music Track: Black of Knight,0,0
2026-09-01 20:05:34,Phome1,Music Track: Blistering Barnacles,0,1
2026-09-01 20:05:34,Phome1,Music Track: The Blood Moon Rises,0,0
2026-09-01 20:05:34,Phome1,Music Track: Blood Rush,0,0
2026-09-01 20:05:34,Phome1,Music Track: Bloodbath,0,1
2026-09-01 20:05:34,Phome1,Music Track: Boat 'Em Up,0,0
2026-09-01 20:05:34,Phome1,Music Track: Bob's on Holiday,0,0
2026-09-01 20:05:34,Phome1,Music Track: Body Parts,0,1
2026-09-01 20:05:34,Phome1,Music Track: Bolrie's Diary,0,0
2026-09-01 20:05:34,Phome1,Music Track: Bone Dance,0,1
2026-09-01 20:05:34,Phome1,Music Track: Bone Dry,0,1
2026-09-01 20:05:34,Phome1,Music Track: Book of Spells,0,1
2026-09-01 20:05:34,Phome1,Music Track: Borderland,0,1
2026-09-01 20:05:34,Phome1,Music Track: Boss Moosic,0,1
2026-09-01 20:05:34,Phome1,Music Track: Box of Delights,0,0
2026-09-01 20:05:34,Phome1,Music Track: Brain Battle,0,1
2026-09-01 20:05:34,Phome1,Music Track: Breeze,0,1
2026-09-01 20:05:34,Phome1,Music Track: Brew Hoo Hoo!,0,0
2026-09-01 20:05:34,Phome1,Music Track: The Bridge,0,0
2026-09-01 20:05:34,Phome1,Music Track: Brimstail's Scales,0,1
2026-09-01 20:05:34,Phome1,Music Track: Bubble and Squeak,0,0
2026-09-01 20:05:34,Phome1,Music Track: Bunny's Sugar Rush,0,0
2026-09-01 20:05:34,Phome1,Music Track: Burning Desire,0,1
2026-09-01 20:05:34,Phome1,Music Track: The Burning Sun,0,1
2026-09-01 20:05:34,Phome1,Music Track: Business as Unusual,0,0
2026-09-01 20:05:34,Phome1,Music Track: Cabin Fever,0,1
2026-09-01 20:05:34,Phome1,Music Track: Cain's Tutorial,0,1
2026-09-01 20:05:34,Phome1,Music Track: Call of the Tlati,0,1
2026-09-01 20:05:34,Phome1,Music Track: Camelot,0,1
2026-09-01 20:05:34,Phome1,Music Track: Cannonballin',0,0
2026-09-01 20:05:34,Phome1,Music Track: Castle Drakan,0,0
2026-09-01 20:05:34,Phome1,Music Track: Castle Wars,0,0
2026-09-01 20:05:34,Phome1,Music Track: Catacombs and Tombs,0,0
2026-09-01 20:05:34,Phome1,Music Track: Catch Me If You Can,0,0
2026-09-01 20:05:34,Phome1,Music Track: Cave Background,0,1
2026-09-01 20:05:34,Phome1,Music Track: Cave of Beasts,0,1
2026-09-01 20:05:34,Phome1,Music Track: Cave of the Goblins,0,1
2026-09-01 20:05:34,Phome1,Music Track: Cavern,0,1
2026-09-01 20:05:34,Phome1,Music Track: The Cellar Dwellers,0,1
2026-09-01 20:05:34,Phome1,Music Track: Cellar Song,0,1
2026-09-01 20:05:34,Phome1,Music Track: Chain of Command,0,1
2026-09-01 20:05:34,Phome1,Music Track: Chamber,0,1
2026-09-01 20:05:34,Phome1,Music Track: Chef Surprise,0,1
2026-09-01 20:05:34,Phome1,Music Track: Chickened Out,0,0
2026-09-01 20:05:34,Phome1,Music Track: Children of the Sun,0,1
2026-09-01 20:05:34,Phome1,Music Track: Chompy Hunt,0,1
2026-09-01 20:05:34,Phome1,Music Track: The Chosen,0,1
2026-09-01 20:05:34,Phome1,Music Track: The City of Sun,0,1
2026-09-01 20:05:34,Phome1,Music Track: City of the Dead,0,1
2026-09-01 20:05:34,Phome1,Music Track: Clan Wars,0,0
2026-09-01 20:05:34,Phome1,Music Track: Clanliness,0,0
2026-09-01 20:05:34,Phome1,Music Track: Claustrophobia,0,1
2026-09-01 20:05:34,Phome1,Music Track: Close Quarters,0,1
2026-09-01 20:05:34,Phome1,Music Track: Coil,0,0
2026-09-01 20:05:34,Phome1,Music Track: Colossus of the Deep,0,0
2026-09-01 20:05:34,Phome1,Music Track: Competition,0,1
2026-09-01 20:05:34,Phome1,Music Track: Complication,0,1
2026-09-01 20:05:34,Phome1,Music Track: Confrontation,0,1
2026-09-01 20:05:34,Phome1,Music Track: The Consortium,0,1
2026-09-01 20:05:34,Phome1,Music Track: Conspiracy,0,1
2026-09-01 20:05:34,Phome1,Music Track: Contest,0,1
2026-09-01 20:05:34,Phome1,Music Track: Corporal Punishment,0,1
2026-09-01 20:05:34,Phome1,Music Track: Corridors of Power,0,1
2026-09-01 20:05:34,Phome1,Music Track: Country Jig,0,1
2026-09-01 20:05:34,Phome1,Music Track: Courage,0,1
2026-09-01 20:05:34,Phome1,Music Track: Crashing Waves,0,0
2026-09-01 20:05:34,Phome1,Music Track: Creature Cruelty,0,1
2026-09-01 20:05:34,Phome1,Music Track: Creatures of Varlamore,0,1
2026-09-01 20:05:34,Phome1,Music Track: Creeping Vines,0,1
2026-09-01 20:05:34,Phome1,Music Track: Crest of a Wave,0,1
2026-09-01 20:05:34,Phome1,Music Track: Crystal Castle,0,0
2026-09-01 20:05:34,Phome1,Music Track: Crystal Cave,0,1
2026-09-01 20:05:34,Phome1,Music Track: Crystal Sword,0,1
2026-09-01 20:05:34,Phome1,Music Track: Cursed,0,1
2026-09-01 20:05:34,Phome1,Music Track: The Curtain Closes,0,0
2026-09-01 20:05:34,Phome1,Music Track: Dagannoth Dawn,0,0
2026-09-01 20:05:34,Phome1,Music Track: Dance of Death,0,1
2026-09-01 20:05:34,Phome1,Music Track: Dance of the Meilyr,0,0
2026-09-01 20:05:34,Phome1,Music Track: Dance of the Nylocas,0,0
2026-09-01 20:05:34,Phome1,Music Track: Dance of the Undead,0,1
2026-09-01 20:05:34,Phome1,Music Track: Dangerous,0,1
2026-09-01 20:05:34,Phome1,Music Track: A Dangerous Game,0,1
2026-09-01 20:05:34,Phome1,Music Track: Dangerous Logic,0,0
2026-09-01 20:05:34,Phome1,Music Track: Dangerous Road,0,1
2026-09-01 20:05:34,Phome1,Music Track: Dangerous Way,0,1
2026-09-01 20:05:34,Phome1,Music Track: Dark,0,1
2026-09-01 20:05:34,Phome1,Music Track: The Dark Beast Sotetseg,0,0
2026-09-01 20:05:34,Phome1,Music Track: Darkly Altared,0,0
2026-09-01 20:05:34,Phome1,Music Track: Darkmeyer,0,1
2026-09-01 20:05:34,Phome1,Music Track: Darkness in the Depths,0,1
2026-09-01 20:05:34,Phome1,Music Track: Davy Jones' Locker,0,1
2026-09-01 20:05:34,Phome1,Music Track: Dawn,0,0
2026-09-01 20:05:34,Phome1,Music Track: Dead Can Dance,0,1
2026-09-01 20:05:34,Phome1,Music Track: Dead Quiet,0,1
2026-09-01 20:05:34,Phome1,Music Track: Deadlands,0,1
2026-09-01 20:05:34,Phome1,Music Track: Deep Down,0,1
2026-09-01 20:05:34,Phome1,Music Track: Deep Wildy,0,1
2026-09-01 20:05:34,Phome1,Music Track: Delrith,0,1
2026-09-01 20:05:34,Phome1,Music Track: The Depths,0,0
2026-09-01 20:05:34,Phome1,Music Track: Desert Heat,0,1
2026-09-01 20:05:34,Phome1,Music Track: Desert Voyage,0,1
2026-09-01 20:05:34,Phome1,Music Track: The Desert,0,1
2026-09-01 20:05:34,Phome1,Music Track: The Desolate Isle,0,1
2026-09-01 20:05:34,Phome1,Music Track: The Desolate Mage,0,1
2026-09-01 20:05:34,Phome1,Music Track: A Desolate Past,0,1
2026-09-01 20:05:34,Phome1,Music Track: Devils May Care,0,0
2026-09-01 20:05:34,Phome1,Music Track: Diango's Little Helpers,0,0
2026-09-01 20:05:34,Phome1,Music Track: Dies Irae,0,0
2026-09-01 20:05:34,Phome1,Music Track: Dimension X,0,1
2026-09-01 20:05:34,Phome1,Music Track: Distant Land,0,1
2026-09-01 20:05:34,Phome1,Music Track: Distillery Hilarity,0,1
2026-09-01 20:05:34,Phome1,Music Track: Dogfight,0,0
2026-09-01 20:05:34,Phome1,Music Track: Dogs of War,0,1
2026-09-01 20:05:34,Phome1,Music Track: Domain of the Vampyres,0,1
2026-09-01 20:05:34,Phome1,Music Track: Don't Panic Zanik,0,0
2026-09-01 20:05:34,Phome1,Music Track: The Doom,0,0
2026-09-01 20:05:34,Phome1,Music Track: The Doors of Dinh,0,1
2026-09-01 20:05:34,Phome1,Music Track: Doorways,0,1
2026-09-01 20:05:34,Phome1,Music Track: Dorgeshuun City,0,1
2026-09-01 20:05:34,Phome1,Music Track: Dorgeshuun Deep,0,0
2026-09-01 20:05:34,Phome1,Music Track: Dorgeshuun Treaty,0,1
2026-09-01 20:05:34,Phome1,Music Track: Dot's Yuletide,0,0
2026-09-01 20:05:34,Phome1,Music Track: Down Below,0,1
2026-09-01 20:05:34,Phome1,Music Track: Down and Out,0,0
2026-09-01 20:05:34,Phome1,Music Track: Down by the Docks,0,1
2026-09-01 20:05:34,Phome1,Music Track: Down to Earth,0,1
2026-09-01 20:05:34,Phome1,Music Track: The Dragon Slayer,0,0
2026-09-01 20:05:34,Phome1,Music Track: Dragontooth Island,0,1
2026-09-01 20:05:34,Phome1,Music Track: Dream,0,1
2026-09-01 20:05:34,Phome1,Music Track: The Dream Theatre,0,0
2026-09-01 20:05:34,Phome1,Music Track: Dreamstate,0,1
2026-09-01 20:05:34,Phome1,Music Track: Dunes of Eternity,0,0
2026-09-01 20:05:34,Phome1,Music Track: Dunjun,0,1
2026-09-01 20:05:34,Phome1,Music Track: Dusk in Yu'biusk,0,0
2026-09-01 20:05:34,Phome1,Music Track: Dwarf Theme,0,1
2026-09-01 20:05:34,Phome1,Music Track: Dwarven Domain,0,1
2026-09-01 20:05:34,Phome1,Music Track: Dynasty,0,1
2026-09-01 20:05:34,Phome1,Music Track: Eagles' Peak,0,0
2026-09-01 20:05:34,Phome1,Music Track: Easter Jig,0,0
2026-09-01 20:05:34,Phome1,Music Track: Echoes of the North,0,0
2026-09-01 20:05:34,Phome1,Music Track: Egypt,0,1
2026-09-01 20:05:34,Phome1,Music Track: Elder Wisdom,0,0
2026-09-01 20:05:34,Phome1,Music Track: Elven Guardians,0,0
2026-09-01 20:05:34,Phome1,Music Track: Elven Mist,0,1
2026-09-01 20:05:34,Phome1,Music Track: Elven Seed,0,0
2026-09-01 20:05:34,Phome1,Music Track: The Emir's Arena,0,1
2026-09-01 20:05:34,Phome1,Music Track: Emissaries of Twilight,0,1
2026-09-01 20:05:34,Phome1,Music Track: Emotion,0,1
2026-09-01 20:05:34,Phome1,Music Track: Emperor,0,1
2026-09-01 20:05:34,Phome1,Music Track: The Enchanter,0,1
2026-09-01 20:05:34,Phome1,Music Track: The Enclave,0,1
2026-09-01 20:05:34,Phome1,Music Track: Escape,0,1
2026-09-01 20:05:34,Phome1,Music Track: Espionage,0,0
2026-09-01 20:05:34,Phome1,Music Track: Etceteria,0,1
2026-09-01 20:05:34,Phome1,Music Track: The Eternal Waves,0,1
2026-09-01 20:05:34,Phome1,Music Track: Eve's Epinette,0,0
2026-09-01 20:05:34,Phome1,Music Track: Everlasting,0,0
2026-09-01 20:05:34,Phome1,Music Track: Everlasting Fire,0,1
2026-09-01 20:05:34,Phome1,Music Track: The Everlasting Slumber,0,1
2026-09-01 20:05:34,Phome1,Music Track: Everywhere,0,0
2026-09-01 20:05:34,Phome1,Music Track: Evil Bob's Island,0,1
2026-09-01 20:05:34,Phome1,Music Track: The Evil Within,0,0
2026-09-01 20:05:34,Phome1,Music Track: Expanse,0,1
2026-09-01 20:05:34,Phome1,Music Track: Expecting,0,1
2026-09-01 20:05:34,Phome1,Music Track: Expedition,0,1
2026-09-01 20:05:34,Phome1,Music Track: Exposed,0,1
2026-09-01 20:05:34,Phome1,Music Track: Eye See You,0,0
2026-09-01 20:05:34,Phome1,Music Track: Eye of the Storm,0,1
2026-09-01 20:05:34,Phome1,Music Track: Faerie,0,1
2026-09-01 20:05:34,Phome1,Music Track: The Fairy Dragon,0,1
2026-09-01 20:05:34,Phome1,Music Track: Faith of the Hefin,0,0
2026-09-01 20:05:34,Phome1,Music Track: Faithless,0,1
2026-09-01 20:05:34,Phome1,Music Track: The Fallen Empire,0,0
2026-09-01 20:05:34,Phome1,Music Track: Fanfare,0,1
2026-09-01 20:05:34,Phome1,Music Track: Fanfare 2,0,1
2026-09-01 20:05:34,Phome1,Music Track: Fanfare 3,0,1
2026-09-01 20:05:34,Phome1,Music Track: Fangs for the Memory,0,1
2026-09-01 20:05:34,Phome1,Music Track: Far Away,0,1
2026-09-01 20:05:34,Phome1,Music Track: The Far Side,0,1
2026-09-01 20:05:34,Phome1,Music Track: A Farmer's Grind,0,1
2026-09-01 20:05:34,Phome1,Music Track: The Fat Lady Sings,0,0
2026-09-01 20:05:34,Phome1,Music Track: Fe Fi Fo Fum,0,0
2026-09-01 20:05:34,Phome1,Music Track: Fear and Loathing,0,1
2026-09-01 20:05:34,Phome1,Music Track: The Feathered Serpent,0,0
2026-09-01 20:05:34,Phome1,Music Track: Fenkenstrain's Refrain,0,1
2026-09-01 20:05:34,Phome1,Music Track: A Festive Party,0,0
2026-09-01 20:05:34,Phome1,Music Track: Fight of the Basilisk,0,0
2026-09-01 20:05:34,Phome1,Music Track: Fight or Flight,0,1
2026-09-01 20:05:34,Phome1,Music Track: Find My Way,0,1
2026-09-01 20:05:34,Phome1,Music Track: Fire and Brimstone,0,1
2026-09-01 20:05:34,Phome1,Music Track: Fire in the Deep,0,0
2026-09-01 20:05:34,Phome1,Music Track: The Fires of Lletya,0,0
2026-09-01 20:05:34,Phome1,Music Track: Fishing,0,1
2026-09-01 20:05:34,Phome1,Music Track: Floating Free,0,1
2026-09-01 20:05:34,Phome1,Music Track: Flute Salad,0,1
2026-09-01 20:05:34,Phome1,Music Track: Food for Thought,0,1
2026-09-01 20:05:34,Phome1,Music Track: Forbidden,0,1
2026-09-01 20:05:34,Phome1,Music Track: Forest,0,1
2026-09-01 20:05:34,Phome1,Music Track: The Forests of Shayzien,0,1
2026-09-01 20:05:34,Phome1,Music Track: Forever,0,1
2026-09-01 20:05:34,Phome1,Music Track: Forgettable Melody,0,1
2026-09-01 20:05:34,Phome1,Music Track: Forgotten,0,1
2026-09-01 20:05:34,Phome1,Music Track: A Forgotten Religion,0,1
2026-09-01 20:05:34,Phome1,Music Track: The Forgotten Tomb,0,0
2026-09-01 20:05:34,Phome1,Music Track: The Forlorn Homestead,0,1
2026-09-01 20:05:34,Phome1,Music Track: The Forsaken Tower,0,1
2026-09-01 20:05:34,Phome1,Music Track: The Forsaken,0,0
2026-09-01 20:05:34,Phome1,Music Track: Fossilised,0,1
2026-09-01 20:05:34,Phome1,Music Track: The Foundry,0,1
2026-09-01 20:05:34,Phome1,Music Track: The Fragment,0,0
2026-09-01 20:05:34,Phome1,Music Track: The Fremennik Kings,0,1
2026-09-01 20:05:34,Phome1,Music Track: Frogland,0,1
2026-09-01 20:05:34,Phome1,Music Track: Frostbite,0,1
2026-09-01 20:05:34,Phome1,Music Track: Fruits de Mer,0,1
2026-09-01 20:05:34,Phome1,Music Track: Ful to the Brim,0,1
2026-09-01 20:05:34,Phome1,Music Track: Funny Bunnies,0,0
2026-09-01 20:05:34,Phome1,Music Track: The Galleon,0,1
2026-09-01 20:05:34,Phome1,Music Track: Gaol,0,1
2026-09-01 20:05:34,Phome1,Music Track: Garden,0,1
2026-09-01 20:05:34,Phome1,Music Track: Garden of Autumn,0,0
2026-09-01 20:05:34,Phome1,Music Track: Garden of Spring,0,0
2026-09-01 20:05:34,Phome1,Music Track: Garden of Summer,0,0
2026-09-01 20:05:34,Phome1,Music Track: Garden of Winter,0,0
2026-09-01 20:05:34,Phome1,Music Track: The Gates of Menaphos,0,0
2026-09-01 20:05:34,Phome1,Music Track: Gathering,0,0
2026-09-01 20:05:34,Phome1,Music Track: The Gauntlet,0,0
2026-09-01 20:05:34,Phome1,Music Track: The Genie,0,0
2026-09-01 20:05:34,Phome1,Music Track: Getting Down to Business,0,1
2026-09-01 20:05:34,Phome1,Music Track: Gill Bill,0,1
2026-09-01 20:05:34,Phome1,Music Track: Gnome King,0,1
2026-09-01 20:05:34,Phome1,Music Track: Gnome Village,0,1
2026-09-01 20:05:34,Phome1,Music Track: Gnome Village 2,0,1
2026-09-01 20:05:34,Phome1,Music Track: Gnome Village Party,0,1
2026-09-01 20:05:34,Phome1,Music Track: Gnomeball,0,1
2026-09-01 20:05:34,Phome1,Music Track: Goblin Game,0,1
2026-09-01 20:05:34,Phome1,Music Track: Goblin Village,0,1
2026-09-01 20:05:34,Phome1,Music Track: Golden Touch,0,1
2026-09-01 20:05:34,Phome1,Music Track: The Golem,0,1
2026-09-01 20:05:34,Phome1,Music Track: The Great North,0,0
2026-09-01 20:05:34,Phome1,Music Track: Greatness,0,1
2026-09-01 20:05:34,Phome1,Music Track: Grimly Fiendish,0,0
2026-09-01 20:05:34,Phome1,Music Track: Grip of the Talon,0,1
2026-09-01 20:05:34,Phome1,Music Track: Grotto,0,1
2026-09-01 20:05:34,Phome1,Music Track: Grow Grow Grow,0,1
2026-09-01 20:05:34,Phome1,Music Track: Grumpy,0,1
2026-09-01 20:05:34,Phome1,Music Track: The Guardian of Tapoyauik,0,1
2026-09-01 20:05:34,Phome1,Music Track: The Guardians Prepare,0,1
2026-09-01 20:05:34,Phome1,Music Track: Guardians of the Rift,0,1
2026-09-01 20:05:34,Phome1,Music Track: The Guidance of Ralos,0,1
2026-09-01 20:05:34,Phome1,Music Track: H.A.M. Attack,0,1
2026-09-01 20:05:34,Phome1,Music Track: H.A.M. Fisted,0,1
2026-09-01 20:05:34,Phome1,Music Track: H.A.M. and Seek,0,1
2026-09-01 20:05:34,Phome1,Music Track: Harmony,0,1
2026-09-01 20:05:34,Phome1,Music Track: Harmony 2,0,1
2026-09-01 20:05:34,Phome1,Music Track: Haunted Mine,0,1
2026-09-01 20:05:34,Phome1,Music Track: Have a Blast,0,1
2026-09-01 20:05:34,Phome1,Music Track: Have an Ice Day,0,0
2026-09-01 20:05:34,Phome1,Music Track: Head to Head,0,1
2026-09-01 20:05:34,Phome1,Music Track: Healin' Feelin',0,0
2026-09-01 20:05:34,Phome1,Music Track: Heart and Mind,0,0
2026-09-01 20:05:34,Phome1,Music Track: Heavy Security,0,0
2026-09-01 20:05:34,Phome1,Music Track: The Heist,0,0
2026-09-01 20:05:34,Phome1,Music Track: Hells Bells,0,1
2026-09-01 20:05:34,Phome1,Music Track: Hermit,0,1
2026-09-01 20:05:34,Phome1,Music Track: High Seas,0,1
2026-09-01 20:05:34,Phome1,Music Track: High Spirits,0,0
2026-09-01 20:05:34,Phome1,Music Track: His Faithful Servants,0,0
2026-09-01 20:05:34,Phome1,Music Track: Hoe Down,0,1
2026-09-01 20:05:34,Phome1,Music Track: Home,0,0
2026-09-01 20:05:34,Phome1,Music Track: Home Sweet Home,0,1
2026-09-01 20:05:34,Phome1,Music Track: Honkytonky Sea Shanty 2,0,1
2026-09-01 20:05:34,Phome1,Music Track: Horizon,0,1
2026-09-01 20:05:34,Phome1,Music Track: The Houses of Kourend,0,1
2026-09-01 20:05:34,Phome1,Music Track: Hunted,0,0
2026-09-01 20:05:34,Phome1,Music Track: Hypnotised,0,1
2026-09-01 20:05:34,Phome1,Music Track: I'm Sorry,0,0
2026-09-01 20:05:34,Phome1,Music Track: Iban,0,1
2026-09-01 20:05:34,Phome1,Music Track: Ice Melody,0,1
2026-09-01 20:05:34,Phome1,Music Track: Ice and Fire,0,1
2026-09-01 20:05:34,Phome1,Music Track: Illusive,0,0
2026-09-01 20:05:34,Phome1,Music Track: Impetuous,0,1
2026-09-01 20:05:34,Phome1,Music Track: Impulses,0,1
2026-09-01 20:05:34,Phome1,Music Track: In Between,0,0
2026-09-01 20:05:34,Phome1,Music Track: In the Brine,0,1
2026-09-01 20:05:34,Phome1,Music Track: In the Clink,0,1
2026-09-01 20:05:34,Phome1,Music Track: In the Manor,0,1
2026-09-01 20:05:34,Phome1,Music Track: In the Pits,0,1
2026-09-01 20:05:34,Phome1,Music Track: In the Shadows,0,0
2026-09-01 20:05:34,Phome1,Music Track: Inadequacy,0,0
2026-09-01 20:05:34,Phome1,Music Track: Incantation,0,1
2026-09-01 20:05:34,Phome1,Music Track: Incarceration,0,0
2026-09-01 20:05:34,Phome1,Music Track: Inferno,0,0
2026-09-01 20:05:34,Phome1,Music Track: Insect Queen,0,1
2026-09-01 20:05:34,Phome1,Music Track: Inspiration,0,1
2026-09-01 20:05:34,Phome1,Music Track: Into the Abyss,0,1
2026-09-01 20:05:34,Phome1,Music Track: Into the Blue,0,1
2026-09-01 20:05:34,Phome1,Music Track: Into the Tombs,0,0
2026-09-01 20:05:34,Phome1,Music Track: Intrepid,0,1
2026-09-01 20:05:34,Phome1,Music Track: Invader,0,0
2026-09-01 20:05:34,Phome1,Music Track: Iorwerth's Lament,0,0
2026-09-01 20:05:34,Phome1,Music Track: Island Life,0,1
2026-09-01 20:05:34,Phome1,Music Track: Island of the Trolls,0,1
2026-09-01 20:05:34,Phome1,Music Track: Isle of Everywhere,0,1
2026-09-01 20:05:34,Phome1,Music Track: Isle of Serenity,0,1
2026-09-01 20:05:34,Phome1,Music Track: It's not over 'til...,0,0
2026-09-01 20:05:34,Phome1,Music Track: Itsy Bitsy...,0,0
2026-09-01 20:05:34,Phome1,Music Track: Jaws of Gluttony,0,0
2026-09-01 20:05:34,Phome1,Music Track: Jaws of the Basilisk,0,0
2026-09-01 20:05:34,Phome1,Music Track: Jester Minute,0,1
2026-09-01 20:05:34,Phome1,Music Track: Jolly R,0,1
2026-09-01 20:05:34,Phome1,Music Track: Joy of the Hunt,0,1
2026-09-01 20:05:34,Phome1,Music Track: Judgement of the Depths,0,1
2026-09-01 20:05:34,Phome1,Music Track: Jungle Bells,0,0
2026-09-01 20:05:34,Phome1,Music Track: Jungle Hunt,0,1
2026-09-01 20:05:34,Phome1,Music Track: Jungle Island,0,1
2026-09-01 20:05:34,Phome1,Music Track: Jungle Island Xmas,0,0
2026-09-01 20:05:34,Phome1,Music Track: Jungle Troubles,0,1
2026-09-01 20:05:34,Phome1,Music Track: Jungly 1,0,1
2026-09-01 20:05:34,Phome1,Music Track: Jungly 2,0,1
2026-09-01 20:05:34,Phome1,Music Track: Jungly 3,0,1
2026-09-01 20:05:34,Phome1,Music Track: Kanon of Kahlith,0,1
2026-09-01 20:05:34,Phome1,Music Track: Karamja Jam,0,0
2026-09-01 20:05:34,Phome1,Music Track: The Kin,0,0
2026-09-01 20:05:34,Phome1,Music Track: King of the Trolls,0,1
2026-09-01 20:05:34,Phome1,Music Track: Kingdom,0,1
2026-09-01 20:05:34,Phome1,Music Track: Knightly,0,1
2026-09-01 20:05:34,Phome1,Music Track: Knightmare,0,1
2026-09-01 20:05:34,Phome1,Music Track: Kourend the Magnificent,0,1
2026-09-01 20:05:34,Phome1,Music Track: La Mort,0,1
2026-09-01 20:05:34,Phome1,Music Track: Labyrinth,0,0
2026-09-01 20:05:34,Phome1,Music Track: Lagoon,0,1
2026-09-01 20:05:34,Phome1,Music Track: Laid to Rest,0,0
2026-09-01 20:05:34,Phome1,Music Track: Lair,0,0
2026-09-01 20:05:34,Phome1,Music Track: Lair of the Basilisk,0,0
2026-09-01 20:05:34,Phome1,Music Track: Lament,0,0
2026-09-01 20:05:34,Phome1,Music Track: Lament for the Hallowed,0,1
2026-09-01 20:05:34,Phome1,Music Track: Lament of Meiyerditch,0,1
2026-09-01 20:05:34,Phome1,Music Track: Lamistard's Labyrinth,0,0
2026-09-01 20:05:34,Phome1,Music Track: Land Down Under,0,1
2026-09-01 20:05:34,Phome1,Music Track: Land of Snow,0,0
2026-09-01 20:05:34,Phome1,Music Track: Land of the Dwarves,0,1
2026-09-01 20:05:34,Phome1,Music Track: Landlubber,0,1
2026-09-01 20:05:34,Phome1,Music Track: Last King of the Yarasa,0,0
2026-09-01 20:05:34,Phome1,Music Track: Last Man Standing,0,0
2026-09-01 20:05:34,Phome1,Music Track: The Last Shanty,0,1
2026-09-01 20:05:34,Phome1,Music Track: Last Stand,0,0
2026-09-01 20:05:34,Phome1,Music Track: Lasting,0,1
2026-09-01 20:05:34,Phome1,Music Track: Lava is Mine,0,0
2026-09-01 20:05:34,Phome1,Music Track: Legend,0,1
2026-09-01 20:05:34,Phome1,Music Track: Legion,0,1
2026-09-01 20:05:34,Phome1,Music Track: Life at Sea,0,1
2026-09-01 20:05:34,Phome1,Music Track: Life's a Beach!,0,1
2026-09-01 20:05:34,Phome1,Music Track: Lighthouse,0,1
2026-09-01 20:05:34,Phome1,Music Track: Lightness,0,1
2026-09-01 20:05:34,Phome1,Music Track: Lightwalk,0,1
2026-09-01 20:05:34,Phome1,Music Track: Little Cave of Horrors,0,1
2026-09-01 20:05:34,Phome1,Music Track: Lonesome,0,1
2026-09-01 20:05:34,Phome1,Music Track: Long Ago,0,1
2026-09-01 20:05:34,Phome1,Music Track: Long Way Home,0,1
2026-09-01 20:05:34,Phome1,Music Track: The Longramble Scramble,0,0
2026-09-01 20:05:34,Phome1,Music Track: Look to the Stars,0,1
2026-09-01 20:05:34,Phome1,Music Track: Looking Back,0,1
2026-09-01 20:05:34,Phome1,Music Track: Lord of the Larvae,0,0
2026-09-01 20:05:34,Phome1,Music Track: Lore and Order,0,1
2026-09-01 20:05:34,Phome1,Music Track: The Lost Melody,0,1
2026-09-01 20:05:34,Phome1,Music Track: Lost Soul,0,1
2026-09-01 20:05:34,Phome1,Music Track: The Lost Tribe,0,1
2026-09-01 20:05:34,Phome1,Music Track: Lost to Time,0,1
2026-09-01 20:05:34,Phome1,Music Track: Lower Depths,0,1
2026-09-01 20:05:34,Phome1,Music Track: Lucid Dream,0,0
2026-09-01 20:05:34,Phome1,Music Track: Lucid Nightmare,0,0
2026-09-01 20:05:34,Phome1,Music Track: Lullaby,0,1
2026-09-01 20:05:34,Phome1,Music Track: Lumbering,0,0
2026-09-01 20:05:34,Phome1,Music Track: The Lunar Isle,0,1
2026-09-01 20:05:34,Phome1,Music Track: Lurking Threats,0,0
2026-09-01 20:05:34,Phome1,Music Track: Mad Eadgar,0,1
2026-09-01 20:05:34,Phome1,Music Track: The Mad Mole,0,0
2026-09-01 20:05:34,Phome1,Music Track: Mage Arena,0,1
2026-09-01 20:05:34,Phome1,Music Track: Magic Dance,0,1
2026-09-01 20:05:34,Phome1,Music Track: Magic Magic Magic,0,1
2026-09-01 20:05:34,Phome1,Music Track: Magical Journey,0,1
2026-09-01 20:05:34,Phome1,Music Track: The Maiden's Anger,0,0
2026-09-01 20:05:34,Phome1,Music Track: The Maiden's Sorrow,0,0
2026-09-01 20:05:34,Phome1,Music Track: Major Miner,0,0
2026-09-01 20:05:34,Phome1,Music Track: Making Waves,0,0
2026-09-01 20:05:34,Phome1,Music Track: Malady,0,1
2026-09-01 20:05:34,Phome1,Music Track: March,0,1
2026-09-01 20:05:34,Phome1,Music Track: March of the Shayzien,0,1
2026-09-01 20:05:34,Phome1,Music Track: Marooned,0,1
2026-09-01 20:05:34,Phome1,Music Track: Marzipan,0,1
2026-09-01 20:05:34,Phome1,Music Track: Masquerade,0,0
2026-09-01 20:05:34,Phome1,Music Track: Master of Puppets,0,0
2026-09-01 20:05:34,Phome1,Music Track: Mastermindless,0,1
2026-09-01 20:05:34,Phome1,Music Track: A Matter of Intrigue,0,1
2026-09-01 20:05:34,Phome1,Music Track: Mausoleum,0,1
2026-09-01 20:05:34,Phome1,Music Track: Maws Jaws & Claws,0,0
2026-09-01 20:05:34,Phome1,Music Track: The Maze,0,1
2026-09-01 20:05:34,Phome1,Music Track: Meddling Kids,0,1
2026-09-01 20:05:34,Phome1,Music Track: Medieval,0,1
2026-09-01 20:05:34,Phome1,Music Track: Mellow,0,1
2026-09-01 20:05:34,Phome1,Music Track: Melodrama,0,1
2026-09-01 20:05:34,Phome1,Music Track: Memories of the Myreque,0,0
2026-09-01 20:05:34,Phome1,Music Track: Meridian,0,1
2026-09-01 20:05:34,Phome1,Music Track: Method of Madness,0,1
2026-09-01 20:05:34,Phome1,Music Track: Miles Away,0,1
2026-09-01 20:05:34,Phome1,Music Track: Military Life,0,1
2026-09-01 20:05:34,Phome1,Music Track: The Militia,0,1
2026-09-01 20:05:34,Phome1,Music Track: Mind over Matter,0,1
2026-09-01 20:05:34,Phome1,Music Track: Miracle Dance,0,1
2026-09-01 20:05:34,Phome1,Music Track: Mirage,0,1
2026-09-01 20:05:34,Phome1,Music Track: Miscellania,0,1
2026-09-01 20:05:34,Phome1,Music Track: Mistrock,0,0
2026-09-01 20:05:34,Phome1,Music Track: The Mollusc Menace,0,1
2026-09-01 20:05:34,Phome1,Music Track: Monarch Waltz,0,1
2026-09-01 20:05:34,Phome1,Music Track: Monkey Badness,0,0
2026-09-01 20:05:34,Phome1,Music Track: Monkey Business,0,0
2026-09-01 20:05:34,Phome1,Music Track: Monkey Madness,0,1
2026-09-01 20:05:34,Phome1,Music Track: Monkey Sadness,0,0
2026-09-01 20:05:34,Phome1,Music Track: Monkey Trouble,0,0
2026-09-01 20:05:34,Phome1,Music Track: Monster Melee,0,1
2026-09-01 20:05:34,Phome1,Music Track: The Monsters Below,0,0
2026-09-01 20:05:34,Phome1,Music Track: Moody,0,1
2026-09-01 20:05:34,Phome1,Music Track: The Moons of Ruin,0,1
2026-09-01 20:05:34,Phome1,Music Track: Mor Ul Rek,0,0
2026-09-01 20:05:34,Phome1,Music Track: More Than Meets the Eye,0,0
2026-09-01 20:05:34,Phome1,Music Track: Morytania,0,1
2026-09-01 20:05:34,Phome1,Music Track: Morytanian Mystery,0,1
2026-09-01 20:05:34,Phome1,Music Track: Mother Ruckus,0,0
2026-09-01 20:05:34,Phome1,Music Track: A Mother's Curse,0,0
2026-09-01 20:05:34,Phome1,Music Track: Mouse Trap,0,0
2026-09-01 20:05:34,Phome1,Music Track: Mudskipper Melody,0,1
2026-09-01 20:05:34,Phome1,Music Track: Museum Medley,0,0
2026-09-01 20:05:34,Phome1,Music Track: Mutant Medley,0,1
2026-09-01 20:05:34,Phome1,Music Track: My Arm's Journey,0,0
2026-09-01 20:05:34,Phome1,Music Track: Mysterious Lands,0,0
2026-09-01 20:05:34,Phome1,Music Track: Mystics of Nature,0,0
2026-09-01 20:05:34,Phome1,Music Track: Mythical,0,0
2026-09-01 20:05:34,Phome1,Music Track: Narnode's Theme,0,1
2026-09-01 20:05:34,Phome1,Music Track: Natural,0,1
2026-09-01 20:05:34,Phome1,Music Track: The Navigator,0,1
2026-09-01 20:05:34,Phome1,Music Track: Nether Realm,0,0
2026-09-01 20:05:34,Phome1,Music Track: Neverland,0,1
2026-09-01 20:05:34,Phome1,Music Track: Newbie Farming,0,1
2026-09-01 20:05:34,Phome1,Music Track: Newbie Melody,0,1
2026-09-01 20:05:34,Phome1,Music Track: Night of the Vampyre,0,1
2026-09-01 20:05:34,Phome1,Music Track: Nightfall,0,1
2026-09-01 20:05:34,Phome1,Music Track: The Nightmare Continues,0,0
2026-09-01 20:05:34,Phome1,Music Track: No Pasaran,0,0
2026-09-01 20:05:34,Phome1,Music Track: No Way Out,0,1
2026-09-01 20:05:34,Phome1,Music Track: The Noble Rodent,0,1
2026-09-01 20:05:34,Phome1,Music Track: Nomad,0,1
2026-09-01 20:05:34,Phome1,Music Track: Norse Code,0,1
2026-09-01 20:05:34,Phome1,Music Track: The North,0,0
2026-09-01 20:05:34,Phome1,Music Track: Not a Moment of Relief,0,1
2026-09-01 20:05:34,Phome1,Music Track: Nox Irae,0,0
2026-09-01 20:05:34,Phome1,Music Track: Noxious Awakening,0,0
2026-09-01 20:05:34,Phome1,Music Track: Null and Void,0,1
2026-09-01 20:05:34,Phome1,Music Track: Ocean Depths,0,0
2026-09-01 20:05:34,Phome1,Music Track: Ogre the Top,0,1
2026-09-01 20:05:34,Phome1,Music Track: Oh Rats!,0,1
2026-09-01 20:05:34,Phome1,Music Track: The Old Ones,0,1
2026-09-01 20:05:34,Phome1,Music Track: On Thin Ice,0,0
2026-09-01 20:05:34,Phome1,Music Track: On the Frontline,0,1
2026-09-01 20:05:34,Phome1,Music Track: On the Shore,0,1
2026-09-01 20:05:34,Phome1,Music Track: On the Up,0,0
2026-09-01 20:05:34,Phome1,Music Track: On the Wing,0,1
2026-09-01 20:05:34,Phome1,Music Track: Oncoming Foe,0,0
2026-09-01 20:05:34,Phome1,Music Track: Organ Music 1,0,1
2026-09-01 20:05:34,Phome1,Music Track: Organ Music 2,0,1
2026-09-01 20:05:34,Phome1,Music Track: Oriental,0,1
2026-09-01 20:05:34,Phome1,Music Track: The Other Side,0,1
2026-09-01 20:05:34,Phome1,Music Track: Out at the Mines,0,1
2026-09-01 20:05:34,Phome1,Music Track: Out of the Deep,0,1
2026-09-01 20:05:34,Phome1,Music Track: Over the Horizon,0,1
2026-09-01 20:05:34,Phome1,Music Track: Over the Mountains,0,0
2026-09-01 20:05:34,Phome1,Music Track: Over to Nardah,0,1
2026-09-01 20:05:34,Phome1,Music Track: Overpass,0,1
2026-09-01 20:05:34,Phome1,Music Track: Overture,0,1
2026-09-01 20:05:34,Phome1,Music Track: Parade,0,1
2026-09-01 20:05:34,Phome1,Music Track: The Part Where You Die,0,1
2026-09-01 20:05:34,Phome1,Music Track: Path of Peril,0,1
2026-09-01 20:05:34,Phome1,Music Track: Pathways,0,0
2026-09-01 20:05:34,Phome1,Music Track: Peace and Prosperity,0,1
2026-09-01 20:05:34,Phome1,Music Track: The Penguin Bards,0,0
2026-09-01 20:05:34,Phome1,Music Track: Penguin Plots,0,0
2026-09-01 20:05:34,Phome1,Music Track: Pest Control,0,1
2026-09-01 20:05:34,Phome1,Music Track: Pharaoh's Tomb,0,0
2026-09-01 20:05:34,Phome1,Music Track: The Pharaoh,0,0
2026-09-01 20:05:34,Phome1,Music Track: Phasmatys,0,1
2026-09-01 20:05:34,Phome1,Music Track: Pheasant Peasant,0,1
2026-09-01 20:05:34,Phome1,Music Track: Pick & Shovel,0,1
2026-09-01 20:05:34,Phome1,Music Track: Pinball Wizard,0,1
2026-09-01 20:05:34,Phome1,Music Track: Pirates of Penance,0,1
2026-09-01 20:05:34,Phome1,Music Track: Pirates of Peril,0,1
2026-09-01 20:05:34,Phome1,Music Track: Plots and Plans,0,1
2026-09-01 20:05:34,Phome1,Music Track: The Plundered Tomb,0,0
2026-09-01 20:05:34,Phome1,Music Track: Poles Apart,0,1
2026-09-01 20:05:34,Phome1,Music Track: The Power of Tears,0,1
2026-09-01 20:05:34,Phome1,Music Track: Power of the Shadow Realm,0,0
2026-09-01 20:05:34,Phome1,Music Track: Predator Xarpus,0,0
2026-09-01 20:05:34,Phome1,Music Track: Preservation,0,1
2026-09-01 20:05:34,Phome1,Music Track: Preserved,0,1
2026-09-01 20:05:34,Phome1,Music Track: Prey,0,0
2026-09-01 20:05:34,Phome1,Music Track: Prime Time,0,1
2026-09-01 20:05:34,Phome1,Music Track: Principality,0,1
2026-09-01 20:05:34,Phome1,Music Track: Prison Break,0,0
2026-09-01 20:05:34,Phome1,Music Track: Prospering Fortune,0,1
2026-09-01 20:05:34,Phome1,Music Track: Quest,0,1
2026-09-01 20:05:34,Phome1,Music Track: The Quizmaster,0,1
2026-09-01 20:05:34,Phome1,Music Track: Race Against the Clock,0,0
2026-09-01 20:05:34,Phome1,Music Track: Rat Hunt,0,1
2026-09-01 20:05:34,Phome1,Music Track: Rat a Tat Tat,0,0
2026-09-01 20:05:34,Phome1,Music Track: Ready for Battle,0,0
2026-09-01 20:05:34,Phome1,Music Track: Ready for the Hunt,0,1
2026-09-01 20:05:34,Phome1,Music Track: Regal,0,1
2026-09-01 20:05:34,Phome1,Music Track: Regal Pomp,0,1
2026-09-01 20:05:34,Phome1,Music Track: Reggae,0,1
2026-09-01 20:05:34,Phome1,Music Track: Reggae 2,0,1
2026-09-01 20:05:34,Phome1,Music Track: Reign of the Basilisk,0,0
2026-09-01 20:05:34,Phome1,Music Track: Relics,0,0
2026-09-01 20:05:34,Phome1,Music Track: Rellekka,0,1
2026-09-01 20:05:34,Phome1,Music Track: Remnants,0,0
2026-09-01 20:05:34,Phome1,Music Track: Remote Waters,0,0
2026-09-01 20:05:34,Phome1,Music Track: Rest in Peace,0,1
2026-09-01 20:05:34,Phome1,Music Track: Revenants,0,0
2026-09-01 20:05:34,Phome1,Music Track: Rhapsody,0,0
2026-09-01 20:05:34,Phome1,Music Track: Right on Track,0,1
2026-09-01 20:05:34,Phome1,Music Track: Righteousness,0,0
2026-09-01 20:05:34,Phome1,Music Track: Rising Damp,0,0
2026-09-01 20:05:34,Phome1,Music Track: The Rising Sun,0,1
2026-09-01 20:05:34,Phome1,Music Track: Riverside,0,1
2026-09-01 20:05:34,Phome1,Music Track: Roc and Roll,0,0
2026-09-01 20:05:34,Phome1,Music Track: The Rogues' Den,0,1
2026-09-01 20:05:34,Phome1,Music Track: Roll the Bones,0,1
2026-09-01 20:05:34,Phome1,Music Track: Romancing the Crone,0,1
2026-09-01 20:05:34,Phome1,Music Track: Romper Chomper,0,1
2026-09-01 20:05:34,Phome1,Music Track: Roots and Flutes,0,0
2026-09-01 20:05:34,Phome1,Music Track: Rose,0,1
2026-09-01 20:05:34,Phome1,Music Track: The Route of All Evil,0,0
2026-09-01 20:05:34,Phome1,Music Track: The Route of the Problem,0,0
2026-09-01 20:05:34,Phome1,Music Track: Royale,0,1
2026-09-01 20:05:34,Phome1,Music Track: Rugged Terrain,0,1
2026-09-01 20:05:34,Phome1,Music Track: The Ruins of Camdozaal,0,1
2026-09-01 20:05:34,Phome1,Music Track: Ruins of Isolation,0,0
2026-09-01 20:05:34,Phome1,Music Track: Rune Essence,0,1
2026-09-01 20:05:34,Phome1,Music Track: Sad Meadow,0,1
2026-09-01 20:05:34,Phome1,Music Track: Safety in Numbers,0,1
2026-09-01 20:05:34,Phome1,Music Track: Saga,0,1
2026-09-01 20:05:34,Phome1,Music Track: A Sailor's Dream,0,1
2026-09-01 20:05:34,Phome1,Music Track: Sands of Time,0,0
2026-09-01 20:05:34,Phome1,Music Track: Sarachnis,0,0
2026-09-01 20:05:34,Phome1,Music Track: Sarcophagus,0,1
2026-09-01 20:05:34,Phome1,Music Track: Sarim's Vermin,0,1
2026-09-01 20:05:34,Phome1,Music Track: Scape Ape,0,1
2026-09-01 20:05:34,Phome1,Music Track: Scape Cave,0,1
2026-09-01 20:05:34,Phome1,Music Track: Scape Crystal,0,1
2026-09-01 20:05:34,Phome1,Music Track: Scape Five,0,1
2026-09-01 20:05:34,Phome1,Music Track: Scape Ground,0,1
2026-09-01 20:05:34,Phome1,Music Track: Scape Home,0,1
2026-09-01 20:05:34,Phome1,Music Track: Scape Hunter,0,1
2026-09-01 20:05:34,Phome1,Music Track: Scape Main,0,1
2026-09-01 20:05:34,Phome1,Music Track: Scape Original,0,1
2026-09-01 20:05:34,Phome1,Music Track: Scape Sad,0,1
2026-09-01 20:05:34,Phome1,Music Track: Scape Sail,0,1
2026-09-01 20:05:34,Phome1,Music Track: Scape Santa,0,1
2026-09-01 20:05:34,Phome1,Music Track: Scape Scared,0,1
2026-09-01 20:05:34,Phome1,Music Track: Scape Soft,0,1
2026-09-01 20:05:34,Phome1,Music Track: Scape Wild,0,1
2026-09-01 20:05:34,Phome1,Music Track: Scar Tissue,0,0
2026-09-01 20:05:34,Phome1,Music Track: Scarab,0,1
2026-09-01 20:05:34,Phome1,Music Track: School's Out,0,1
2026-09-01 20:05:34,Phome1,Music Track: Scorching Horizon,0,1
2026-09-01 20:05:34,Phome1,Music Track: Scorpia Dances,0,0
2026-09-01 20:05:34,Phome1,Music Track: Scrubfoot's Descent,0,0
2026-09-01 20:05:34,Phome1,Music Track: Sea Minor Shanty,0,0
2026-09-01 20:05:34,Phome1,Music Track: Sea Shanty,0,1
2026-09-01 20:05:34,Phome1,Music Track: Sea Shanty 2,0,1
2026-09-01 20:05:34,Phome1,Music Track: Sea Shanty Xmas,0,0
2026-09-01 20:05:34,Phome1,Music Track: Secrets of the North,0,0
2026-09-01 20:05:34,Phome1,Music Track: The Seed of Crwys,0,0
2026-09-01 20:05:34,Phome1,Music Track: Serenade,0,1
2026-09-01 20:05:34,Phome1,Music Track: Serene,0,1
2026-09-01 20:05:34,Phome1,Music Track: Servants of Strife,0,1
2026-09-01 20:05:34,Phome1,Music Track: Set Sail,0,1
2026-09-01 20:05:34,Phome1,Music Track: The Setting Sun,0,1
2026-09-01 20:05:34,Phome1,Music Track: Settlement,0,1
2026-09-01 20:05:34,Phome1,Music Track: Shadow of the Ocean,0,1
2026-09-01 20:05:34,Phome1,Music Track: The Shadow,0,1
2026-09-01 20:05:34,Phome1,Music Track: Shadowland,0,1
2026-09-01 20:05:34,Phome1,Music Track: Sharp End of the Crystal,0,0
2026-09-01 20:05:34,Phome1,Music Track: Shattered Relics,0,1
2026-09-01 20:05:34,Phome1,Music Track: Shine,0,1
2026-09-01 20:05:34,Phome1,Music Track: Shining,0,1
2026-09-01 20:05:34,Phome1,Music Track: Shining Spirit,0,0
2026-09-01 20:05:34,Phome1,Music Track: Shipwrecked,0,1
2026-09-01 20:05:34,Phome1,Music Track: Showdown,0,1
2026-09-01 20:05:34,Phome1,Music Track: Sigmund's Showdown,0,1
2026-09-01 20:05:34,Phome1,Music Track: Sign Here,0,0
2026-09-01 20:05:34,Phome1,Music Track: The Sinclairs,0,1
2026-09-01 20:05:34,Phome1,Music Track: The Slayer,0,1
2026-09-01 20:05:34,Phome1,Music Track: Slice of Silent Movie,0,1
2026-09-01 20:05:34,Phome1,Music Track: Slice of Station,0,1
2026-09-01 20:05:34,Phome1,Music Track: Slither and Thither,0,1
2026-09-01 20:05:34,Phome1,Music Track: Slug a Bug Ball,0,0
2026-09-01 20:05:34,Phome1,Music Track: Snowflake & My Arm,0,0
2026-09-01 20:05:34,Phome1,Music Track: Sojourn,0,1
2026-09-01 20:05:34,Phome1,Music Track: Solitude,0,0
2026-09-01 20:05:34,Phome1,Music Track: Song of the Elves,0,0
2026-09-01 20:05:34,Phome1,Music Track: Song of the Silent Choir,0,0
2026-09-01 20:05:34,Phome1,Music Track: Sorceress's Garden,0,0
2026-09-01 20:05:34,Phome1,Music Track: Soul Fall,0,0
2026-09-01 20:05:34,Phome1,Music Track: Soul Wars,0,0
2026-09-01 20:05:34,Phome1,Music Track: The Sound of Guthix,0,0
2026-09-01 20:05:34,Phome1,Music Track: Soundscape,0,1
2026-09-01 20:05:34,Phome1,Music Track: Sphinx,0,1
2026-09-01 20:05:34,Phome1,Music Track: Spirit,0,1
2026-09-01 20:05:34,Phome1,Music Track: Spirit of the Forest,0,1
2026-09-01 20:05:34,Phome1,Music Track: Spiritbloom,0,1
2026-09-01 20:05:34,Phome1,Music Track: Spirits of the Elid,0,0
2026-09-01 20:05:34,Phome1,Music Track: Splendour,0,1
2026-09-01 20:05:34,Phome1,Music Track: Spooky,0,1
2026-09-01 20:05:34,Phome1,Music Track: Spooky 2,0,1
2026-09-01 20:05:34,Phome1,Music Track: Spooky Jungle,0,1
2026-09-01 20:05:34,Phome1,Music Track: The Spurned Demon,0,0
2026-09-01 20:05:34,Phome1,Music Track: The Spymaster,0,0
2026-09-01 20:05:34,Phome1,Music Track: Stagnant,0,1
2026-09-01 20:05:34,Phome1,Music Track: Stalkers,0,0
2026-09-01 20:05:34,Phome1,Music Track: Stand Up and Be Counted,0,0
2026-09-01 20:05:34,Phome1,Music Track: Starlight,0,1
2026-09-01 20:05:34,Phome1,Music Track: Start,0,1
2026-09-01 20:05:34,Phome1,Music Track: Still Night,0,1
2026-09-01 20:05:34,Phome1,Music Track: Stillness,0,1
2026-09-01 20:05:34,Phome1,Music Track: Stones of Old,0,1
2026-09-01 20:05:34,Phome1,Music Track: Storeroom Shuffle,0,0
2026-09-01 20:05:34,Phome1,Music Track: Storm Brew,0,0
2026-09-01 20:05:34,Phome1,Music Track: Stranded,0,1
2026-09-01 20:05:34,Phome1,Music Track: Strange Place,0,0
2026-09-01 20:05:34,Phome1,Music Track: Strangled,0,0
2026-09-01 20:05:34,Phome1,Music Track: Stratosphere,0,0
2026-09-01 20:05:34,Phome1,Music Track: Strength of Saradomin,0,0
2026-09-01 20:05:34,Phome1,Music Track: Stuck in the Mire,0,1
2026-09-01 20:05:34,Phome1,Music Track: Subterranea,0,1
2026-09-01 20:05:34,Phome1,Music Track: Sunburn,0,1
2026-09-01 20:05:34,Phome1,Music Track: Sunny Side Up,0,0
2026-09-01 20:05:34,Phome1,Music Track: Superstition,0,1
2026-09-01 20:05:34,Phome1,Music Track: Surok's Theme,0,0
2026-09-01 20:05:34,Phome1,Music Track: Suspicious,0,1
2026-09-01 20:05:34,Phome1,Music Track: Tale of Keldagrim,0,1
2026-09-01 20:05:34,Phome1,Music Track: The Talkasti People,0,1
2026-09-01 20:05:34,Phome1,Music Track: Talking Forest,0,1
2026-09-01 20:05:34,Phome1,Music Track: Tarn Razorlor,0,1
2026-09-01 20:05:34,Phome1,Music Track: A Taste of Hope,0,1
2026-09-01 20:05:34,Phome1,Music Track: Tears of Guthix,0,1
2026-09-01 20:05:34,Phome1,Music Track: Technology,0,1
2026-09-01 20:05:34,Phome1,Music Track: Teklan,0,1
2026-09-01 20:05:34,Phome1,Music Track: Tempest,0,0
2026-09-01 20:05:34,Phome1,Music Track: Temple,0,1
2026-09-01 20:05:34,Phome1,Music Track: Temple Desecrated,0,0
2026-09-01 20:05:34,Phome1,Music Track: Temple of Light,0,1
2026-09-01 20:05:34,Phome1,Music Track: Temple of Tribes,0,0
2026-09-01 20:05:34,Phome1,Music Track: Temple of the Eye,0,1
2026-09-01 20:05:34,Phome1,Music Track: Tempor of the Storm,0,1
2026-09-01 20:05:34,Phome1,Music Track: The Terrible Caverns,0,1
2026-09-01 20:05:34,Phome1,Music Track: The Terrible Tower,0,1
2026-09-01 20:05:34,Phome1,Music Track: The Terrible Tunnels,0,1
2026-09-01 20:05:34,Phome1,Music Track: Terrorbird Tussle,0,0
2026-09-01 20:05:34,Phome1,Music Track: Test Your Sails,0,1
2026-09-01 20:05:34,Phome1,Music Track: Test of Companionship,0,0
2026-09-01 20:05:34,Phome1,Music Track: Test of Isolation,0,0
2026-09-01 20:05:34,Phome1,Music Track: Test of Resourcefulness,0,0
2026-09-01 20:05:34,Phome1,Music Track: Test of Strength,0,0
2026-09-01 20:05:34,Phome1,Music Track: That Sullen Hall,0,0
2026-09-01 20:05:34,Phome1,Music Track: Theme,0,1
2026-09-01 20:05:34,Phome1,Music Track: A Thorn in My Side,0,1
2026-09-01 20:05:34,Phome1,Music Track: Thrall of the Devourer,0,0
2026-09-01 20:05:34,Phome1,Music Track: Thrall of the Serpent,0,0
2026-09-01 20:05:34,Phome1,Music Track: Throne of the Demon,0,1
2026-09-01 20:05:34,Phome1,Music Track: Tick Tock,0,0
2026-09-01 20:05:34,Phome1,Music Track: Time Out,0,1
2026-09-01 20:05:34,Phome1,Music Track: Time to Mine,0,1
2026-09-01 20:05:34,Phome1,Music Track: Tiptoe,0,1
2026-09-01 20:05:34,Phome1,Music Track: Title Fight,0,0
2026-09-01 20:05:34,Phome1,Music Track: Tomb Raider,0,1
2026-09-01 20:05:34,Phome1,Music Track: Tomorrow,0,1
2026-09-01 20:05:34,Phome1,Music Track: Too Many Cooks...,0,1
2026-09-01 20:05:34,Phome1,Music Track: The Tortugan Way,0,0
2026-09-01 20:05:34,Phome1,Music Track: The Tower of Voices,0,0
2026-09-01 20:05:34,Phome1,Music Track: The Tower,0,1
2026-09-01 20:05:34,Phome1,Music Track: The Trade Parade,0,1
2026-09-01 20:05:34,Phome1,Music Track: Trahaearn Toil,0,0
2026-09-01 20:05:34,Phome1,Music Track: Tranquillity,0,0
2026-09-01 20:05:34,Phome1,Music Track: Trawler,0,1
2026-09-01 20:05:34,Phome1,Music Track: Trawler Minor,0,1
2026-09-01 20:05:34,Phome1,Music Track: Tree Spirits,0,1
2026-09-01 20:05:34,Phome1,Music Track: Tremble,0,1
2026-09-01 20:05:34,Phome1,Music Track: Tribal,0,1
2026-09-01 20:05:34,Phome1,Music Track: Tribal 2,0,1
2026-09-01 20:05:34,Phome1,Music Track: Tribal Background,0,1
2026-09-01 20:05:34,Phome1,Music Track: Trinity,0,1
2026-09-01 20:05:34,Phome1,Music Track: Troll Shuffle,0,0
2026-09-01 20:05:34,Phome1,Music Track: Trouble Brewing,0,1
2026-09-01 20:05:34,Phome1,Music Track: Troubled,0,1
2026-09-01 20:05:34,Phome1,Music Track: Troubled Waters,0,0
2026-09-01 20:05:34,Phome1,Music Track: Truth,0,1
2026-09-01 20:05:34,Phome1,Music Track: Twilight,0,1
2026-09-01 20:05:34,Phome1,Music Track: TzHaar!,0,1
2026-09-01 20:05:34,Phome1,Music Track: Undead Army,0,0
2026-09-01 20:05:34,Phome1,Music Track: Undead Dungeon,0,1
2026-09-01 20:05:34,Phome1,Music Track: Under the Mountain,0,1
2026-09-01 20:05:34,Phome1,Music Track: Undercurrent,0,1
2026-09-01 20:05:34,Phome1,Music Track: Underground,0,1
2026-09-01 20:05:34,Phome1,Music Track: Underground Pass,0,1
2026-09-01 20:05:34,Phome1,Music Track: Understanding,0,1
2026-09-01 20:05:34,Phome1,Music Track: The Undying Light,0,1
2026-09-01 20:05:34,Phome1,Music Track: Unknown Land,0,1
2026-09-01 20:05:34,Phome1,Music Track: Untouchable,0,0
2026-09-01 20:05:34,Phome1,Music Track: Unturned Stones,0,0
2026-09-01 20:05:34,Phome1,Music Track: Upcoming,0,1
2026-09-01 20:05:34,Phome1,Music Track: Upir Likhyi,0,1
2026-09-01 20:05:34,Phome1,Music Track: Upper Depths,0,0
2026-09-01 20:05:34,Phome1,Music Track: Vampyre Assault,0,1
2026-09-01 20:05:34,Phome1,Music Track: Vanescula,0,1
2026-09-01 20:05:34,Phome1,Music Track: Varlamore's Sunset,0,0
2026-09-01 20:05:34,Phome1,Music Track: The Vault,0,0
2026-09-01 20:05:34,Phome1,Music Track: Venomous,0,1
2026-09-01 20:05:34,Phome1,Music Track: Venture,0,1
2026-09-01 20:05:34,Phome1,Music Track: Venture 2,0,1
2026-09-01 20:05:34,Phome1,Music Track: Victory is Mine,0,0
2026-09-01 20:05:34,Phome1,Music Track: Village,0,1
2026-09-01 20:05:34,Phome1,Music Track: Vision,0,1
2026-09-01 20:05:34,Phome1,Music Track: Volcanic Vikings,0,1
2026-09-01 20:05:34,Phome1,Music Track: Voodoo Cult,0,1
2026-09-01 20:05:34,Phome1,Music Track: Voyage,0,1
2026-09-01 20:05:34,Phome1,Music Track: The Waiting Game,0,0
2026-09-01 20:05:34,Phome1,Music Track: Waking Dream,0,1
2026-09-01 20:05:34,Phome1,Music Track: A Walk in the Woods,0,1
2026-09-01 20:05:34,Phome1,Music Track: The Walking Dead,0,0
2026-09-01 20:05:34,Phome1,Music Track: Wally the Hero,0,1
2026-09-01 20:05:34,Phome1,Music Track: Wander,0,1
2026-09-01 20:05:34,Phome1,Music Track: Warpath,0,0
2026-09-01 20:05:34,Phome1,Music Track: Warrior,0,1
2026-09-01 20:05:34,Phome1,Music Track: Warriors' Guild,0,1
2026-09-01 20:05:34,Phome1,Music Track: Waste Defaced,0,0
2026-09-01 20:05:34,Phome1,Music Track: Watch Your Step,0,0
2026-09-01 20:05:34,Phome1,Music Track: Waterfall,0,1
2026-09-01 20:05:34,Phome1,Music Track: Waterlogged,0,1
2026-09-01 20:05:34,Phome1,Music Track: Way of the Enchanter,0,1
2026-09-01 20:05:34,Phome1,Music Track: Way of the Wyrm,0,1
2026-09-01 20:05:34,Phome1,Music Track: Wayward,0,1
2026-09-01 20:05:34,Phome1,Music Track: We are the Fairies,0,0
2026-09-01 20:05:34,Phome1,Music Track: Welcome to my Nightmare,0,0
2026-09-01 20:05:34,Phome1,Music Track: Welcome to the Theatre,0,1
2026-09-01 20:05:34,Phome1,Music Track: Well Hallowed Air,0,0
2026-09-01 20:05:34,Phome1,Music Track: Well of Voyage,0,1
2026-09-01 20:05:34,Phome1,Music Track: The Western Seas,0,1
2026-09-01 20:05:34,Phome1,Music Track: What Happens Below...,0,1
2026-09-01 20:05:34,Phome1,Music Track: What the Shell!,0,0
2026-09-01 20:05:34,Phome1,Music Track: Where Eagles Lair,0,0
2026-09-01 20:05:34,Phome1,Music Track: Whispering Wind,0,1
2026-09-01 20:05:34,Phome1,Music Track: Wild Isle,0,1
2026-09-01 20:05:34,Phome1,Music Track: Wild Side,0,1
2026-09-01 20:05:34,Phome1,Music Track: Wilderness,0,1
2026-09-01 20:05:34,Phome1,Music Track: Wilderness 2,0,1
2026-09-01 20:05:34,Phome1,Music Track: Wilderness 3,0,1
2026-09-01 20:05:34,Phome1,Music Track: Wildwood,0,1
2026-09-01 20:05:34,Phome1,Music Track: Winter Funfair,0,0
2026-09-01 20:05:34,Phome1,Music Track: Witching,0,1
2026-09-01 20:05:34,Phome1,Music Track: Woe of the Wyvern,0,0
2026-09-01 20:05:34,Phome1,Music Track: Wonder,0,1
2026-09-01 20:05:34,Phome1,Music Track: Wonderous,0,1
2026-09-01 20:05:34,Phome1,Music Track: Woodland,0,1
2026-09-01 20:05:34,Phome1,Music Track: Work Work Work,0,1
2026-09-01 20:05:34,Phome1,Music Track: Workshop,0,1
2026-09-01 20:05:34,Phome1,Music Track: A Worthy Foe,0,0
2026-09-01 20:05:34,Phome1,Music Track: Wrath and Ruin,0,1
2026-09-01 20:05:34,Phome1,Music Track: Xenophobe,0,0
2026-09-01 20:05:34,Phome1,Music Track: Yesteryear,0,1
2026-09-01 20:05:34,Phome1,Music Track: Yo Ho Ho!,0,1
2026-09-01 20:05:34,Phome1,Music Track: You Have My Attention,0,1
2026-09-01 20:05:34,Phome1,Music Track: Zamorak Zoo,0,0
2026-09-01 20:05:34,Phome1,Music Track: Zanik's Theme,0,0
2026-09-01 20:05:34,Phome1,Music Track: Zaros Zeitgeist,0,0
2026-09-01 20:05:34,Phome1,Music Track: Zealot,0,1
2026-09-01 20:05:34,Phome1,Music Track: Zogre Dance,0,1
2026-09-01 20:05:34,Phome1,Music Track: Zombie Invasion,0,0
2026-09-01 20:05:34,Phome1,Music Track: Zombiism,0,1
2026-09-01 20:05:34,Darallax,Quest: A Kingdom Divided,0,0
2026-09-01 20:05:34,Darallax,Quest: A Night at the Theatre,0,0
2026-09-01 20:05:34,Darallax,Quest: A Porcine of Interest,0,2
2026-09-01 20:05:34,Darallax,Quest: A Soul's Bane,0,2
2026-09-01 20:05:34,Darallax,Quest: A Tail of Two Cats,0,0
2026-09-01 20:05:34,Darallax,Quest: A Taste of Hope,0,2
2026-09-01 20:05:34,Darallax,Quest: Alfred Grimhand's Barcrawl,0,2
2026-09-01 20:05:34,Darallax,Quest: Animal Magnetism,0,2
2026-09-01 20:05:34,Darallax,Quest: Another Slice of H.A.M.,0,2
2026-09-01 20:05:34,Darallax,Quest: At First Light,0,0
2026-09-01 20:05:34,Darallax,Quest: Barbarian Training,0,0
2026-09-01 20:05:34,Darallax,Quest: Bear Your Soul,0,0
2026-09-01 20:05:34,Darallax,Quest: Below Ice Mountain,0,2
2026-09-01 20:05:34,Darallax,Quest: Beneath Cursed Sands,0,0
2026-09-01 20:05:34,Darallax,Quest: Between a Rock...,0,0
2026-09-01 20:05:34,Darallax,Quest: Bone Voyage,0,2
2026-09-01 20:05:34,Darallax,Quest: Children of the Sun,0,2
2026-09-01 20:05:34,Darallax,Quest: Client of Kourend,0,2
2026-09-01 20:05:34,Darallax,Quest: Cold War,0,0
2026-09-01 20:05:34,Darallax,Quest: Contact!,0,0
2026-09-01 20:05:34,Darallax,Quest: Creature of Fenkenstrain,0,2
2026-09-01 20:05:34,Darallax,Quest: Current Affairs,0,0
2026-09-01 20:05:34,Darallax,Quest: Curse of the Empty Lord,0,0
2026-09-01 20:05:34,Darallax,Quest: Daddy's Home,0,2
2026-09-01 20:05:34,Darallax,Quest: Darkness of Hallowvale,0,2
2026-09-01 20:05:34,Darallax,Quest: Death on the Isle,0,0
2026-09-01 20:05:34,Darallax,Quest: Death to the Dorgeshuun,0,2
2026-09-01 20:05:34,Darallax,Quest: Defender of Varrock,0,0
2026-09-01 20:05:34,Darallax,Quest: Demon Slayer,0,2
2026-09-01 20:05:34,Darallax,Quest: Desert Treasure I,0,0
2026-09-01 20:05:34,Darallax,Quest: Desert Treasure II - The Fallen Empire,0,0
2026-09-01 20:05:34,Darallax,Quest: Devious Minds,0,0
2026-09-01 20:05:34,Darallax,Quest: Dragon Slayer II,0,0
2026-09-01 20:05:34,Darallax,Quest: Dream Mentor,0,0
2026-09-01 20:05:34,Darallax,Quest: Eagles' Peak,0,0
2026-09-01 20:05:34,Darallax,Quest: Elemental Workshop I,0,2
2026-09-01 20:05:34,Darallax,Quest: Elemental Workshop II,0,2
2026-09-01 20:05:34,Darallax,Quest: Enakhra's Lament,0,0
2026-09-01 20:05:34,Darallax,Quest: Enlightened Journey,0,2
2026-09-01 20:05:34,Darallax,Quest: Ethically Acquired Antiquities,0,0
2026-09-01 20:05:34,Darallax,Quest: Fairytale I - Growing Pains,0,2
2026-09-01 20:05:34,Darallax,Quest: Fairytale II - Cure a Queen,0,1
2026-09-01 20:05:34,Darallax,Quest: Family Pest,0,0
2026-09-01 20:05:34,Darallax,Quest: Forgettable Tale...,0,0
2026-09-01 20:05:34,Darallax,Quest: Garden of Tranquillity,0,2
2026-09-01 20:05:34,Darallax,Quest: Getting Ahead,0,0
2026-09-01 20:05:34,Darallax,Quest: Ghosts Ahoy,0,2
2026-09-01 20:05:34,Darallax,Quest: Goblin Diplomacy,0,2
2026-09-01 20:05:34,Darallax,Quest: Grim Tales,0,0
2026-09-01 20:05:34,Darallax,Quest: His Faithful Servants,0,2
2026-09-01 20:05:34,Darallax,Quest: Hopespear's Will,0,0
2026-09-01 20:05:34,Darallax,Quest: Horror from the Deep,0,2
2026-09-01 20:05:34,Darallax,Quest: Icthlarin's Little Helper,0,2
2026-09-01 20:05:34,Darallax,Quest: In Aid of the Myreque,0,2
2026-09-01 20:05:34,Darallax,Quest: In Search of Knowledge,0,0
2026-09-01 20:05:34,Darallax,Quest: Into the Tombs,0,0
2026-09-01 20:05:34,Darallax,Quest: King's Ransom,0,2
2026-09-01 20:05:34,Darallax,Quest: Lair of Tarn Razorlor,0,0
2026-09-01 20:05:34,Darallax,Quest: Land of the Goblins,0,0
2026-09-01 20:05:34,Darallax,Quest: Lunar Diplomacy,0,0
2026-09-01 20:05:34,Darallax,Quest: Mage Arena II,0,0
2026-09-01 20:05:34,Darallax,Quest: Making Friends with My Arm,0,0
2026-09-01 20:05:34,Darallax,Quest: Making History,0,2
2026-09-01 20:05:34,Darallax,Quest: Meat and Greet,0,0
2026-09-01 20:05:34,Darallax,Quest: Misthalin Mystery,0,2
2026-09-01 20:05:34,Darallax,Quest: Monkey Madness II,0,0
2026-09-01 20:05:34,Darallax,Quest: Mountain Daughter,0,2
2026-09-01 20:05:34,Darallax,Quest: Mourning's End Part II,0,2
2026-09-01 20:05:34,Darallax,Quest: My Arm's Big Adventure,0,0
2026-09-01 20:05:34,Darallax,Quest: Olaf's Quest,0,0
2026-09-01 20:05:34,Darallax,Quest: Pandemonium,0,2
2026-09-01 20:05:34,Darallax,Quest: Perilous Moons,0,0
2026-09-01 20:05:34,Darallax,Quest: Prying Times,0,2
2026-09-01 20:05:34,Darallax,Quest: Ratcatchers,0,0
2026-09-01 20:05:34,Darallax,Quest: Recipe for Disaster,0,1
2026-09-01 20:05:34,Darallax,Quest: Recipe for Disaster - Another Cook's Quest,0,2
2026-09-01 20:05:34,Darallax,Quest: Recipe for Disaster - Culinaromancer,0,0
2026-09-01 20:05:34,Darallax,Quest: Recipe for Disaster - Evil Dave,0,0
2026-09-01 20:05:34,Darallax,Quest: Recipe for Disaster - King Awowogei,0,0
2026-09-01 20:05:34,Darallax,Quest: Recipe for Disaster - Lumbridge Guide,0,0
2026-09-01 20:05:34,Darallax,Quest: Recipe for Disaster - Mountain Dwarf,0,0
2026-09-01 20:05:34,Darallax,Quest: Recipe for Disaster - Pirate Pete,0,0
2026-09-01 20:05:34,Darallax,Quest: Recipe for Disaster - Sir Amik Varze,0,0
2026-09-01 20:05:34,Darallax,Quest: Recipe for Disaster - Skrach Uglogwee,0,0
2026-09-01 20:05:34,Darallax,Quest: Recipe for Disaster - Wartface & Bentnoze,0,2
2026-09-01 20:05:34,Darallax,Quest: Recruitment Drive,0,2
2026-09-01 20:05:34,Darallax,Quest: Royal Trouble,0,0
2026-09-01 20:05:34,Darallax,Quest: Scrambled!,0,0
2026-09-01 20:05:34,Darallax,Quest: Secrets of the North,0,0
2026-09-01 20:05:34,Darallax,Quest: Shadow of the Storm,0,2
2026-09-01 20:05:34,Darallax,Quest: Shadows of Custodia,0,0
2026-09-01 20:05:34,Darallax,Quest: Shield of Arrav,0,2
2026-09-01 20:05:34,Darallax,Quest: Sins of the Father,0,1
2026-09-01 20:05:34,Darallax,Quest: Skippy and the Mogres,0,0
2026-09-01 20:05:34,Darallax,Quest: Sleeping Giants,0,2
2026-09-01 20:05:34,Darallax,Quest: Song of the Elves,0,0
2026-09-01 20:05:34,Darallax,Quest: Spirits of the Elid,0,0
2026-09-01 20:05:34,Darallax,Quest: Swan Song,0,0
2026-09-01 20:05:34,Darallax,Quest: Tale of the Righteous,0,2
2026-09-01 20:05:34,Darallax,Quest: Tears of Guthix,0,0
2026-09-01 20:05:34,Darallax,Quest: Temple of the Eye,0,2
2026-09-01 20:05:34,Darallax,Quest: The Ascent of Arceuus,0,0
2026-09-01 20:05:34,Darallax,Quest: The Blood Moon Rises,0,0
2026-09-01 20:05:34,Darallax,Quest: The Corsair Curse,0,2
2026-09-01 20:05:34,Darallax,Quest: The Curse of Arrav,0,0
2026-09-01 20:05:34,Darallax,Quest: The Depths of Despair,0,2
2026-09-01 20:05:34,Darallax,Quest: The Enchanted Key,0,1
2026-09-01 20:05:34,Darallax,Quest: The Eyes of Glouphrie,0,0
2026-09-01 20:05:34,Darallax,Quest: The Feud,0,2
2026-09-01 20:05:34,Darallax,Quest: The Final Dawn,0,0
2026-09-01 20:05:34,Darallax,Quest: The Forsaken Tower,0,2
2026-09-01 20:05:34,Darallax,Quest: The Fremennik Exiles,0,0
2026-09-01 20:05:34,Darallax,Quest: The Fremennik Isles,0,2
2026-09-01 20:05:34,Darallax,Quest: The Frozen Door,0,0
2026-09-01 20:05:34,Darallax,Quest: The Garden of Death,0,2
2026-09-01 20:05:34,Darallax,Quest: The General's Shadow,0,0
2026-09-01 20:05:34,Darallax,Quest: The Giant Dwarf,0,2
2026-09-01 20:05:34,Darallax,Quest: The Golem,0,2
2026-09-01 20:05:34,Darallax,Quest: The Hand in the Sand,0,0
2026-09-01 20:05:34,Darallax,Quest: The Heart of Darkness,0,0
2026-09-01 20:05:34,Darallax,Quest: The Ides of Milk,0,2
2026-09-01 20:05:34,Darallax,Quest: The Lost Tribe,0,2
2026-09-01 20:05:34,Darallax,Quest: The Path of Glouphrie,0,0
2026-09-01 20:05:34,Darallax,Quest: The Queen of Thieves,0,2
2026-09-01 20:05:34,Darallax,Quest: The Red Reef,0,0
2026-09-01 20:05:34,Darallax,Quest: The Ribbiting Tale of a Lily Pad Labour Dispute,0,2
2026-09-01 20:05:34,Darallax,Quest: The Slug Menace,0,0
2026-09-01 20:05:34,Darallax,Quest: Tower of Life,0,2
2026-09-01 20:05:34,Darallax,Quest: Troubled Tortugans,0,0
2026-09-01 20:05:34,Darallax,Quest: Twilight's Promise,0,0
2026-09-01 20:05:34,Darallax,Quest: Vale Totems,0,0
2026-09-01 20:05:34,Darallax,Quest: Wanted!,0,2
2026-09-01 20:05:34,Darallax,Quest: What Lies Below,0,2
2026-09-01 20:05:34,Darallax,Quest: While Guthix Sleeps,0,0
2026-09-01 20:05:34,Darallax,Quest: X Marks the Spot,0,2
2026-09-01 20:05:34,Darallax,Quest: Zogre Flesh Eaters,0,2
2026-09-01 20:05:34,Darallax,Quest: Big Chompy Bird Hunting,0,2
2026-09-01 20:05:34,Darallax,Quest: Biohazard,0,2
2026-09-01 20:05:34,Darallax,Quest: Black Knights' Fortress,0,2
2026-09-01 20:05:34,Darallax,Quest: Cabin Fever,0,0
2026-09-01 20:05:34,Darallax,Quest: Clock Tower,0,2
2026-09-01 20:05:34,Darallax,Quest: Cook's Assistant,0,2
2026-09-01 20:05:34,Darallax,Quest: Death Plateau,0,2
2026-09-01 20:05:34,Darallax,Quest: Doric's Quest,0,2
2026-09-01 20:05:34,Darallax,Quest: Dragon Slayer I,0,2
2026-09-01 20:05:34,Darallax,Quest: Druidic Ritual,0,2
2026-09-01 20:05:34,Darallax,Quest: Dwarf Cannon,0,2
2026-09-01 20:05:34,Darallax,Quest: Eadgar's Ruse,0,0
2026-09-01 20:05:34,Darallax,Quest: Enter the Abyss,0,2
2026-09-01 20:05:34,Darallax,Quest: Ernest the Chicken,0,2
2026-09-01 20:05:34,Darallax,Quest: Family Crest,0,2
2026-09-01 20:05:34,Darallax,Quest: Fight Arena,0,2
2026-09-01 20:05:34,Darallax,Quest: Fishing Contest,0,2
2026-09-01 20:05:34,Darallax,Quest: Gertrude's Cat,0,2
2026-09-01 20:05:34,Darallax,Quest: Haunted Mine,0,0
2026-09-01 20:05:34,Darallax,Quest: Hazeel Cult,0,2
2026-09-01 20:05:34,Darallax,Quest: Heroes' Quest,0,0
2026-09-01 20:05:34,Darallax,Quest: Holy Grail,0,2
2026-09-01 20:05:34,Darallax,Quest: Imp Catcher,0,2
2026-09-01 20:05:34,Darallax,Quest: In Search of the Myreque,0,2
2026-09-01 20:05:34,Darallax,Quest: Jungle Potion,0,2
2026-09-01 20:05:34,Darallax,Quest: Learning the Ropes,0,2
2026-09-01 20:05:34,Darallax,Quest: Legends' Quest,0,0
2026-09-01 20:05:34,Darallax,Quest: Lost City,0,2
2026-09-01 20:05:34,Darallax,Quest: Mage Arena I,0,0
2026-09-01 20:05:34,Darallax,Quest: Merlin's Crystal,0,2
2026-09-01 20:05:34,Darallax,Quest: Monk's Friend,0,2
2026-09-01 20:05:34,Darallax,Quest: Monkey Madness I,0,2
2026-09-01 20:05:34,Darallax,Quest: Mourning's End Part I,0,2
2026-09-01 20:05:34,Darallax,Quest: Murder Mystery,0,2
2026-09-01 20:05:34,Darallax,Quest: Nature Spirit,0,2
2026-09-01 20:05:34,Darallax,Quest: Observatory Quest,0,2
2026-09-01 20:05:34,Darallax,Quest: One Small Favour,0,2
2026-09-01 20:05:34,Darallax,Quest: Pirate's Treasure,0,2
2026-09-01 20:05:34,Darallax,Quest: Plague City,0,2
2026-09-01 20:05:34,Darallax,Quest: Priest in Peril,0,2
2026-09-01 20:05:34,Darallax,Quest: Prince Ali Rescue,0,2
2026-09-01 20:05:34,Darallax,Quest: Rag and Bone Man I,0,2
2026-09-01 20:05:34,Darallax,Quest: Rag and Bone Man II,0,1
2026-09-01 20:05:34,Darallax,Quest: Regicide,0,2
2026-09-01 20:05:34,Darallax,Quest: Romeo & Juliet,0,2
2026-09-01 20:05:34,Darallax,Quest: Roving Elves,0,2
2026-09-01 20:05:34,Darallax,Quest: Rum Deal,0,0
2026-09-01 20:05:34,Darallax,Quest: Rune Mysteries,0,2
2026-09-01 20:05:34,Darallax,Quest: Scorpion Catcher,0,2
2026-09-01 20:05:34,Darallax,Quest: Sea Slug,0,0
2026-09-01 20:05:34,Darallax,Quest: Shades of Mort'ton,0,2
2026-09-01 20:05:34,Darallax,Quest: Sheep Herder,0,2
2026-09-01 20:05:34,Darallax,Quest: Sheep Shearer,0,2
2026-09-01 20:05:34,Darallax,Quest: Shilo Village,0,2
2026-09-01 20:05:34,Darallax,Quest: Tai Bwo Wannai Trio,0,2
2026-09-01 20:05:34,Darallax,Quest: Temple of Ikov,0,0
2026-09-01 20:05:34,Darallax,Quest: The Dig Site,0,2
2026-09-01 20:05:34,Darallax,Quest: The Fremennik Trials,0,2
2026-09-01 20:05:34,Darallax,Quest: The Grand Tree,0,2
2026-09-01 20:05:34,Darallax,Quest: The Great Brain Robbery,0,0
2026-09-01 20:05:34,Darallax,Quest: The Knight's Sword,0,2
2026-09-01 20:05:34,Darallax,Quest: The Restless Ghost,0,2
2026-09-01 20:05:34,Darallax,Quest: The Tourist Trap,0,2
2026-09-01 20:05:34,Darallax,Quest: Throne of Miscellania,0,0
2026-09-01 20:05:34,Darallax,Quest: Tree Gnome Village,0,2
2026-09-01 20:05:34,Darallax,Quest: Tribal Totem,0,2
2026-09-01 20:05:34,Darallax,Quest: Troll Romance,0,2
2026-09-01 20:05:34,Darallax,Quest: Troll Stronghold,0,2
2026-09-01 20:05:34,Darallax,Quest: Underground Pass,0,2
2026-09-01 20:05:34,Darallax,Quest: Vampyre Slayer,0,2
2026-09-01 20:05:34,Darallax,Quest: Watchtower,0,0
2026-09-01 20:05:34,Darallax,Quest: Waterfall Quest,0,2
2026-09-01 20:05:34,Darallax,Quest: Witch's House,0,2
2026-09-01 20:05:34,Darallax,Quest: Witch's Potion,0,2
2026-09-01 20:05:34,Darallax,Diary: Ardougne (Easy),0,1
2026-09-01 20:05:34,Darallax,Diary: Ardougne (Elite),0,0
2026-09-01 20:05:34,Darallax,Diary: Ardougne (Hard),0,0
2026-09-01 20:05:34,Darallax,Diary: Ardougne (Medium),0,0
2026-09-01 20:05:34,Darallax,Diary: Desert (Easy),0,1
2026-09-01 20:05:34,Darallax,Diary: Desert (Elite),0,0
2026-09-01 20:05:34,Darallax,Diary: Desert (Hard),0,0
2026-09-01 20:05:34,Darallax,Diary: Desert (Medium),0,0
2026-09-01 20:05:34,Darallax,Diary: Falador (Easy),0,1
2026-09-01 20:05:34,Darallax,Diary: Falador (Elite),0,0
2026-09-01 20:05:34,Darallax,Diary: Falador (Hard),0,0
2026-09-01 20:05:34,Darallax,Diary: Falador (Medium),0,0
2026-09-01 20:05:34,Darallax,Diary: Fremennik (Easy),0,1
2026-09-01 20:05:34,Darallax,Diary: Fremennik (Elite),0,0
2026-09-01 20:05:34,Darallax,Diary: Fremennik (Hard),0,0
2026-09-01 20:05:34,Darallax,Diary: Fremennik (Medium),0,0
2026-09-01 20:05:34,Darallax,Diary: Kandarin (Easy),0,1
2026-09-01 20:05:34,Darallax,Diary: Kandarin (Elite),0,0
2026-09-01 20:05:34,Darallax,Diary: Kandarin (Hard),0,0
2026-09-01 20:05:34,Darallax,Diary: Kandarin (Medium),0,0
2026-09-01 20:05:34,Darallax,Diary: Karamja (Easy),0,1
2026-09-01 20:05:34,Darallax,Diary: Karamja (Elite),0,0
2026-09-01 20:05:34,Darallax,Diary: Karamja (Hard),0,0
2026-09-01 20:05:34,Darallax,Diary: Karamja (Medium),0,0
2026-09-01 20:05:34,Darallax,Diary: Kourend & Kebos (Easy),0,1
2026-09-01 20:05:34,Darallax,Diary: Kourend & Kebos (Elite),0,0
2026-09-01 20:05:34,Darallax,Diary: Kourend & Kebos (Hard),0,0
2026-09-01 20:05:34,Darallax,Diary: Kourend & Kebos (Medium),0,0
2026-09-01 20:05:34,Darallax,Diary: Lumbridge & Draynor (Easy),0,1
2026-09-01 20:05:34,Darallax,Diary: Lumbridge & Draynor (Elite),0,0
2026-09-01 20:05:34,Darallax,Diary: Lumbridge & Draynor (Hard),0,0
2026-09-01 20:05:34,Darallax,Diary: Lumbridge & Draynor (Medium),0,0
2026-09-01 20:05:34,Darallax,Diary: Morytania (Easy),0,1
2026-09-01 20:05:34,Darallax,Diary: Morytania (Elite),0,0
2026-09-01 20:05:34,Darallax,Diary: Morytania (Hard),0,0
2026-09-01 20:05:34,Darallax,Diary: Morytania (Medium),0,0
2026-09-01 20:05:34,Darallax,Diary: Varrock (Easy),0,1
2026-09-01 20:05:34,Darallax,Diary: Varrock (Elite),0,0
2026-09-01 20:05:34,Darallax,Diary: Varrock (Hard),0,0
2026-09-01 20:05:34,Darallax,Diary: Varrock (Medium),0,1
2026-09-01 20:05:34,Darallax,Diary: Western Provinces (Easy),0,1
2026-09-01 20:05:34,Darallax,Diary: Western Provinces (Elite),0,0
2026-09-01 20:05:34,Darallax,Diary: Western Provinces (Hard),0,0
2026-09-01 20:05:34,Darallax,Diary: Western Provinces (Medium),0,1
2026-09-01 20:05:34,Darallax,Diary: Wilderness (Easy),0,1
2026-09-01 20:05:34,Darallax,Diary: Wilderness (Elite),0,0
2026-09-01 20:05:34,Darallax,Diary: Wilderness (Hard),0,0
2026-09-01 20:05:34,Darallax,Diary: Wilderness (Medium),0,0
2026-09-01 20:05:34,Darallax,Combat Achievement: 28,0,1
2026-09-01 20:05:34,Darallax,Combat Achievement: 80,0,1
2026-09-01 20:05:34,Darallax,Combat Achievement: 122,0,1
2026-09-01 20:05:34,Darallax,Combat Achievement: 353,0,1
2026-09-01 20:05:34,Darallax,Combat Achievement: 354,0,1
2026-09-01 20:05:34,Darallax,Combat Achievement: 356,0,1
2026-09-01 20:05:34,Darallax,Combat Achievement: 357,0,1
2026-09-01 20:05:34,Darallax,Combat Achievement: 359,0,1
2026-09-01 20:05:34,Darallax,Music Track: 7th Realm,0,0
2026-09-01 20:05:34,Darallax,Music Track: Adventure,0,1
2026-09-01 20:05:34,Darallax,Music Track: Al Kharid,0,1
2026-09-01 20:05:34,Darallax,Music Track: Alchemical Attack!,0,0
2026-09-01 20:05:34,Darallax,Music Track: All Aboard,0,1
2026-09-01 20:05:34,Darallax,Music Track: All the Trimmings,0,0
2026-09-01 20:05:34,Darallax,Music Track: All's Fairy in Love & War,0,1
2026-09-01 20:05:34,Darallax,Music Track: Alone,0,1
2026-09-01 20:05:34,Darallax,Music Track: Altar Ego,0,0
2026-09-01 20:05:34,Darallax,Music Track: Alternative Root,0,0
2026-09-01 20:05:34,Darallax,Music Track: Amascut's Promise,0,0
2026-09-01 20:05:34,Darallax,Music Track: Ambient Jungle,0,1
2026-09-01 20:05:34,Darallax,Music Track: The Ancient Prison,0,0
2026-09-01 20:05:34,Darallax,Music Track: The Angel's Fury,0,0
2026-09-01 20:05:34,Darallax,Music Track: Anywhere,0,1
2026-09-01 20:05:34,Darallax,Music Track: Ape-ex Predator,0,0
2026-09-01 20:05:34,Darallax,Music Track: Arabian,0,1
2026-09-01 20:05:34,Darallax,Music Track: Arabian 2,0,1
2026-09-01 20:05:34,Darallax,Music Track: Arabian 3,0,1
2026-09-01 20:05:34,Darallax,Music Track: Arabique,0,1
2026-09-01 20:05:34,Darallax,Music Track: Arachnids of Vampyrium,0,0
2026-09-01 20:05:34,Darallax,Music Track: Arboretum,0,1
2026-09-01 20:05:34,Darallax,Music Track: Arcane,0,1
2026-09-01 20:05:34,Darallax,Music Track: Architects of Prifddinas,0,0
2026-09-01 20:05:34,Darallax,Music Track: Are You Not Entertained?,0,0
2026-09-01 20:05:34,Darallax,Music Track: Armadyl Alliance,0,0
2026-09-01 20:05:34,Darallax,Music Track: Armageddon,0,0
2026-09-01 20:05:34,Darallax,Music Track: Army of Darkness,0,1
2026-09-01 20:05:34,Darallax,Music Track: Arrival,0,1
2026-09-01 20:05:34,Darallax,Music Track: Artistry,0,1
2026-09-01 20:05:34,Darallax,Music Track: Ascent,0,1
2026-09-01 20:05:34,Darallax,Music Track: Assault and Battery,0,1
2026-09-01 20:05:34,Darallax,Music Track: Attack 1,0,1
2026-09-01 20:05:34,Darallax,Music Track: Attack 2,0,1
2026-09-01 20:05:34,Darallax,Music Track: Attack 3,0,1
2026-09-01 20:05:34,Darallax,Music Track: Attack 4,0,1
2026-09-01 20:05:34,Darallax,Music Track: Attack 5,0,1
2026-09-01 20:05:34,Darallax,Music Track: Attack 6,0,1
2026-09-01 20:05:34,Darallax,Music Track: Attention,0,1
2026-09-01 20:05:34,Darallax,Music Track: Autumn Voyage,0,1
2026-09-01 20:05:34,Darallax,Music Track: Awful Anthem,0,0
2026-09-01 20:05:34,Darallax,Music Track: Aye Car Rum Ba,0,0
2026-09-01 20:05:34,Darallax,Music Track: Aztec,0,1
2026-09-01 20:05:34,Darallax,Music Track: Back to Life,0,0
2026-09-01 20:05:34,Darallax,Music Track: Background,0,1
2026-09-01 20:05:34,Darallax,Music Track: Bait,0,1
2026-09-01 20:05:34,Darallax,Music Track: Ballad of Enchantment,0,1
2026-09-01 20:05:34,Darallax,Music Track: Ballad of the Basilisk,0,0
2026-09-01 20:05:34,Darallax,Music Track: Bandit Camp,0,0
2026-09-01 20:05:34,Darallax,Music Track: Bandos Battalion,0,0
2026-09-01 20:05:34,Darallax,Music Track: Bane,0,0
2026-09-01 20:05:34,Darallax,Music Track: The Bane of Ashihama,0,0
2026-09-01 20:05:34,Darallax,Music Track: Barb Wire,0,0
2026-09-01 20:05:34,Darallax,Music Track: Barbarian Workout,0,1
2026-09-01 20:05:34,Darallax,Music Track: Barbarianism,0,1
2026-09-01 20:05:34,Darallax,Music Track: Barking Mad,0,0
2026-09-01 20:05:34,Darallax,Music Track: Baroque,0,1
2026-09-01 20:05:34,Darallax,Music Track: Barren Land,0,0
2026-09-01 20:05:34,Darallax,Music Track: Beetle Juice,0,0
2026-09-01 20:05:34,Darallax,Music Track: Below the Conch,0,0
2026-09-01 20:05:34,Darallax,Music Track: Beneath Cursed Sands,0,0
2026-09-01 20:05:34,Darallax,Music Track: Beneath the Kingdom,0,1
2026-09-01 20:05:34,Darallax,Music Track: Beneath the Stronghold,0,0
2026-09-01 20:05:34,Darallax,Music Track: Beyond,0,1
2026-09-01 20:05:34,Darallax,Music Track: Beyond the Meadow,0,1
2026-09-01 20:05:34,Darallax,Music Track: Big Chords,0,1
2026-09-01 20:05:34,Darallax,Music Track: Black of Knight,0,0
2026-09-01 20:05:34,Darallax,Music Track: Blistering Barnacles,0,0
2026-09-01 20:05:34,Darallax,Music Track: The Blood Moon Rises,0,0
2026-09-01 20:05:34,Darallax,Music Track: Blood Rush,0,0
2026-09-01 20:05:34,Darallax,Music Track: Bloodbath,0,1
2026-09-01 20:05:34,Darallax,Music Track: Boat 'Em Up,0,0
2026-09-01 20:05:34,Darallax,Music Track: Bob's on Holiday,0,0
2026-09-01 20:05:34,Darallax,Music Track: Body Parts,0,1
2026-09-01 20:05:34,Darallax,Music Track: Bolrie's Diary,0,0
2026-09-01 20:05:34,Darallax,Music Track: Bone Dance,0,1
2026-09-01 20:05:34,Darallax,Music Track: Bone Dry,0,0
2026-09-01 20:05:34,Darallax,Music Track: Book of Spells,0,1
2026-09-01 20:05:34,Darallax,Music Track: Borderland,0,1
2026-09-01 20:05:34,Darallax,Music Track: Boss Moosic,0,1
2026-09-01 20:05:34,Darallax,Music Track: Box of Delights,0,0
2026-09-01 20:05:34,Darallax,Music Track: Brain Battle,0,0
2026-09-01 20:05:34,Darallax,Music Track: Breeze,0,1
2026-09-01 20:05:34,Darallax,Music Track: Brew Hoo Hoo!,0,0
2026-09-01 20:05:34,Darallax,Music Track: The Bridge,0,0
2026-09-01 20:05:34,Darallax,Music Track: Brimstail's Scales,0,1
2026-09-01 20:05:34,Darallax,Music Track: Bubble and Squeak,0,0
2026-09-01 20:05:34,Darallax,Music Track: Bunny's Sugar Rush,0,0
2026-09-01 20:05:34,Darallax,Music Track: Burning Desire,0,1
2026-09-01 20:05:34,Darallax,Music Track: The Burning Sun,0,1
2026-09-01 20:05:34,Darallax,Music Track: Business as Unusual,0,0
2026-09-01 20:05:34,Darallax,Music Track: Cabin Fever,0,0
2026-09-01 20:05:34,Darallax,Music Track: Cain's Tutorial,0,1
2026-09-01 20:05:34,Darallax,Music Track: Call of the Tlati,0,1
2026-09-01 20:05:34,Darallax,Music Track: Camelot,0,1
2026-09-01 20:05:34,Darallax,Music Track: Cannonballin',0,0
2026-09-01 20:05:34,Darallax,Music Track: Castle Drakan,0,0
2026-09-01 20:05:34,Darallax,Music Track: Castle Wars,0,0
2026-09-01 20:05:34,Darallax,Music Track: Catacombs and Tombs,0,0
2026-09-01 20:05:34,Darallax,Music Track: Catch Me If You Can,0,0
2026-09-01 20:05:34,Darallax,Music Track: Cave Background,0,1
2026-09-01 20:05:34,Darallax,Music Track: Cave of Beasts,0,1
2026-09-01 20:05:34,Darallax,Music Track: Cave of the Goblins,0,1
2026-09-01 20:05:34,Darallax,Music Track: Cavern,0,0
2026-09-01 20:05:34,Darallax,Music Track: The Cellar Dwellers,0,1
2026-09-01 20:05:34,Darallax,Music Track: Cellar Song,0,0
2026-09-01 20:05:34,Darallax,Music Track: Chain of Command,0,0
2026-09-01 20:05:34,Darallax,Music Track: Chamber,0,0
2026-09-01 20:05:34,Darallax,Music Track: Chef Surprise,0,0
2026-09-01 20:05:34,Darallax,Music Track: Chickened Out,0,0
2026-09-01 20:05:34,Darallax,Music Track: Children of the Sun,0,1
2026-09-01 20:05:34,Darallax,Music Track: Chompy Hunt,0,1
2026-09-01 20:05:34,Darallax,Music Track: The Chosen,0,1
2026-09-01 20:05:34,Darallax,Music Track: The City of Sun,0,1
2026-09-01 20:05:34,Darallax,Music Track: City of the Dead,0,1
2026-09-01 20:05:34,Darallax,Music Track: Clan Wars,0,0
2026-09-01 20:05:34,Darallax,Music Track: Clanliness,0,0
2026-09-01 20:05:34,Darallax,Music Track: Claustrophobia,0,0
2026-09-01 20:05:34,Darallax,Music Track: Close Quarters,0,1
2026-09-01 20:05:34,Darallax,Music Track: Coil,0,0
2026-09-01 20:05:34,Darallax,Music Track: Colossus of the Deep,0,0
2026-09-01 20:05:34,Darallax,Music Track: Competition,0,1
2026-09-01 20:05:34,Darallax,Music Track: Complication,0,1
2026-09-01 20:05:34,Darallax,Music Track: Confrontation,0,0
2026-09-01 20:05:34,Darallax,Music Track: The Consortium,0,1
2026-09-01 20:05:34,Darallax,Music Track: Conspiracy,0,1
2026-09-01 20:05:34,Darallax,Music Track: Contest,0,1
2026-09-01 20:05:34,Darallax,Music Track: Corporal Punishment,0,1
2026-09-01 20:05:34,Darallax,Music Track: Corridors of Power,0,0
2026-09-01 20:05:34,Darallax,Music Track: Country Jig,0,1
2026-09-01 20:05:34,Darallax,Music Track: Courage,0,1
2026-09-01 20:05:34,Darallax,Music Track: Crashing Waves,0,0
2026-09-01 20:05:34,Darallax,Music Track: Creature Cruelty,0,1
2026-09-01 20:05:34,Darallax,Music Track: Creatures of Varlamore,0,1
2026-09-01 20:05:34,Darallax,Music Track: Creeping Vines,0,0
2026-09-01 20:05:34,Darallax,Music Track: Crest of a Wave,0,1
2026-09-01 20:05:34,Darallax,Music Track: Crystal Castle,0,1
2026-09-01 20:05:34,Darallax,Music Track: Crystal Cave,0,1
2026-09-01 20:05:34,Darallax,Music Track: Crystal Sword,0,1
2026-09-01 20:05:34,Darallax,Music Track: Cursed,0,1
2026-09-01 20:05:34,Darallax,Music Track: The Curtain Closes,0,0
2026-09-01 20:05:34,Darallax,Music Track: Dagannoth Dawn,0,0
2026-09-01 20:05:34,Darallax,Music Track: Dance of Death,0,1
2026-09-01 20:05:34,Darallax,Music Track: Dance of the Meilyr,0,0
2026-09-01 20:05:34,Darallax,Music Track: Dance of the Nylocas,0,0
2026-09-01 20:05:34,Darallax,Music Track: Dance of the Undead,0,1
2026-09-01 20:05:34,Darallax,Music Track: Dangerous,0,1
2026-09-01 20:05:34,Darallax,Music Track: A Dangerous Game,0,0
2026-09-01 20:05:34,Darallax,Music Track: Dangerous Logic,0,0
2026-09-01 20:05:34,Darallax,Music Track: Dangerous Road,0,1
2026-09-01 20:05:34,Darallax,Music Track: Dangerous Way,0,1
2026-09-01 20:05:34,Darallax,Music Track: Dark,0,1
2026-09-01 20:05:34,Darallax,Music Track: The Dark Beast Sotetseg,0,0
2026-09-01 20:05:34,Darallax,Music Track: Darkly Altared,0,0
2026-09-01 20:05:34,Darallax,Music Track: Darkmeyer,0,1
2026-09-01 20:05:34,Darallax,Music Track: Darkness in the Depths,0,0
2026-09-01 20:05:34,Darallax,Music Track: Davy Jones' Locker,0,0
2026-09-01 20:05:34,Darallax,Music Track: Dawn,0,0
2026-09-01 20:05:34,Darallax,Music Track: Dead Can Dance,0,1
2026-09-01 20:05:34,Darallax,Music Track: Dead Quiet,0,1
2026-09-01 20:05:34,Darallax,Music Track: Deadlands,0,1
2026-09-01 20:05:34,Darallax,Music Track: Deep Down,0,0
2026-09-01 20:05:34,Darallax,Music Track: Deep Wildy,0,1
2026-09-01 20:05:34,Darallax,Music Track: Delrith,0,1
2026-09-01 20:05:34,Darallax,Music Track: The Depths,0,0
2026-09-01 20:05:34,Darallax,Music Track: Desert Heat,0,1
2026-09-01 20:05:34,Darallax,Music Track: Desert Voyage,0,1
2026-09-01 20:05:34,Darallax,Music Track: The Desert,0,1
2026-09-01 20:05:34,Darallax,Music Track: The Desolate Isle,0,1
2026-09-01 20:05:34,Darallax,Music Track: The Desolate Mage,0,0
2026-09-01 20:05:34,Darallax,Music Track: A Desolate Past,0,0
2026-09-01 20:05:34,Darallax,Music Track: Devils May Care,0,0
2026-09-01 20:05:34,Darallax,Music Track: Diango's Little Helpers,0,0
2026-09-01 20:05:34,Darallax,Music Track: Dies Irae,0,0
2026-09-01 20:05:34,Darallax,Music Track: Dimension X,0,0
2026-09-01 20:05:34,Darallax,Music Track: Distant Land,0,1
2026-09-01 20:05:34,Darallax,Music Track: Distillery Hilarity,0,0
2026-09-01 20:05:34,Darallax,Music Track: Dogfight,0,0
2026-09-01 20:05:34,Darallax,Music Track: Dogs of War,0,1
2026-09-01 20:05:34,Darallax,Music Track: Domain of the Vampyres,0,1
2026-09-01 20:05:34,Darallax,Music Track: Don't Panic Zanik,0,0
2026-09-01 20:05:34,Darallax,Music Track: The Doom,0,0
2026-09-01 20:05:34,Darallax,Music Track: The Doors of Dinh,0,1
2026-09-01 20:05:34,Darallax,Music Track: Doorways,0,1
2026-09-01 20:05:34,Darallax,Music Track: Dorgeshuun City,0,1
2026-09-01 20:05:34,Darallax,Music Track: Dorgeshuun Deep,0,0
2026-09-01 20:05:34,Darallax,Music Track: Dorgeshuun Treaty,0,1
2026-09-01 20:05:34,Darallax,Music Track: Dot's Yuletide,0,0
2026-09-01 20:05:34,Darallax,Music Track: Down Below,0,1
2026-09-01 20:05:34,Darallax,Music Track: Down and Out,0,0
2026-09-01 20:05:34,Darallax,Music Track: Down by the Docks,0,1
2026-09-01 20:05:34,Darallax,Music Track: Down to Earth,0,1
2026-09-01 20:05:34,Darallax,Music Track: The Dragon Slayer,0,0
2026-09-01 20:05:34,Darallax,Music Track: Dragontooth Island,0,1
2026-09-01 20:05:34,Darallax,Music Track: Dream,0,1
2026-09-01 20:05:34,Darallax,Music Track: The Dream Theatre,0,0
2026-09-01 20:05:34,Darallax,Music Track: Dreamstate,0,0
2026-09-01 20:05:34,Darallax,Music Track: Dunes of Eternity,0,0
2026-09-01 20:05:34,Darallax,Music Track: Dunjun,0,1
2026-09-01 20:05:34,Darallax,Music Track: Dusk in Yu'biusk,0,0
2026-09-01 20:05:34,Darallax,Music Track: Dwarf Theme,0,1
2026-09-01 20:05:34,Darallax,Music Track: Dwarven Domain,0,1
2026-09-01 20:05:34,Darallax,Music Track: Dynasty,0,1
2026-09-01 20:05:34,Darallax,Music Track: Eagles' Peak,0,0
2026-09-01 20:05:34,Darallax,Music Track: Easter Jig,0,0
2026-09-01 20:05:34,Darallax,Music Track: Echoes of the North,0,0
2026-09-01 20:05:34,Darallax,Music Track: Egypt,0,1
2026-09-01 20:05:34,Darallax,Music Track: Elder Wisdom,0,0
2026-09-01 20:05:34,Darallax,Music Track: Elven Guardians,0,0
2026-09-01 20:05:34,Darallax,Music Track: Elven Mist,0,1
2026-09-01 20:05:34,Darallax,Music Track: Elven Seed,0,0
2026-09-01 20:05:34,Darallax,Music Track: The Emir's Arena,0,1
2026-09-01 20:05:34,Darallax,Music Track: Emissaries of Twilight,0,0
2026-09-01 20:05:34,Darallax,Music Track: Emotion,0,1
2026-09-01 20:05:34,Darallax,Music Track: Emperor,0,1
2026-09-01 20:05:34,Darallax,Music Track: The Enchanter,0,0
2026-09-01 20:05:34,Darallax,Music Track: The Enclave,0,1
2026-09-01 20:05:34,Darallax,Music Track: Escape,0,1
2026-09-01 20:05:34,Darallax,Music Track: Espionage,0,0
2026-09-01 20:05:34,Darallax,Music Track: Etceteria,0,0
2026-09-01 20:05:34,Darallax,Music Track: The Eternal Waves,0,0
2026-09-01 20:05:34,Darallax,Music Track: Eve's Epinette,0,0
2026-09-01 20:05:34,Darallax,Music Track: Everlasting,0,0
2026-09-01 20:05:34,Darallax,Music Track: Everlasting Fire,0,1
2026-09-01 20:05:34,Darallax,Music Track: The Everlasting Slumber,0,1
2026-09-01 20:05:34,Darallax,Music Track: Everywhere,0,0
2026-09-01 20:05:34,Darallax,Music Track: Evil Bob's Island,0,1
2026-09-01 20:05:34,Darallax,Music Track: The Evil Within,0,0
2026-09-01 20:05:34,Darallax,Music Track: Expanse,0,1
2026-09-01 20:05:34,Darallax,Music Track: Expecting,0,1
2026-09-01 20:05:34,Darallax,Music Track: Expedition,0,1
2026-09-01 20:05:34,Darallax,Music Track: Exposed,0,1
2026-09-01 20:05:34,Darallax,Music Track: Eye See You,0,0
2026-09-01 20:05:34,Darallax,Music Track: Eye of the Storm,0,1
2026-09-01 20:05:34,Darallax,Music Track: Faerie,0,1
2026-09-01 20:05:34,Darallax,Music Track: The Fairy Dragon,0,0
2026-09-01 20:05:34,Darallax,Music Track: Faith of the Hefin,0,0
2026-09-01 20:05:34,Darallax,Music Track: Faithless,0,1
2026-09-01 20:05:34,Darallax,Music Track: The Fallen Empire,0,0
2026-09-01 20:05:34,Darallax,Music Track: Fanfare,0,1
2026-09-01 20:05:34,Darallax,Music Track: Fanfare 2,0,1
2026-09-01 20:05:34,Darallax,Music Track: Fanfare 3,0,1
2026-09-01 20:05:34,Darallax,Music Track: Fangs for the Memory,0,1
2026-09-01 20:05:34,Darallax,Music Track: Far Away,0,1
2026-09-01 20:05:34,Darallax,Music Track: The Far Side,0,0
2026-09-01 20:05:34,Darallax,Music Track: A Farmer's Grind,0,0
2026-09-01 20:05:34,Darallax,Music Track: The Fat Lady Sings,0,0
2026-09-01 20:05:34,Darallax,Music Track: Fe Fi Fo Fum,0,0
2026-09-01 20:05:34,Darallax,Music Track: Fear and Loathing,0,1
2026-09-01 20:05:34,Darallax,Music Track: The Feathered Serpent,0,0
2026-09-01 20:05:34,Darallax,Music Track: Fenkenstrain's Refrain,0,1
2026-09-01 20:05:34,Darallax,Music Track: A Festive Party,0,0
2026-09-01 20:05:34,Darallax,Music Track: Fight of the Basilisk,0,0
2026-09-01 20:05:34,Darallax,Music Track: Fight or Flight,0,1
2026-09-01 20:05:34,Darallax,Music Track: Find My Way,0,1
2026-09-01 20:05:34,Darallax,Music Track: Fire and Brimstone,0,1
2026-09-01 20:05:34,Darallax,Music Track: Fire in the Deep,0,0
2026-09-01 20:05:34,Darallax,Music Track: The Fires of Lletya,0,0
2026-09-01 20:05:34,Darallax,Music Track: Fishing,0,1
2026-09-01 20:05:34,Darallax,Music Track: Floating Free,0,1
2026-09-01 20:05:34,Darallax,Music Track: Flute Salad,0,1
2026-09-01 20:05:34,Darallax,Music Track: Food for Thought,0,1
2026-09-01 20:05:34,Darallax,Music Track: Forbidden,0,1
2026-09-01 20:05:34,Darallax,Music Track: Forest,0,1
2026-09-01 20:05:34,Darallax,Music Track: The Forests of Shayzien,0,1
2026-09-01 20:05:34,Darallax,Music Track: Forever,0,1
2026-09-01 20:05:34,Darallax,Music Track: Forgettable Melody,0,0
2026-09-01 20:05:34,Darallax,Music Track: Forgotten,0,1
2026-09-01 20:05:34,Darallax,Music Track: A Forgotten Religion,0,0
2026-09-01 20:05:34,Darallax,Music Track: The Forgotten Tomb,0,0
2026-09-01 20:05:34,Darallax,Music Track: The Forlorn Homestead,0,1
2026-09-01 20:05:34,Darallax,Music Track: The Forsaken Tower,0,1
2026-09-01 20:05:34,Darallax,Music Track: The Forsaken,0,0
2026-09-01 20:05:34,Darallax,Music Track: Fossilised,0,0
2026-09-01 20:05:34,Darallax,Music Track: The Foundry,0,1
2026-09-01 20:05:34,Darallax,Music Track: The Fragment,0,0
2026-09-01 20:05:34,Darallax,Music Track: The Fremennik Kings,0,1
2026-09-01 20:05:34,Darallax,Music Track: Frogland,0,1
2026-09-01 20:05:34,Darallax,Music Track: Frostbite,0,0
2026-09-01 20:05:34,Darallax,Music Track: Fruits de Mer,0,0
2026-09-01 20:05:34,Darallax,Music Track: Ful to the Brim,0,0
2026-09-01 20:05:34,Darallax,Music Track: Funny Bunnies,0,0
2026-09-01 20:05:34,Darallax,Music Track: The Galleon,0,0
2026-09-01 20:05:34,Darallax,Music Track: Gaol,0,0
2026-09-01 20:05:34,Darallax,Music Track: Garden,0,1
2026-09-01 20:05:34,Darallax,Music Track: Garden of Autumn,0,0
2026-09-01 20:05:34,Darallax,Music Track: Garden of Spring,0,0
2026-09-01 20:05:34,Darallax,Music Track: Garden of Summer,0,0
2026-09-01 20:05:34,Darallax,Music Track: Garden of Winter,0,0
2026-09-01 20:05:34,Darallax,Music Track: The Gates of Menaphos,0,0
2026-09-01 20:05:34,Darallax,Music Track: Gathering,0,0
2026-09-01 20:05:34,Darallax,Music Track: The Gauntlet,0,0
2026-09-01 20:05:34,Darallax,Music Track: The Genie,0,0
2026-09-01 20:05:34,Darallax,Music Track: Getting Down to Business,0,1
2026-09-01 20:05:34,Darallax,Music Track: Gill Bill,0,1
2026-09-01 20:05:34,Darallax,Music Track: Gnome King,0,1
2026-09-01 20:05:34,Darallax,Music Track: Gnome Village,0,1
2026-09-01 20:05:34,Darallax,Music Track: Gnome Village 2,0,1
2026-09-01 20:05:34,Darallax,Music Track: Gnome Village Party,0,1
2026-09-01 20:05:34,Darallax,Music Track: Gnomeball,0,1
2026-09-01 20:05:34,Darallax,Music Track: Goblin Game,0,1
2026-09-01 20:05:34,Darallax,Music Track: Goblin Village,0,1
2026-09-01 20:05:34,Darallax,Music Track: Golden Touch,0,0
2026-09-01 20:05:34,Darallax,Music Track: The Golem,0,1
2026-09-01 20:05:34,Darallax,Music Track: The Great North,0,0
2026-09-01 20:05:34,Darallax,Music Track: Greatness,0,1
2026-09-01 20:05:34,Darallax,Music Track: Grimly Fiendish,0,0
2026-09-01 20:05:34,Darallax,Music Track: Grip of the Talon,0,1
2026-09-01 20:05:34,Darallax,Music Track: Grotto,0,1
2026-09-01 20:05:34,Darallax,Music Track: Grow Grow Grow,0,0
2026-09-01 20:05:34,Darallax,Music Track: Grumpy,0,1
2026-09-01 20:05:34,Darallax,Music Track: The Guardian of Tapoyauik,0,0
2026-09-01 20:05:34,Darallax,Music Track: The Guardians Prepare,0,1
2026-09-01 20:05:34,Darallax,Music Track: Guardians of the Rift,0,1
2026-09-01 20:05:34,Darallax,Music Track: The Guidance of Ralos,0,0
2026-09-01 20:05:34,Darallax,Music Track: H.A.M. Attack,0,1
2026-09-01 20:05:34,Darallax,Music Track: H.A.M. Fisted,0,1
2026-09-01 20:05:34,Darallax,Music Track: H.A.M. and Seek,0,1
2026-09-01 20:05:34,Darallax,Music Track: Harmony,0,1
2026-09-01 20:05:34,Darallax,Music Track: Harmony 2,0,1
2026-09-01 20:05:34,Darallax,Music Track: Haunted Mine,0,0
2026-09-01 20:05:34,Darallax,Music Track: Have a Blast,0,0
2026-09-01 20:05:34,Darallax,Music Track: Have an Ice Day,0,0
2026-09-01 20:05:34,Darallax,Music Track: Head to Head,0,1
2026-09-01 20:05:34,Darallax,Music Track: Healin' Feelin',0,0
2026-09-01 20:05:34,Darallax,Music Track: Heart and Mind,0,0
2026-09-01 20:05:34,Darallax,Music Track: Heavy Security,0,0
2026-09-01 20:05:34,Darallax,Music Track: The Heist,0,0
2026-09-01 20:05:34,Darallax,Music Track: Hells Bells,0,1
2026-09-01 20:05:34,Darallax,Music Track: Hermit,0,1
2026-09-01 20:05:34,Darallax,Music Track: High Seas,0,1
2026-09-01 20:05:34,Darallax,Music Track: High Spirits,0,0
2026-09-01 20:05:34,Darallax,Music Track: His Faithful Servants,0,0
2026-09-01 20:05:34,Darallax,Music Track: Hoe Down,0,0
2026-09-01 20:05:34,Darallax,Music Track: Home,0,0
2026-09-01 20:05:34,Darallax,Music Track: Home Sweet Home,0,1
2026-09-01 20:05:34,Darallax,Music Track: Honkytonky Sea Shanty 2,0,1
2026-09-01 20:05:34,Darallax,Music Track: Horizon,0,1
2026-09-01 20:05:34,Darallax,Music Track: The Houses of Kourend,0,0
2026-09-01 20:05:34,Darallax,Music Track: Hunted,0,0
2026-09-01 20:05:34,Darallax,Music Track: Hypnotised,0,1
2026-09-01 20:05:34,Darallax,Music Track: I'm Sorry,0,0
2026-09-01 20:05:34,Darallax,Music Track: Iban,0,1
2026-09-01 20:05:34,Darallax,Music Track: Ice Melody,0,1
2026-09-01 20:05:34,Darallax,Music Track: Ice and Fire,0,0
2026-09-01 20:05:34,Darallax,Music Track: Illusive,0,0
2026-09-01 20:05:34,Darallax,Music Track: Impetuous,0,0
2026-09-01 20:05:34,Darallax,Music Track: Impulses,0,1
2026-09-01 20:05:34,Darallax,Music Track: In Between,0,0
2026-09-01 20:05:34,Darallax,Music Track: In the Brine,0,0
2026-09-01 20:05:34,Darallax,Music Track: In the Clink,0,1
2026-09-01 20:05:34,Darallax,Music Track: In the Manor,0,0
2026-09-01 20:05:34,Darallax,Music Track: In the Pits,0,1
2026-09-01 20:05:34,Darallax,Music Track: In the Shadows,0,0
2026-09-01 20:05:34,Darallax,Music Track: Inadequacy,0,0
2026-09-01 20:05:34,Darallax,Music Track: Incantation,0,1
2026-09-01 20:05:34,Darallax,Music Track: Incarceration,0,0
2026-09-01 20:05:34,Darallax,Music Track: Inferno,0,0
2026-09-01 20:05:34,Darallax,Music Track: Insect Queen,0,1
2026-09-01 20:05:34,Darallax,Music Track: Inspiration,0,1
2026-09-01 20:05:34,Darallax,Music Track: Into the Abyss,0,1
2026-09-01 20:05:34,Darallax,Music Track: Into the Blue,0,0
2026-09-01 20:05:34,Darallax,Music Track: Into the Tombs,0,0
2026-09-01 20:05:34,Darallax,Music Track: Intrepid,0,1
2026-09-01 20:05:34,Darallax,Music Track: Invader,0,0
2026-09-01 20:05:34,Darallax,Music Track: Iorwerth's Lament,0,0
2026-09-01 20:05:34,Darallax,Music Track: Island Life,0,1
2026-09-01 20:05:34,Darallax,Music Track: Island of the Trolls,0,1
2026-09-01 20:05:34,Darallax,Music Track: Isle of Everywhere,0,0
2026-09-01 20:05:34,Darallax,Music Track: Isle of Serenity,0,0
2026-09-01 20:05:34,Darallax,Music Track: It's not over 'til...,0,0
2026-09-01 20:05:34,Darallax,Music Track: Itsy Bitsy...,0,0
2026-09-01 20:05:34,Darallax,Music Track: Jaws of Gluttony,0,0
2026-09-01 20:05:34,Darallax,Music Track: Jaws of the Basilisk,0,0
2026-09-01 20:05:34,Darallax,Music Track: Jester Minute,0,1
2026-09-01 20:05:34,Darallax,Music Track: Jolly R,0,1
2026-09-01 20:05:34,Darallax,Music Track: Joy of the Hunt,0,1
2026-09-01 20:05:34,Darallax,Music Track: Judgement of the Depths,0,0
2026-09-01 20:05:34,Darallax,Music Track: Jungle Bells,0,0
2026-09-01 20:05:34,Darallax,Music Track: Jungle Hunt,0,1
2026-09-01 20:05:34,Darallax,Music Track: Jungle Island,0,1
2026-09-01 20:05:34,Darallax,Music Track: Jungle Island Xmas,0,0
2026-09-01 20:05:34,Darallax,Music Track: Jungle Troubles,0,1
2026-09-01 20:05:34,Darallax,Music Track: Jungly 1,0,1
2026-09-01 20:05:34,Darallax,Music Track: Jungly 2,0,1
2026-09-01 20:05:34,Darallax,Music Track: Jungly 3,0,1
2026-09-01 20:05:34,Darallax,Music Track: Kanon of Kahlith,0,0
2026-09-01 20:05:34,Darallax,Music Track: Karamja Jam,0,0
2026-09-01 20:05:34,Darallax,Music Track: The Kin,0,0
2026-09-01 20:05:34,Darallax,Music Track: King of the Trolls,0,1
2026-09-01 20:05:34,Darallax,Music Track: Kingdom,0,1
2026-09-01 20:05:34,Darallax,Music Track: Knightly,0,1
2026-09-01 20:05:34,Darallax,Music Track: Knightmare,0,1
2026-09-01 20:05:34,Darallax,Music Track: Kourend the Magnificent,0,1
2026-09-01 20:05:34,Darallax,Music Track: La Mort,0,1
2026-09-01 20:05:34,Darallax,Music Track: Labyrinth,0,0
2026-09-01 20:05:34,Darallax,Music Track: Lagoon,0,0
2026-09-01 20:05:34,Darallax,Music Track: Laid to Rest,0,0
2026-09-01 20:05:34,Darallax,Music Track: Lair,0,0
2026-09-01 20:05:34,Darallax,Music Track: Lair of the Basilisk,0,0
2026-09-01 20:05:34,Darallax,Music Track: Lament,0,0
2026-09-01 20:05:34,Darallax,Music Track: Lament for the Hallowed,0,1
2026-09-01 20:05:34,Darallax,Music Track: Lament of Meiyerditch,0,1
2026-09-01 20:05:34,Darallax,Music Track: Lamistard's Labyrinth,0,0
2026-09-01 20:05:34,Darallax,Music Track: Land Down Under,0,0
2026-09-01 20:05:34,Darallax,Music Track: Land of Snow,0,0
2026-09-01 20:05:34,Darallax,Music Track: Land of the Dwarves,0,1
2026-09-01 20:05:34,Darallax,Music Track: Landlubber,0,1
2026-09-01 20:05:34,Darallax,Music Track: Last King of the Yarasa,0,0
2026-09-01 20:05:34,Darallax,Music Track: Last Man Standing,0,0
2026-09-01 20:05:34,Darallax,Music Track: The Last Shanty,0,1
2026-09-01 20:05:34,Darallax,Music Track: Last Stand,0,0
2026-09-01 20:05:34,Darallax,Music Track: Lasting,0,1
2026-09-01 20:05:34,Darallax,Music Track: Lava is Mine,0,0
2026-09-01 20:05:34,Darallax,Music Track: Legend,0,1
2026-09-01 20:05:34,Darallax,Music Track: Legion,0,1
2026-09-01 20:05:34,Darallax,Music Track: Life at Sea,0,1
2026-09-01 20:05:34,Darallax,Music Track: Life's a Beach!,0,0
2026-09-01 20:05:34,Darallax,Music Track: Lighthouse,0,1
2026-09-01 20:05:34,Darallax,Music Track: Lightness,0,1
2026-09-01 20:05:34,Darallax,Music Track: Lightwalk,0,1
2026-09-01 20:05:34,Darallax,Music Track: Little Cave of Horrors,0,0
2026-09-01 20:05:34,Darallax,Music Track: Lonesome,0,1
2026-09-01 20:05:34,Darallax,Music Track: Long Ago,0,1
2026-09-01 20:05:34,Darallax,Music Track: Long Way Home,0,1
2026-09-01 20:05:34,Darallax,Music Track: The Longramble Scramble,0,0
2026-09-01 20:05:34,Darallax,Music Track: Look to the Stars,0,1
2026-09-01 20:05:34,Darallax,Music Track: Looking Back,0,1
2026-09-01 20:05:34,Darallax,Music Track: Lord of the Larvae,0,0
2026-09-01 20:05:34,Darallax,Music Track: Lore and Order,0,1
2026-09-01 20:05:34,Darallax,Music Track: The Lost Melody,0,1
2026-09-01 20:05:34,Darallax,Music Track: Lost Soul,0,1
2026-09-01 20:05:34,Darallax,Music Track: The Lost Tribe,0,1
2026-09-01 20:05:34,Darallax,Music Track: Lost to Time,0,0
2026-09-01 20:05:34,Darallax,Music Track: Lower Depths,0,1
2026-09-01 20:05:34,Darallax,Music Track: Lucid Dream,0,0
2026-09-01 20:05:34,Darallax,Music Track: Lucid Nightmare,0,0
2026-09-01 20:05:34,Darallax,Music Track: Lullaby,0,1
2026-09-01 20:05:34,Darallax,Music Track: Lumbering,0,0
2026-09-01 20:05:34,Darallax,Music Track: The Lunar Isle,0,0
2026-09-01 20:05:34,Darallax,Music Track: Lurking Threats,0,0
2026-09-01 20:05:34,Darallax,Music Track: Mad Eadgar,0,0
2026-09-01 20:05:34,Darallax,Music Track: The Mad Mole,0,0
2026-09-01 20:05:34,Darallax,Music Track: Mage Arena,0,0
2026-09-01 20:05:34,Darallax,Music Track: Magic Dance,0,1
2026-09-01 20:05:34,Darallax,Music Track: Magic Magic Magic,0,1
2026-09-01 20:05:34,Darallax,Music Track: Magical Journey,0,1
2026-09-01 20:05:34,Darallax,Music Track: The Maiden's Anger,0,0
2026-09-01 20:05:34,Darallax,Music Track: The Maiden's Sorrow,0,0
2026-09-01 20:05:34,Darallax,Music Track: Major Miner,0,0
2026-09-01 20:05:34,Darallax,Music Track: Making Waves,0,0
2026-09-01 20:05:34,Darallax,Music Track: Malady,0,1
2026-09-01 20:05:34,Darallax,Music Track: March,0,1
2026-09-01 20:05:34,Darallax,Music Track: March of the Shayzien,0,0
2026-09-01 20:05:34,Darallax,Music Track: Marooned,0,1
2026-09-01 20:05:34,Darallax,Music Track: Marzipan,0,1
2026-09-01 20:05:34,Darallax,Music Track: Masquerade,0,0
2026-09-01 20:05:34,Darallax,Music Track: Master of Puppets,0,0
2026-09-01 20:05:34,Darallax,Music Track: Mastermindless,0,0
2026-09-01 20:05:34,Darallax,Music Track: A Matter of Intrigue,0,0
2026-09-01 20:05:34,Darallax,Music Track: Mausoleum,0,1
2026-09-01 20:05:34,Darallax,Music Track: Maws Jaws & Claws,0,0
2026-09-01 20:05:34,Darallax,Music Track: The Maze,0,1
2026-09-01 20:05:34,Darallax,Music Track: Meddling Kids,0,0
2026-09-01 20:05:34,Darallax,Music Track: Medieval,0,1
2026-09-01 20:05:34,Darallax,Music Track: Mellow,0,1
2026-09-01 20:05:34,Darallax,Music Track: Melodrama,0,1
2026-09-01 20:05:34,Darallax,Music Track: Memories of the Myreque,0,0
2026-09-01 20:05:34,Darallax,Music Track: Meridian,0,1
2026-09-01 20:05:34,Darallax,Music Track: Method of Madness,0,1
2026-09-01 20:05:34,Darallax,Music Track: Miles Away,0,1
2026-09-01 20:05:34,Darallax,Music Track: Military Life,0,1
2026-09-01 20:05:34,Darallax,Music Track: The Militia,0,1
2026-09-01 20:05:34,Darallax,Music Track: Mind over Matter,0,0
2026-09-01 20:05:34,Darallax,Music Track: Miracle Dance,0,1
2026-09-01 20:05:34,Darallax,Music Track: Mirage,0,1
2026-09-01 20:05:34,Darallax,Music Track: Miscellania,0,1
2026-09-01 20:05:34,Darallax,Music Track: Mistrock,0,0
2026-09-01 20:05:34,Darallax,Music Track: The Mollusc Menace,0,1
2026-09-01 20:05:34,Darallax,Music Track: Monarch Waltz,0,1
2026-09-01 20:05:34,Darallax,Music Track: Monkey Badness,0,0
2026-09-01 20:05:34,Darallax,Music Track: Monkey Business,0,0
2026-09-01 20:05:34,Darallax,Music Track: Monkey Madness,0,1
2026-09-01 20:05:34,Darallax,Music Track: Monkey Sadness,0,0
2026-09-01 20:05:34,Darallax,Music Track: Monkey Trouble,0,0
2026-09-01 20:05:34,Darallax,Music Track: Monster Melee,0,1
2026-09-01 20:05:34,Darallax,Music Track: The Monsters Below,0,0
2026-09-01 20:05:34,Darallax,Music Track: Moody,0,1
2026-09-01 20:05:34,Darallax,Music Track: The Moons of Ruin,0,0
2026-09-01 20:05:34,Darallax,Music Track: Mor Ul Rek,0,0
2026-09-01 20:05:34,Darallax,Music Track: More Than Meets the Eye,0,0
2026-09-01 20:05:34,Darallax,Music Track: Morytania,0,1
2026-09-01 20:05:34,Darallax,Music Track: Morytanian Mystery,0,1
2026-09-01 20:05:34,Darallax,Music Track: Mother Ruckus,0,0
2026-09-01 20:05:34,Darallax,Music Track: A Mother's Curse,0,0
2026-09-01 20:05:34,Darallax,Music Track: Mouse Trap,0,0
2026-09-01 20:05:34,Darallax,Music Track: Mudskipper Melody,0,1
2026-09-01 20:05:34,Darallax,Music Track: Museum Medley,0,0
2026-09-01 20:05:34,Darallax,Music Track: Mutant Medley,0,1
2026-09-01 20:05:34,Darallax,Music Track: My Arm's Journey,0,0
2026-09-01 20:05:34,Darallax,Music Track: Mysterious Lands,0,0
2026-09-01 20:05:34,Darallax,Music Track: Mystics of Nature,0,0
2026-09-01 20:05:34,Darallax,Music Track: Mythical,0,0
2026-09-01 20:05:34,Darallax,Music Track: Narnode's Theme,0,1
2026-09-01 20:05:34,Darallax,Music Track: Natural,0,1
2026-09-01 20:05:34,Darallax,Music Track: The Navigator,0,1
2026-09-01 20:05:34,Darallax,Music Track: Nether Realm,0,0
2026-09-01 20:05:34,Darallax,Music Track: Neverland,0,1
2026-09-01 20:05:34,Darallax,Music Track: Newbie Farming,0,1
2026-09-01 20:05:34,Darallax,Music Track: Newbie Melody,0,1
2026-09-01 20:05:34,Darallax,Music Track: Night of the Vampyre,0,1
2026-09-01 20:05:34,Darallax,Music Track: Nightfall,0,1
2026-09-01 20:05:34,Darallax,Music Track: The Nightmare Continues,0,0
2026-09-01 20:05:34,Darallax,Music Track: No Pasaran,0,0
2026-09-01 20:05:34,Darallax,Music Track: No Way Out,0,1
2026-09-01 20:05:34,Darallax,Music Track: The Noble Rodent,0,0
2026-09-01 20:05:34,Darallax,Music Track: Nomad,0,1
2026-09-01 20:05:34,Darallax,Music Track: Norse Code,0,1
2026-09-01 20:05:34,Darallax,Music Track: The North,0,0
2026-09-01 20:05:34,Darallax,Music Track: Not a Moment of Relief,0,1
2026-09-01 20:05:34,Darallax,Music Track: Nox Irae,0,0
2026-09-01 20:05:34,Darallax,Music Track: Noxious Awakening,0,0
2026-09-01 20:05:34,Darallax,Music Track: Null and Void,0,1
2026-09-01 20:05:34,Darallax,Music Track: Ocean Depths,0,0
2026-09-01 20:05:34,Darallax,Music Track: Ogre the Top,0,1
2026-09-01 20:05:34,Darallax,Music Track: Oh Rats!,0,0
2026-09-01 20:05:34,Darallax,Music Track: The Old Ones,0,1
2026-09-01 20:05:34,Darallax,Music Track: On Thin Ice,0,0
2026-09-01 20:05:34,Darallax,Music Track: On the Frontline,0,1
2026-09-01 20:05:34,Darallax,Music Track: On the Shore,0,1
2026-09-01 20:05:34,Darallax,Music Track: On the Up,0,0
2026-09-01 20:05:34,Darallax,Music Track: On the Wing,0,1
2026-09-01 20:05:34,Darallax,Music Track: Oncoming Foe,0,0
2026-09-01 20:05:34,Darallax,Music Track: Organ Music 1,0,1
2026-09-01 20:05:34,Darallax,Music Track: Organ Music 2,0,1
2026-09-01 20:05:34,Darallax,Music Track: Oriental,0,1
2026-09-01 20:05:34,Darallax,Music Track: The Other Side,0,1
2026-09-01 20:05:34,Darallax,Music Track: Out at the Mines,0,0
2026-09-01 20:05:34,Darallax,Music Track: Out of the Deep,0,1
2026-09-01 20:05:34,Darallax,Music Track: Over the Horizon,0,0
2026-09-01 20:05:34,Darallax,Music Track: Over the Mountains,0,0
2026-09-01 20:05:34,Darallax,Music Track: Over to Nardah,0,1
2026-09-01 20:05:34,Darallax,Music Track: Overpass,0,1
2026-09-01 20:05:34,Darallax,Music Track: Overture,0,1
2026-09-01 20:05:34,Darallax,Music Track: Parade,0,1
2026-09-01 20:05:34,Darallax,Music Track: The Part Where You Die,0,0
2026-09-01 20:05:34,Darallax,Music Track: Path of Peril,0,0
2026-09-01 20:05:34,Darallax,Music Track: Pathways,0,0
2026-09-01 20:05:34,Darallax,Music Track: Peace and Prosperity,0,0
2026-09-01 20:05:34,Darallax,Music Track: The Penguin Bards,0,0
2026-09-01 20:05:34,Darallax,Music Track: Penguin Plots,0,0
2026-09-01 20:05:34,Darallax,Music Track: Pest Control,0,1
2026-09-01 20:05:34,Darallax,Music Track: Pharaoh's Tomb,0,0
2026-09-01 20:05:34,Darallax,Music Track: The Pharaoh,0,0
2026-09-01 20:05:34,Darallax,Music Track: Phasmatys,0,1
2026-09-01 20:05:34,Darallax,Music Track: Pheasant Peasant,0,1
2026-09-01 20:05:34,Darallax,Music Track: Pick & Shovel,0,1
2026-09-01 20:05:34,Darallax,Music Track: Pinball Wizard,0,1
2026-09-01 20:05:34,Darallax,Music Track: Pirates of Penance,0,1
2026-09-01 20:05:34,Darallax,Music Track: Pirates of Peril,0,0
2026-09-01 20:05:34,Darallax,Music Track: Plots and Plans,0,1
2026-09-01 20:05:34,Darallax,Music Track: The Plundered Tomb,0,0
2026-09-01 20:05:34,Darallax,Music Track: Poles Apart,0,1
2026-09-01 20:05:34,Darallax,Music Track: The Power of Tears,0,1
2026-09-01 20:05:34,Darallax,Music Track: Power of the Shadow Realm,0,0
2026-09-01 20:05:34,Darallax,Music Track: Predator Xarpus,0,0
2026-09-01 20:05:34,Darallax,Music Track: Preservation,0,1
2026-09-01 20:05:34,Darallax,Music Track: Preserved,0,0
2026-09-01 20:05:34,Darallax,Music Track: Prey,0,0
2026-09-01 20:05:34,Darallax,Music Track: Prime Time,0,1
2026-09-01 20:05:34,Darallax,Music Track: Principality,0,1
2026-09-01 20:05:34,Darallax,Music Track: Prison Break,0,0
2026-09-01 20:05:34,Darallax,Music Track: Prospering Fortune,0,1
2026-09-01 20:05:34,Darallax,Music Track: Quest,0,0
2026-09-01 20:05:34,Darallax,Music Track: The Quizmaster,0,1
2026-09-01 20:05:34,Darallax,Music Track: Race Against the Clock,0,0
2026-09-01 20:05:34,Darallax,Music Track: Rat Hunt,0,0
2026-09-01 20:05:34,Darallax,Music Track: Rat a Tat Tat,0,0
2026-09-01 20:05:34,Darallax,Music Track: Ready for Battle,0,0
2026-09-01 20:05:34,Darallax,Music Track: Ready for the Hunt,0,0
2026-09-01 20:05:34,Darallax,Music Track: Regal,0,1
2026-09-01 20:05:34,Darallax,Music Track: Regal Pomp,0,0
2026-09-01 20:05:34,Darallax,Music Track: Reggae,0,1
2026-09-01 20:05:34,Darallax,Music Track: Reggae 2,0,1
2026-09-01 20:05:34,Darallax,Music Track: Reign of the Basilisk,0,0
2026-09-01 20:05:34,Darallax,Music Track: Relics,0,0
2026-09-01 20:05:34,Darallax,Music Track: Rellekka,0,1
2026-09-01 20:05:34,Darallax,Music Track: Remnants,0,0
2026-09-01 20:05:34,Darallax,Music Track: Remote Waters,0,0
2026-09-01 20:05:34,Darallax,Music Track: Rest in Peace,0,1
2026-09-01 20:05:34,Darallax,Music Track: Revenants,0,0
2026-09-01 20:05:34,Darallax,Music Track: Rhapsody,0,0
2026-09-01 20:05:34,Darallax,Music Track: Right on Track,0,0
2026-09-01 20:05:34,Darallax,Music Track: Righteousness,0,0
2026-09-01 20:05:34,Darallax,Music Track: Rising Damp,0,0
2026-09-01 20:05:34,Darallax,Music Track: The Rising Sun,0,0
2026-09-01 20:05:34,Darallax,Music Track: Riverside,0,1
2026-09-01 20:05:34,Darallax,Music Track: Roc and Roll,0,0
2026-09-01 20:05:34,Darallax,Music Track: The Rogues' Den,0,1
2026-09-01 20:05:34,Darallax,Music Track: Roll the Bones,0,0
2026-09-01 20:05:34,Darallax,Music Track: Romancing the Crone,0,1
2026-09-01 20:05:34,Darallax,Music Track: Romper Chomper,0,1
2026-09-01 20:05:34,Darallax,Music Track: Roots and Flutes,0,0
2026-09-01 20:05:34,Darallax,Music Track: Rose,0,0
2026-09-01 20:05:34,Darallax,Music Track: The Route of All Evil,0,0
2026-09-01 20:05:34,Darallax,Music Track: The Route of the Problem,0,0
2026-09-01 20:05:34,Darallax,Music Track: Royale,0,1
2026-09-01 20:05:34,Darallax,Music Track: Rugged Terrain,0,1
2026-09-01 20:05:34,Darallax,Music Track: The Ruins of Camdozaal,0,1
2026-09-01 20:05:34,Darallax,Music Track: Ruins of Isolation,0,0
2026-09-01 20:05:34,Darallax,Music Track: Rune Essence,0,1
2026-09-01 20:05:34,Darallax,Music Track: Sad Meadow,0,1
2026-09-01 20:05:34,Darallax,Music Track: Safety in Numbers,0,1
2026-09-01 20:05:34,Darallax,Music Track: Saga,0,1
2026-09-01 20:05:34,Darallax,Music Track: A Sailor's Dream,0,0
2026-09-01 20:05:34,Darallax,Music Track: Sands of Time,0,0
2026-09-01 20:05:34,Darallax,Music Track: Sarachnis,0,0
2026-09-01 20:05:34,Darallax,Music Track: Sarcophagus,0,0
2026-09-01 20:05:34,Darallax,Music Track: Sarim's Vermin,0,0
2026-09-01 20:05:34,Darallax,Music Track: Scape Ape,0,1
2026-09-01 20:05:34,Darallax,Music Track: Scape Cave,0,1
2026-09-01 20:05:34,Darallax,Music Track: Scape Crystal,0,1
2026-09-01 20:05:34,Darallax,Music Track: Scape Five,0,1
2026-09-01 20:05:34,Darallax,Music Track: Scape Ground,0,1
2026-09-01 20:05:34,Darallax,Music Track: Scape Home,0,1
2026-09-01 20:05:34,Darallax,Music Track: Scape Hunter,0,1
2026-09-01 20:05:34,Darallax,Music Track: Scape Main,0,1
2026-09-01 20:05:34,Darallax,Music Track: Scape Original,0,1
2026-09-01 20:05:34,Darallax,Music Track: Scape Sad,0,1
2026-09-01 20:05:34,Darallax,Music Track: Scape Sail,0,1
2026-09-01 20:05:34,Darallax,Music Track: Scape Santa,0,1
2026-09-01 20:05:34,Darallax,Music Track: Scape Scared,0,1
2026-09-01 20:05:34,Darallax,Music Track: Scape Soft,0,1
2026-09-01 20:05:34,Darallax,Music Track: Scape Wild,0,1
2026-09-01 20:05:34,Darallax,Music Track: Scar Tissue,0,0
2026-09-01 20:05:34,Darallax,Music Track: Scarab,0,1
2026-09-01 20:05:34,Darallax,Music Track: School's Out,0,1
2026-09-01 20:05:34,Darallax,Music Track: Scorching Horizon,0,1
2026-09-01 20:05:34,Darallax,Music Track: Scorpia Dances,0,0
2026-09-01 20:05:34,Darallax,Music Track: Scrubfoot's Descent,0,0
2026-09-01 20:05:34,Darallax,Music Track: Sea Minor Shanty,0,0
2026-09-01 20:05:34,Darallax,Music Track: Sea Shanty,0,1
2026-09-01 20:05:34,Darallax,Music Track: Sea Shanty 2,0,1
2026-09-01 20:05:34,Darallax,Music Track: Sea Shanty Xmas,0,0
2026-09-01 20:05:34,Darallax,Music Track: Secrets of the North,0,0
2026-09-01 20:05:34,Darallax,Music Track: The Seed of Crwys,0,0
2026-09-01 20:05:34,Darallax,Music Track: Serenade,0,1
2026-09-01 20:05:34,Darallax,Music Track: Serene,0,1
2026-09-01 20:05:34,Darallax,Music Track: Servants of Strife,0,0
2026-09-01 20:05:34,Darallax,Music Track: Set Sail,0,1
2026-09-01 20:05:34,Darallax,Music Track: The Setting Sun,0,0
2026-09-01 20:05:34,Darallax,Music Track: Settlement,0,1
2026-09-01 20:05:34,Darallax,Music Track: Shadow of the Ocean,0,0
2026-09-01 20:05:34,Darallax,Music Track: The Shadow,0,1
2026-09-01 20:05:34,Darallax,Music Track: Shadowland,0,1
2026-09-01 20:05:34,Darallax,Music Track: Sharp End of the Crystal,0,0
2026-09-01 20:05:34,Darallax,Music Track: Shattered Relics,0,1
2026-09-01 20:05:34,Darallax,Music Track: Shine,0,0
2026-09-01 20:05:34,Darallax,Music Track: Shining,0,1
2026-09-01 20:05:34,Darallax,Music Track: Shining Spirit,0,0
2026-09-01 20:05:34,Darallax,Music Track: Shipwrecked,0,1
2026-09-01 20:05:34,Darallax,Music Track: Showdown,0,1
2026-09-01 20:05:34,Darallax,Music Track: Sigmund's Showdown,0,1
2026-09-01 20:05:34,Darallax,Music Track: Sign Here,0,0
2026-09-01 20:05:34,Darallax,Music Track: The Sinclairs,0,1
2026-09-01 20:05:34,Darallax,Music Track: The Slayer,0,0
2026-09-01 20:05:34,Darallax,Music Track: Slice of Silent Movie,0,1
2026-09-01 20:05:34,Darallax,Music Track: Slice of Station,0,1
2026-09-01 20:05:34,Darallax,Music Track: Slither and Thither,0,0
2026-09-01 20:05:34,Darallax,Music Track: Slug a Bug Ball,0,0
2026-09-01 20:05:34,Darallax,Music Track: Snowflake & My Arm,0,0
2026-09-01 20:05:34,Darallax,Music Track: Sojourn,0,1
2026-09-01 20:05:34,Darallax,Music Track: Solitude,0,0
2026-09-01 20:05:34,Darallax,Music Track: Song of the Elves,0,0
2026-09-01 20:05:34,Darallax,Music Track: Song of the Silent Choir,0,0
2026-09-01 20:05:34,Darallax,Music Track: Sorceress's Garden,0,0
2026-09-01 20:05:34,Darallax,Music Track: Soul Fall,0,0
2026-09-01 20:05:34,Darallax,Music Track: Soul Wars,0,1
2026-09-01 20:05:34,Darallax,Music Track: The Sound of Guthix,0,0
2026-09-01 20:05:34,Darallax,Music Track: Soundscape,0,1
2026-09-01 20:05:34,Darallax,Music Track: Sphinx,0,1
2026-09-01 20:05:34,Darallax,Music Track: Spirit,0,1
2026-09-01 20:05:34,Darallax,Music Track: Spirit of the Forest,0,1
2026-09-01 20:05:34,Darallax,Music Track: Spiritbloom,0,1
2026-09-01 20:05:34,Darallax,Music Track: Spirits of the Elid,0,0
2026-09-01 20:05:34,Darallax,Music Track: Splendour,0,1
2026-09-01 20:05:34,Darallax,Music Track: Spooky,0,1
2026-09-01 20:05:34,Darallax,Music Track: Spooky 2,0,1
2026-09-01 20:05:34,Darallax,Music Track: Spooky Jungle,0,1
2026-09-01 20:05:34,Darallax,Music Track: The Spurned Demon,0,0
2026-09-01 20:05:34,Darallax,Music Track: The Spymaster,0,0
2026-09-01 20:05:34,Darallax,Music Track: Stagnant,0,1
2026-09-01 20:05:34,Darallax,Music Track: Stalkers,0,0
2026-09-01 20:05:34,Darallax,Music Track: Stand Up and Be Counted,0,0
2026-09-01 20:05:34,Darallax,Music Track: Starlight,0,1
2026-09-01 20:05:34,Darallax,Music Track: Start,0,1
2026-09-01 20:05:34,Darallax,Music Track: Still Night,0,1
2026-09-01 20:05:34,Darallax,Music Track: Stillness,0,1
2026-09-01 20:05:34,Darallax,Music Track: Stones of Old,0,1
2026-09-01 20:05:34,Darallax,Music Track: Storeroom Shuffle,0,0
2026-09-01 20:05:34,Darallax,Music Track: Storm Brew,0,0
2026-09-01 20:05:34,Darallax,Music Track: Stranded,0,0
2026-09-01 20:05:34,Darallax,Music Track: Strange Place,0,0
2026-09-01 20:05:34,Darallax,Music Track: Strangled,0,0
2026-09-01 20:05:34,Darallax,Music Track: Stratosphere,0,0
2026-09-01 20:05:34,Darallax,Music Track: Strength of Saradomin,0,0
2026-09-01 20:05:34,Darallax,Music Track: Stuck in the Mire,0,1
2026-09-01 20:05:34,Darallax,Music Track: Subterranea,0,1
2026-09-01 20:05:34,Darallax,Music Track: Sunburn,0,1
2026-09-01 20:05:34,Darallax,Music Track: Sunny Side Up,0,0
2026-09-01 20:05:34,Darallax,Music Track: Superstition,0,1
2026-09-01 20:05:34,Darallax,Music Track: Surok's Theme,0,1
2026-09-01 20:05:34,Darallax,Music Track: Suspicious,0,1
2026-09-01 20:05:34,Darallax,Music Track: Tale of Keldagrim,0,1
2026-09-01 20:05:34,Darallax,Music Track: The Talkasti People,0,1
2026-09-01 20:05:34,Darallax,Music Track: Talking Forest,0,1
2026-09-01 20:05:34,Darallax,Music Track: Tarn Razorlor,0,0
2026-09-01 20:05:34,Darallax,Music Track: A Taste of Hope,0,1
2026-09-01 20:05:34,Darallax,Music Track: Tears of Guthix,0,1
2026-09-01 20:05:34,Darallax,Music Track: Technology,0,1
2026-09-01 20:05:34,Darallax,Music Track: Teklan,0,0
2026-09-01 20:05:34,Darallax,Music Track: Tempest,0,0
2026-09-01 20:05:34,Darallax,Music Track: Temple,0,1
2026-09-01 20:05:34,Darallax,Music Track: Temple Desecrated,0,0
2026-09-01 20:05:34,Darallax,Music Track: Temple of Light,0,1
2026-09-01 20:05:34,Darallax,Music Track: Temple of Tribes,0,0
2026-09-01 20:05:34,Darallax,Music Track: Temple of the Eye,0,1
2026-09-01 20:05:34,Darallax,Music Track: Tempor of the Storm,0,1
2026-09-01 20:05:34,Darallax,Music Track: The Terrible Caverns,0,1
2026-09-01 20:05:34,Darallax,Music Track: The Terrible Tower,0,1
2026-09-01 20:05:34,Darallax,Music Track: The Terrible Tunnels,0,1
2026-09-01 20:05:34,Darallax,Music Track: Terrorbird Tussle,0,0
2026-09-01 20:05:34,Darallax,Music Track: Test Your Sails,0,0
2026-09-01 20:05:34,Darallax,Music Track: Test of Companionship,0,0
2026-09-01 20:05:34,Darallax,Music Track: Test of Isolation,0,0
2026-09-01 20:05:34,Darallax,Music Track: Test of Resourcefulness,0,0
2026-09-01 20:05:34,Darallax,Music Track: Test of Strength,0,0
2026-09-01 20:05:34,Darallax,Music Track: That Sullen Hall,0,0
2026-09-01 20:05:34,Darallax,Music Track: Theme,0,1
2026-09-01 20:05:34,Darallax,Music Track: A Thorn in My Side,0,0
2026-09-01 20:05:34,Darallax,Music Track: Thrall of the Devourer,0,0
2026-09-01 20:05:34,Darallax,Music Track: Thrall of the Serpent,0,0
2026-09-01 20:05:34,Darallax,Music Track: Throne of the Demon,0,1
2026-09-01 20:05:34,Darallax,Music Track: Tick Tock,0,0
2026-09-01 20:05:34,Darallax,Music Track: Time Out,0,1
2026-09-01 20:05:34,Darallax,Music Track: Time to Mine,0,1
2026-09-01 20:05:34,Darallax,Music Track: Tiptoe,0,1
2026-09-01 20:05:34,Darallax,Music Track: Title Fight,0,1
2026-09-01 20:05:34,Darallax,Music Track: Tomb Raider,0,1
2026-09-01 20:05:34,Darallax,Music Track: Tomorrow,0,1
2026-09-01 20:05:34,Darallax,Music Track: Too Many Cooks...,0,1
2026-09-01 20:05:34,Darallax,Music Track: The Tortugan Way,0,0
2026-09-01 20:05:34,Darallax,Music Track: The Tower of Voices,0,0
2026-09-01 20:05:34,Darallax,Music Track: The Tower,0,1
2026-09-01 20:05:34,Darallax,Music Track: The Trade Parade,0,1
2026-09-01 20:05:34,Darallax,Music Track: Trahaearn Toil,0,0
2026-09-01 20:05:34,Darallax,Music Track: Tranquillity,0,0
2026-09-01 20:05:34,Darallax,Music Track: Trawler,0,1
2026-09-01 20:05:34,Darallax,Music Track: Trawler Minor,0,1
2026-09-01 20:05:34,Darallax,Music Track: Tree Spirits,0,1
2026-09-01 20:05:34,Darallax,Music Track: Tremble,0,1
2026-09-01 20:05:34,Darallax,Music Track: Tribal,0,1
2026-09-01 20:05:34,Darallax,Music Track: Tribal 2,0,1
2026-09-01 20:05:34,Darallax,Music Track: Tribal Background,0,1
2026-09-01 20:05:34,Darallax,Music Track: Trinity,0,1
2026-09-01 20:05:34,Darallax,Music Track: Troll Shuffle,0,0
2026-09-01 20:05:34,Darallax,Music Track: Trouble Brewing,0,0
2026-09-01 20:05:34,Darallax,Music Track: Troubled,0,1
2026-09-01 20:05:34,Darallax,Music Track: Troubled Waters,0,0
2026-09-01 20:05:34,Darallax,Music Track: Truth,0,0
2026-09-01 20:05:34,Darallax,Music Track: Twilight,0,1
2026-09-01 20:05:34,Darallax,Music Track: TzHaar!,0,1
2026-09-01 20:05:34,Darallax,Music Track: Undead Army,0,0
2026-09-01 20:05:34,Darallax,Music Track: Undead Dungeon,0,0
2026-09-01 20:05:34,Darallax,Music Track: Under the Mountain,0,0
2026-09-01 20:05:34,Darallax,Music Track: Undercurrent,0,1
2026-09-01 20:05:34,Darallax,Music Track: Underground,0,1
2026-09-01 20:05:34,Darallax,Music Track: Underground Pass,0,1
2026-09-01 20:05:34,Darallax,Music Track: Understanding,0,1
2026-09-01 20:05:34,Darallax,Music Track: The Undying Light,0,1
2026-09-01 20:05:34,Darallax,Music Track: Unknown Land,0,1
2026-09-01 20:05:34,Darallax,Music Track: Untouchable,0,0
2026-09-01 20:05:34,Darallax,Music Track: Unturned Stones,0,0
2026-09-01 20:05:34,Darallax,Music Track: Upcoming,0,1
2026-09-01 20:05:34,Darallax,Music Track: Upir Likhyi,0,1
2026-09-01 20:05:34,Darallax,Music Track: Upper Depths,0,0
2026-09-01 20:05:34,Darallax,Music Track: Vampyre Assault,0,1
2026-09-01 20:05:34,Darallax,Music Track: Vanescula,0,1
2026-09-01 20:05:34,Darallax,Music Track: Varlamore's Sunset,0,0
2026-09-01 20:05:34,Darallax,Music Track: The Vault,0,0
2026-09-01 20:05:34,Darallax,Music Track: Venomous,0,1
2026-09-01 20:05:34,Darallax,Music Track: Venture,0,1
2026-09-01 20:05:34,Darallax,Music Track: Venture 2,0,1
2026-09-01 20:05:34,Darallax,Music Track: Victory is Mine,0,0
2026-09-01 20:05:34,Darallax,Music Track: Village,0,1
2026-09-01 20:05:34,Darallax,Music Track: Vision,0,1
2026-09-01 20:05:34,Darallax,Music Track: Volcanic Vikings,0,1
2026-09-01 20:05:34,Darallax,Music Track: Voodoo Cult,0,1
2026-09-01 20:05:34,Darallax,Music Track: Voyage,0,1
2026-09-01 20:05:34,Darallax,Music Track: The Waiting Game,0,1
2026-09-01 20:05:34,Darallax,Music Track: Waking Dream,0,0
2026-09-01 20:05:34,Darallax,Music Track: A Walk in the Woods,0,1
2026-09-01 20:05:34,Darallax,Music Track: The Walking Dead,0,0
2026-09-01 20:05:34,Darallax,Music Track: Wally the Hero,0,1
2026-09-01 20:05:34,Darallax,Music Track: Wander,0,1
2026-09-01 20:05:34,Darallax,Music Track: Warpath,0,0
2026-09-01 20:05:34,Darallax,Music Track: Warrior,0,1
2026-09-01 20:05:34,Darallax,Music Track: Warriors' Guild,0,1
2026-09-01 20:05:34,Darallax,Music Track: Waste Defaced,0,0
2026-09-01 20:05:34,Darallax,Music Track: Watch Your Step,0,0
2026-09-01 20:05:34,Darallax,Music Track: Waterfall,0,1
2026-09-01 20:05:34,Darallax,Music Track: Waterlogged,0,1
2026-09-01 20:05:34,Darallax,Music Track: Way of the Enchanter,0,0
2026-09-01 20:05:34,Darallax,Music Track: Way of the Wyrm,0,0
2026-09-01 20:05:34,Darallax,Music Track: Wayward,0,1
2026-09-01 20:05:34,Darallax,Music Track: We are the Fairies,0,0
2026-09-01 20:05:34,Darallax,Music Track: Welcome to my Nightmare,0,0
2026-09-01 20:05:34,Darallax,Music Track: Welcome to the Theatre,0,1
2026-09-01 20:05:34,Darallax,Music Track: Well Hallowed Air,0,0
2026-09-01 20:05:34,Darallax,Music Track: Well of Voyage,0,1
2026-09-01 20:05:34,Darallax,Music Track: The Western Seas,0,0
2026-09-01 20:05:34,Darallax,Music Track: What Happens Below...,0,1
2026-09-01 20:05:34,Darallax,Music Track: What the Shell!,0,0
2026-09-01 20:05:34,Darallax,Music Track: Where Eagles Lair,0,0
2026-09-01 20:05:34,Darallax,Music Track: Whispering Wind,0,1
2026-09-01 20:05:34,Darallax,Music Track: Wild Isle,0,1
2026-09-01 20:05:34,Darallax,Music Track: Wild Side,0,1
2026-09-01 20:05:34,Darallax,Music Track: Wilderness,0,1
2026-09-01 20:05:34,Darallax,Music Track: Wilderness 2,0,1
2026-09-01 20:05:34,Darallax,Music Track: Wilderness 3,0,1
2026-09-01 20:05:34,Darallax,Music Track: Wildwood,0,1
2026-09-01 20:05:34,Darallax,Music Track: Winter Funfair,0,0
2026-09-01 20:05:34,Darallax,Music Track: Witching,0,1
2026-09-01 20:05:34,Darallax,Music Track: Woe of the Wyvern,0,0
2026-09-01 20:05:34,Darallax,Music Track: Wonder,0,1
2026-09-01 20:05:34,Darallax,Music Track: Wonderous,0,1
2026-09-01 20:05:34,Darallax,Music Track: Woodland,0,1
2026-09-01 20:05:34,Darallax,Music Track: Work Work Work,0,1
2026-09-01 20:05:34,Darallax,Music Track: Workshop,0,1
2026-09-01 20:05:34,Darallax,Music Track: A Worthy Foe,0,0
2026-09-01 20:05:34,Darallax,Music Track: Wrath and Ruin,0,1
2026-09-01 20:05:34,Darallax,Music Track: Xenophobe,0,0
2026-09-01 20:05:34,Darallax,Music Track: Yesteryear,0,1
2026-09-01 20:05:34,Darallax,Music Track: Yo Ho Ho!,0,1
2026-09-01 20:05:34,Darallax,Music Track: You Have My Attention,0,1
2026-09-01 20:05:34,Darallax,Music Track: Zamorak Zoo,0,0
2026-09-01 20:05:34,Darallax,Music Track: Zanik's Theme,0,0
2026-09-01 20:05:34,Darallax,Music Track: Zaros Zeitgeist,0,0
2026-09-01 20:05:34,Darallax,Music Track: Zealot,0,1
2026-09-01 20:05:34,Darallax,Music Track: Zogre Dance,0,1
2026-09-01 20:05:34,Darallax,Music Track: Zombie Invasion,0,0
2026-09-01 20:05:34,Darallax,Music Track: Zombiism,0,0
2026-09-02 04:57:47,Mas120,Quest: A Kingdom Divided,0,0
2026-09-02 04:57:47,Mas120,Quest: A Night at the Theatre,0,0
2026-09-02 04:57:47,Mas120,Quest: A Porcine of Interest,0,2
2026-09-02 04:57:47,Mas120,Quest: A Soul's Bane,0,2
2026-09-02 04:57:47,Mas120,Quest: A Tail of Two Cats,0,0
2026-09-02 04:57:47,Mas120,Quest: A Taste of Hope,0,0
2026-09-02 04:57:47,Mas120,Quest: Alfred Grimhand's Barcrawl,0,2
2026-09-02 04:57:47,Mas120,Quest: Animal Magnetism,0,2
2026-09-02 04:57:47,Mas120,Quest: Another Slice of H.A.M.,0,2
2026-09-02 04:57:47,Mas120,Quest: At First Light,0,0
2026-09-02 04:57:47,Mas120,Quest: Barbarian Training,0,1
2026-09-02 04:57:47,Mas120,Quest: Bear Your Soul,0,0
2026-09-02 04:57:47,Mas120,Quest: Below Ice Mountain,0,2
2026-09-02 04:57:47,Mas120,Quest: Beneath Cursed Sands,0,0
2026-09-02 04:57:47,Mas120,Quest: Between a Rock...,0,0
2026-09-02 04:57:47,Mas120,Quest: Bone Voyage,0,2
2026-09-02 04:57:47,Mas120,Quest: Children of the Sun,0,2
2026-09-02 04:57:47,Mas120,Quest: Client of Kourend,0,2
2026-09-02 04:57:47,Mas120,Quest: Cold War,0,0
2026-09-02 04:57:47,Mas120,Quest: Contact!,0,0
2026-09-02 04:57:47,Mas120,Quest: Creature of Fenkenstrain,0,2
2026-09-02 04:57:47,Mas120,Quest: Current Affairs,0,0
2026-09-02 04:57:47,Mas120,Quest: Curse of the Empty Lord,0,0
2026-09-02 04:57:47,Mas120,Quest: Daddy's Home,0,2
2026-09-02 04:57:47,Mas120,Quest: Darkness of Hallowvale,0,0
2026-09-02 04:57:47,Mas120,Quest: Death on the Isle,0,0
2026-09-02 04:57:47,Mas120,Quest: Death to the Dorgeshuun,0,2
2026-09-02 04:57:47,Mas120,Quest: Defender of Varrock,0,0
2026-09-02 04:57:47,Mas120,Quest: Demon Slayer,0,2
2026-09-02 04:57:47,Mas120,Quest: Desert Treasure I,0,2
2026-09-02 04:57:47,Mas120,Quest: Desert Treasure II - The Fallen Empire,0,0
2026-09-02 04:57:47,Mas120,Quest: Devious Minds,0,0
2026-09-02 04:57:47,Mas120,Quest: Dragon Slayer II,0,0
2026-09-02 04:57:47,Mas120,Quest: Dream Mentor,0,0
2026-09-02 04:57:47,Mas120,Quest: Eagles' Peak,0,2
2026-09-02 04:57:47,Mas120,Quest: Elemental Workshop I,0,2
2026-09-02 04:57:47,Mas120,Quest: Elemental Workshop II,0,2
2026-09-02 04:57:47,Mas120,Quest: Enakhra's Lament,0,0
2026-09-02 04:57:47,Mas120,Quest: Enlightened Journey,0,2
2026-09-02 04:57:47,Mas120,Quest: Ethically Acquired Antiquities,0,0
2026-09-02 04:57:47,Mas120,Quest: Fairytale I - Growing Pains,0,2
2026-09-02 04:57:47,Mas120,Quest: Fairytale II - Cure a Queen,0,1
2026-09-02 04:57:47,Mas120,Quest: Family Pest,0,0
2026-09-02 04:57:47,Mas120,Quest: Forgettable Tale...,0,0
2026-09-02 04:57:47,Mas120,Quest: Garden of Tranquillity,0,2
2026-09-02 04:57:47,Mas120,Quest: Getting Ahead,0,0
2026-09-02 04:57:47,Mas120,Quest: Ghosts Ahoy,0,2
2026-09-02 04:57:47,Mas120,Quest: Goblin Diplomacy,0,2
2026-09-02 04:57:47,Mas120,Quest: Grim Tales,0,0
2026-09-02 04:57:47,Mas120,Quest: His Faithful Servants,0,0
2026-09-02 04:57:47,Mas120,Quest: Hopespear's Will,0,0
2026-09-02 04:57:47,Mas120,Quest: Horror from the Deep,0,2
2026-09-02 04:57:47,Mas120,Quest: Icthlarin's Little Helper,0,2
2026-09-02 04:57:47,Mas120,Quest: In Aid of the Myreque,0,2
2026-09-02 04:57:47,Mas120,Quest: In Search of Knowledge,0,0
2026-09-02 04:57:47,Mas120,Quest: Into the Tombs,0,0
2026-09-02 04:57:47,Mas120,Quest: King's Ransom,0,0
2026-09-02 04:57:47,Mas120,Quest: Lair of Tarn Razorlor,0,2
2026-09-02 04:57:47,Mas120,Quest: Land of the Goblins,0,0
2026-09-02 04:57:47,Mas120,Quest: Lunar Diplomacy,0,0
2026-09-02 04:57:47,Mas120,Quest: Mage Arena II,0,0
2026-09-02 04:57:47,Mas120,Quest: Making Friends with My Arm,0,0
2026-09-02 04:57:47,Mas120,Quest: Making History,0,2
2026-09-02 04:57:47,Mas120,Quest: Meat and Greet,0,0
2026-09-02 04:57:47,Mas120,Quest: Misthalin Mystery,0,2
2026-09-02 04:57:47,Mas120,Quest: Monkey Madness II,0,0
2026-09-02 04:57:47,Mas120,Quest: Mountain Daughter,0,2
2026-09-02 04:57:47,Mas120,Quest: Mourning's End Part II,0,0
2026-09-02 04:57:47,Mas120,Quest: My Arm's Big Adventure,0,0
2026-09-02 04:57:47,Mas120,Quest: Olaf's Quest,0,0
2026-09-02 04:57:47,Mas120,Quest: Pandemonium,0,0
2026-09-02 04:57:47,Mas120,Quest: Perilous Moons,0,2
2026-09-02 04:57:47,Mas120,Quest: Prying Times,0,0
2026-09-02 04:57:47,Mas120,Quest: Ratcatchers,0,0
2026-09-02 04:57:47,Mas120,Quest: Recipe for Disaster,0,2
2026-09-02 04:57:47,Mas120,Quest: Recipe for Disaster - Another Cook's Quest,0,2
2026-09-02 04:57:47,Mas120,Quest: Recipe for Disaster - Culinaromancer,0,2
2026-09-02 04:57:47,Mas120,Quest: Recipe for Disaster - Evil Dave,0,2
2026-09-02 04:57:47,Mas120,Quest: Recipe for Disaster - King Awowogei,0,2
2026-09-02 04:57:47,Mas120,Quest: Recipe for Disaster - Lumbridge Guide,0,2
2026-09-02 04:57:47,Mas120,Quest: Recipe for Disaster - Mountain Dwarf,0,2
2026-09-02 04:57:47,Mas120,Quest: Recipe for Disaster - Pirate Pete,0,2
2026-09-02 04:57:47,Mas120,Quest: Recipe for Disaster - Sir Amik Varze,0,2
2026-09-02 04:57:47,Mas120,Quest: Recipe for Disaster - Skrach Uglogwee,0,2
2026-09-02 04:57:47,Mas120,Quest: Recipe for Disaster - Wartface & Bentnoze,0,2
2026-09-02 04:57:47,Mas120,Quest: Recruitment Drive,0,2
2026-09-02 04:57:47,Mas120,Quest: Royal Trouble,0,0
2026-09-02 04:57:47,Mas120,Quest: Scrambled!,0,0
2026-09-02 04:57:47,Mas120,Quest: Secrets of the North,0,0
2026-09-02 04:57:47,Mas120,Quest: Shadow of the Storm,0,2
2026-09-02 04:57:47,Mas120,Quest: Shadows of Custodia,0,0
2026-09-02 04:57:47,Mas120,Quest: Shield of Arrav,0,2
2026-09-02 04:57:47,Mas120,Quest: Sins of the Father,0,0
2026-09-02 04:57:47,Mas120,Quest: Skippy and the Mogres,0,0
2026-09-02 04:57:47,Mas120,Quest: Sleeping Giants,0,2
2026-09-02 04:57:47,Mas120,Quest: Song of the Elves,0,0
2026-09-02 04:57:47,Mas120,Quest: Spirits of the Elid,0,2
2026-09-02 04:57:47,Mas120,Quest: Swan Song,0,0
2026-09-02 04:57:47,Mas120,Quest: Tale of the Righteous,0,0
2026-09-02 04:57:47,Mas120,Quest: Tears of Guthix,0,2
2026-09-02 04:57:47,Mas120,Quest: Temple of the Eye,0,2
2026-09-02 04:57:47,Mas120,Quest: The Ascent of Arceuus,0,0
2026-09-02 04:57:47,Mas120,Quest: The Blood Moon Rises,0,0
2026-09-02 04:57:47,Mas120,Quest: The Corsair Curse,0,0
2026-09-02 04:57:47,Mas120,Quest: The Curse of Arrav,0,0
2026-09-02 04:57:47,Mas120,Quest: The Depths of Despair,0,2
2026-09-02 04:57:47,Mas120,Quest: The Enchanted Key,0,1
2026-09-02 04:57:47,Mas120,Quest: The Eyes of Glouphrie,0,0
2026-09-02 04:57:47,Mas120,Quest: The Feud,0,2
2026-09-02 04:57:47,Mas120,Quest: The Final Dawn,0,2
2026-09-02 04:57:47,Mas120,Quest: The Forsaken Tower,0,0
2026-09-02 04:57:47,Mas120,Quest: The Fremennik Exiles,0,0
2026-09-02 04:57:47,Mas120,Quest: The Fremennik Isles,0,0
2026-09-02 04:57:47,Mas120,Quest: The Frozen Door,0,1
2026-09-02 04:57:47,Mas120,Quest: The Garden of Death,0,2
2026-09-02 04:57:47,Mas120,Quest: The General's Shadow,0,0
2026-09-02 04:57:47,Mas120,Quest: The Giant Dwarf,0,2
2026-09-02 04:57:47,Mas120,Quest: The Golem,0,2
2026-09-02 04:57:47,Mas120,Quest: The Hand in the Sand,0,2
2026-09-02 04:57:47,Mas120,Quest: The Heart of Darkness,0,2
2026-09-02 04:57:47,Mas120,Quest: The Ides of Milk,0,0
2026-09-02 04:57:47,Mas120,Quest: The Lost Tribe,0,2
2026-09-02 04:57:47,Mas120,Quest: The Path of Glouphrie,0,0
2026-09-02 04:57:47,Mas120,Quest: The Queen of Thieves,0,2
2026-09-02 04:57:47,Mas120,Quest: The Red Reef,0,0
2026-09-02 04:57:47,Mas120,Quest: The Ribbiting Tale of a Lily Pad Labour Dispute,0,2
2026-09-02 04:57:47,Mas120,Quest: The Slug Menace,0,2
2026-09-02 04:57:47,Mas120,Quest: Tower of Life,0,2
2026-09-02 04:57:47,Mas120,Quest: Troubled Tortugans,0,0
2026-09-02 04:57:47,Mas120,Quest: Twilight's Promise,0,2
2026-09-02 04:57:47,Mas120,Quest: Vale Totems,0,2
2026-09-02 04:57:47,Mas120,Quest: Wanted!,0,2
2026-09-02 04:57:47,Mas120,Quest: What Lies Below,0,0
2026-09-02 04:57:47,Mas120,Quest: While Guthix Sleeps,0,0
2026-09-02 04:57:47,Mas120,Quest: X Marks the Spot,0,2
2026-09-02 04:57:47,Mas120,Quest: Zogre Flesh Eaters,0,2
2026-09-02 04:57:47,Mas120,Quest: Big Chompy Bird Hunting,0,2
2026-09-02 04:57:47,Mas120,Quest: Biohazard,0,2
2026-09-02 04:57:47,Mas120,Quest: Black Knights' Fortress,0,2
2026-09-02 04:57:47,Mas120,Quest: Cabin Fever,0,2
2026-09-02 04:57:47,Mas120,Quest: Clock Tower,0,2
2026-09-02 04:57:47,Mas120,Quest: Cook's Assistant,0,2
2026-09-02 04:57:47,Mas120,Quest: Death Plateau,0,2
2026-09-02 04:57:47,Mas120,Quest: Doric's Quest,0,2
2026-09-02 04:57:47,Mas120,Quest: Dragon Slayer I,0,2
2026-09-02 04:57:47,Mas120,Quest: Druidic Ritual,0,2
2026-09-02 04:57:47,Mas120,Quest: Dwarf Cannon,0,2
2026-09-02 04:57:47,Mas120,Quest: Eadgar's Ruse,0,0
2026-09-02 04:57:47,Mas120,Quest: Enter the Abyss,0,2
2026-09-02 04:57:47,Mas120,Quest: Ernest the Chicken,0,2
2026-09-02 04:57:47,Mas120,Quest: Family Crest,0,2
2026-09-02 04:57:47,Mas120,Quest: Fight Arena,0,2
2026-09-02 04:57:47,Mas120,Quest: Fishing Contest,0,2
2026-09-02 04:57:47,Mas120,Quest: Gertrude's Cat,0,2
2026-09-02 04:57:47,Mas120,Quest: Haunted Mine,0,2
2026-09-02 04:57:47,Mas120,Quest: Hazeel Cult,0,2
2026-09-02 04:57:47,Mas120,Quest: Heroes' Quest,0,2
2026-09-02 04:57:47,Mas120,Quest: Holy Grail,0,2
2026-09-02 04:57:47,Mas120,Quest: Imp Catcher,0,2
2026-09-02 04:57:47,Mas120,Quest: In Search of the Myreque,0,2
2026-09-02 04:57:47,Mas120,Quest: Jungle Potion,0,2
2026-09-02 04:57:47,Mas120,Quest: Learning the Ropes,0,2
2026-09-02 04:57:47,Mas120,Quest: Legends' Quest,0,2
2026-09-02 04:57:47,Mas120,Quest: Lost City,0,2
2026-09-02 04:57:47,Mas120,Quest: Mage Arena I,0,0
2026-09-02 04:57:47,Mas120,Quest: Merlin's Crystal,0,2
2026-09-02 04:57:47,Mas120,Quest: Monk's Friend,0,2
2026-09-02 04:57:47,Mas120,Quest: Monkey Madness I,0,2
2026-09-02 04:57:47,Mas120,Quest: Mourning's End Part I,0,0
2026-09-02 04:57:47,Mas120,Quest: Murder Mystery,0,2
2026-09-02 04:57:47,Mas120,Quest: Nature Spirit,0,2
2026-09-02 04:57:47,Mas120,Quest: Observatory Quest,0,2
2026-09-02 04:57:47,Mas120,Quest: One Small Favour,0,0
2026-09-02 04:57:47,Mas120,Quest: Pirate's Treasure,0,2
2026-09-02 04:57:47,Mas120,Quest: Plague City,0,2
2026-09-02 04:57:47,Mas120,Quest: Priest in Peril,0,2
2026-09-02 04:57:47,Mas120,Quest: Prince Ali Rescue,0,2
2026-09-02 04:57:47,Mas120,Quest: Rag and Bone Man I,0,2
2026-09-02 04:57:47,Mas120,Quest: Rag and Bone Man II,0,1
2026-09-02 04:57:47,Mas120,Quest: Regicide,0,2
2026-09-02 04:57:47,Mas120,Quest: Romeo & Juliet,0,2
2026-09-02 04:57:47,Mas120,Quest: Roving Elves,0,0
2026-09-02 04:57:47,Mas120,Quest: Rum Deal,0,2
2026-09-02 04:57:47,Mas120,Quest: Rune Mysteries,0,2
2026-09-02 04:57:47,Mas120,Quest: Scorpion Catcher,0,2
2026-09-02 04:57:47,Mas120,Quest: Sea Slug,0,2
2026-09-02 04:57:47,Mas120,Quest: Shades of Mort'ton,0,2
2026-09-02 04:57:47,Mas120,Quest: Sheep Herder,0,2
2026-09-02 04:57:47,Mas120,Quest: Sheep Shearer,0,2
2026-09-02 04:57:47,Mas120,Quest: Shilo Village,0,2
2026-09-02 04:57:47,Mas120,Quest: Tai Bwo Wannai Trio,0,2
2026-09-02 04:57:47,Mas120,Quest: Temple of Ikov,0,2
2026-09-02 04:57:47,Mas120,Quest: The Dig Site,0,2
2026-09-02 04:57:47,Mas120,Quest: The Fremennik Trials,0,2
2026-09-02 04:57:47,Mas120,Quest: The Grand Tree,0,2
2026-09-02 04:57:47,Mas120,Quest: The Great Brain Robbery,0,2
2026-09-02 04:57:47,Mas120,Quest: The Knight's Sword,0,2
2026-09-02 04:57:47,Mas120,Quest: The Restless Ghost,0,2
2026-09-02 04:57:47,Mas120,Quest: The Tourist Trap,0,2
2026-09-02 04:57:47,Mas120,Quest: Throne of Miscellania,0,0
2026-09-02 04:57:47,Mas120,Quest: Tree Gnome Village,0,2
2026-09-02 04:57:47,Mas120,Quest: Tribal Totem,0,2
2026-09-02 04:57:47,Mas120,Quest: Troll Romance,0,2
2026-09-02 04:57:47,Mas120,Quest: Troll Stronghold,0,2
2026-09-02 04:57:47,Mas120,Quest: Underground Pass,0,2
2026-09-02 04:57:47,Mas120,Quest: Vampyre Slayer,0,2
2026-09-02 04:57:47,Mas120,Quest: Watchtower,0,2
2026-09-02 04:57:47,Mas120,Quest: Waterfall Quest,0,2
2026-09-02 04:57:47,Mas120,Quest: Witch's House,0,2
2026-09-02 04:57:47,Mas120,Quest: Witch's Potion,0,2
2026-09-02 04:57:47,Mas120,Diary: Ardougne (Easy),0,1
2026-09-02 04:57:47,Mas120,Diary: Ardougne (Elite),0,0
2026-09-02 04:57:47,Mas120,Diary: Ardougne (Hard),0,0
2026-09-02 04:57:47,Mas120,Diary: Ardougne (Medium),0,1
2026-09-02 04:57:47,Mas120,Diary: Desert (Easy),0,1
2026-09-02 04:57:47,Mas120,Diary: Desert (Elite),0,0
2026-09-02 04:57:47,Mas120,Diary: Desert (Hard),0,0
2026-09-02 04:57:47,Mas120,Diary: Desert (Medium),0,0
2026-09-02 04:57:47,Mas120,Diary: Falador (Easy),0,1
2026-09-02 04:57:47,Mas120,Diary: Falador (Elite),0,0
2026-09-02 04:57:47,Mas120,Diary: Falador (Hard),0,0
2026-09-02 04:57:47,Mas120,Diary: Falador (Medium),0,0
2026-09-02 04:57:47,Mas120,Diary: Fremennik (Easy),0,0
2026-09-02 04:57:47,Mas120,Diary: Fremennik (Elite),0,0
2026-09-02 04:57:47,Mas120,Diary: Fremennik (Hard),0,0
2026-09-02 04:57:47,Mas120,Diary: Fremennik (Medium),0,0
2026-09-02 04:57:47,Mas120,Diary: Kandarin (Easy),0,1
2026-09-02 04:57:47,Mas120,Diary: Kandarin (Elite),0,0
2026-09-02 04:57:47,Mas120,Diary: Kandarin (Hard),0,0
2026-09-02 04:57:47,Mas120,Diary: Kandarin (Medium),0,1
2026-09-02 04:57:47,Mas120,Diary: Karamja (Easy),0,0
2026-09-02 04:57:47,Mas120,Diary: Karamja (Elite),0,0
2026-09-02 04:57:47,Mas120,Diary: Karamja (Hard),0,0
2026-09-02 04:57:47,Mas120,Diary: Karamja (Medium),0,0
2026-09-02 04:57:47,Mas120,Diary: Kourend & Kebos (Easy),0,1
2026-09-02 04:57:47,Mas120,Diary: Kourend & Kebos (Elite),0,0
2026-09-02 04:57:47,Mas120,Diary: Kourend & Kebos (Hard),0,0
2026-09-02 04:57:47,Mas120,Diary: Kourend & Kebos (Medium),0,0
2026-09-02 04:57:47,Mas120,Diary: Lumbridge & Draynor (Easy),0,1
2026-09-02 04:57:47,Mas120,Diary: Lumbridge & Draynor (Elite),0,0
2026-09-02 04:57:47,Mas120,Diary: Lumbridge & Draynor (Hard),0,0
2026-09-02 04:57:47,Mas120,Diary: Lumbridge & Draynor (Medium),0,1
2026-09-02 04:57:47,Mas120,Diary: Morytania (Easy),0,0
2026-09-02 04:57:47,Mas120,Diary: Morytania (Elite),0,0
2026-09-02 04:57:47,Mas120,Diary: Morytania (Hard),0,0
2026-09-02 04:57:47,Mas120,Diary: Morytania (Medium),0,0
2026-09-02 04:57:47,Mas120,Diary: Varrock (Easy),0,1
2026-09-02 04:57:47,Mas120,Diary: Varrock (Elite),0,0
2026-09-02 04:57:47,Mas120,Diary: Varrock (Hard),0,0
2026-09-02 04:57:47,Mas120,Diary: Varrock (Medium),0,1
2026-09-02 04:57:47,Mas120,Diary: Western Provinces (Easy),0,1
2026-09-02 04:57:47,Mas120,Diary: Western Provinces (Elite),0,0
2026-09-02 04:57:47,Mas120,Diary: Western Provinces (Hard),0,0
2026-09-02 04:57:47,Mas120,Diary: Western Provinces (Medium),0,1
2026-09-02 04:57:47,Mas120,Diary: Wilderness (Easy),0,0
2026-09-02 04:57:47,Mas120,Diary: Wilderness (Elite),0,0
2026-09-02 04:57:47,Mas120,Diary: Wilderness (Hard),0,0
2026-09-02 04:57:47,Mas120,Diary: Wilderness (Medium),0,0
2026-09-02 04:57:47,Mas120,Combat Achievement: 32,0,1
2026-09-02 04:57:47,Mas120,Combat Achievement: 80,0,1
2026-09-02 04:57:47,Mas120,Combat Achievement: 120,0,1
2026-09-02 04:57:47,Mas120,Combat Achievement: 122,0,1
2026-09-02 04:57:47,Mas120,Combat Achievement: 123,0,1
2026-09-02 04:57:47,Mas120,Combat Achievement: 124,0,1
2026-09-02 04:57:47,Mas120,Combat Achievement: 125,0,1
2026-09-02 04:57:47,Mas120,Combat Achievement: 353,0,1
2026-09-02 04:57:47,Mas120,Combat Achievement: 354,0,1
2026-09-02 04:57:47,Mas120,Combat Achievement: 356,0,1
2026-09-02 04:57:47,Mas120,Combat Achievement: 357,0,1
2026-09-02 04:57:47,Mas120,Combat Achievement: 358,0,1
2026-09-02 04:57:47,Mas120,Combat Achievement: 359,0,1
2026-09-02 04:57:47,Mas120,Combat Achievement: 521,0,1
2026-09-02 04:57:47,Mas120,Combat Achievement: 522,0,1
2026-09-02 04:57:47,Mas120,Combat Achievement: 528,0,1
2026-09-02 04:57:47,Mas120,Music Track: 7th Realm,0,1
2026-09-02 04:57:47,Mas120,Music Track: Adventure,0,1
2026-09-02 04:57:47,Mas120,Music Track: Al Kharid,0,1
2026-09-02 04:57:47,Mas120,Music Track: Alchemical Attack!,0,0
2026-09-02 04:57:47,Mas120,Music Track: All Aboard,0,0
2026-09-02 04:57:47,Mas120,Music Track: All the Trimmings,0,0
2026-09-02 04:57:47,Mas120,Music Track: All's Fairy in Love & War,0,0
2026-09-02 04:57:47,Mas120,Music Track: Alone,0,1
2026-09-02 04:57:47,Mas120,Music Track: Altar Ego,0,1
2026-09-02 04:57:47,Mas120,Music Track: Alternative Root,0,0
2026-09-02 04:57:47,Mas120,Music Track: Amascut's Promise,0,0
2026-09-02 04:57:47,Mas120,Music Track: Ambient Jungle,0,1
2026-09-02 04:57:47,Mas120,Music Track: The Ancient Prison,0,0
2026-09-02 04:57:47,Mas120,Music Track: The Angel's Fury,0,0
2026-09-02 04:57:47,Mas120,Music Track: Anywhere,0,1
2026-09-02 04:57:47,Mas120,Music Track: Ape-ex Predator,0,0
2026-09-02 04:57:47,Mas120,Music Track: Arabian,0,1
2026-09-02 04:57:47,Mas120,Music Track: Arabian 2,0,1
2026-09-02 04:57:47,Mas120,Music Track: Arabian 3,0,1
2026-09-02 04:57:47,Mas120,Music Track: Arabique,0,1
2026-09-02 04:57:47,Mas120,Music Track: Arachnids of Vampyrium,0,0
2026-09-02 04:57:47,Mas120,Music Track: Arboretum,0,0
2026-09-02 04:57:47,Mas120,Music Track: Arcane,0,1
2026-09-02 04:57:47,Mas120,Music Track: Architects of Prifddinas,0,0
2026-09-02 04:57:47,Mas120,Music Track: Are You Not Entertained?,0,0
2026-09-02 04:57:47,Mas120,Music Track: Armadyl Alliance,0,0
2026-09-02 04:57:47,Mas120,Music Track: Armageddon,0,0
2026-09-02 04:57:47,Mas120,Music Track: Army of Darkness,0,1
2026-09-02 04:57:47,Mas120,Music Track: Arrival,0,1
2026-09-02 04:57:47,Mas120,Music Track: Artistry,0,1
2026-09-02 04:57:47,Mas120,Music Track: Ascent,0,0
2026-09-02 04:57:47,Mas120,Music Track: Assault and Battery,0,1
2026-09-02 04:57:47,Mas120,Music Track: Attack 1,0,1
2026-09-02 04:57:47,Mas120,Music Track: Attack 2,0,1
2026-09-02 04:57:47,Mas120,Music Track: Attack 3,0,1
2026-09-02 04:57:47,Mas120,Music Track: Attack 4,0,1
2026-09-02 04:57:47,Mas120,Music Track: Attack 5,0,1
2026-09-02 04:57:47,Mas120,Music Track: Attack 6,0,1
2026-09-02 04:57:47,Mas120,Music Track: Attention,0,1
2026-09-02 04:57:47,Mas120,Music Track: Autumn Voyage,0,1
2026-09-02 04:57:47,Mas120,Music Track: Awful Anthem,0,0
2026-09-02 04:57:47,Mas120,Music Track: Aye Car Rum Ba,0,1
2026-09-02 04:57:47,Mas120,Music Track: Aztec,0,0
2026-09-02 04:57:47,Mas120,Music Track: Back to Life,0,0
2026-09-02 04:57:47,Mas120,Music Track: Background,0,1
2026-09-02 04:57:47,Mas120,Music Track: Bait,0,0
2026-09-02 04:57:47,Mas120,Music Track: Ballad of Enchantment,0,1
2026-09-02 04:57:47,Mas120,Music Track: Ballad of the Basilisk,0,0
2026-09-02 04:57:47,Mas120,Music Track: Bandit Camp,0,1
2026-09-02 04:57:47,Mas120,Music Track: Bandos Battalion,0,0
2026-09-02 04:57:47,Mas120,Music Track: Bane,0,0
2026-09-02 04:57:47,Mas120,Music Track: The Bane of Ashihama,0,0
2026-09-02 04:57:47,Mas120,Music Track: Barb Wire,0,0
2026-09-02 04:57:47,Mas120,Music Track: Barbarian Workout,0,1
2026-09-02 04:57:47,Mas120,Music Track: Barbarianism,0,1
2026-09-02 04:57:47,Mas120,Music Track: Barking Mad,0,0
2026-09-02 04:57:47,Mas120,Music Track: Baroque,0,1
2026-09-02 04:57:47,Mas120,Music Track: Barren Land,0,0
2026-09-02 04:57:47,Mas120,Music Track: Beetle Juice,0,0
2026-09-02 04:57:47,Mas120,Music Track: Below the Conch,0,0
2026-09-02 04:57:47,Mas120,Music Track: Beneath Cursed Sands,0,0
2026-09-02 04:57:47,Mas120,Music Track: Beneath the Kingdom,0,1
2026-09-02 04:57:47,Mas120,Music Track: Beneath the Stronghold,0,1
2026-09-02 04:57:47,Mas120,Music Track: Beyond,0,1
2026-09-02 04:57:47,Mas120,Music Track: Beyond the Meadow,0,1
2026-09-02 04:57:47,Mas120,Music Track: Big Chords,0,1
2026-09-02 04:57:47,Mas120,Music Track: Black of Knight,0,0
2026-09-02 04:57:47,Mas120,Music Track: Blistering Barnacles,0,1
2026-09-02 04:57:47,Mas120,Music Track: The Blood Moon Rises,0,0
2026-09-02 04:57:47,Mas120,Music Track: Blood Rush,0,0
2026-09-02 04:57:47,Mas120,Music Track: Bloodbath,0,0
2026-09-02 04:57:47,Mas120,Music Track: Boat 'Em Up,0,0
2026-09-02 04:57:47,Mas120,Music Track: Bob's on Holiday,0,0
2026-09-02 04:57:47,Mas120,Music Track: Body Parts,0,1
2026-09-02 04:57:47,Mas120,Music Track: Bolrie's Diary,0,0
2026-09-02 04:57:47,Mas120,Music Track: Bone Dance,0,1
2026-09-02 04:57:47,Mas120,Music Track: Bone Dry,0,1
2026-09-02 04:57:47,Mas120,Music Track: Book of Spells,0,1
2026-09-02 04:57:47,Mas120,Music Track: Borderland,0,1
2026-09-02 04:57:47,Mas120,Music Track: Boss Moosic,0,0
2026-09-02 04:57:47,Mas120,Music Track: Box of Delights,0,0
2026-09-02 04:57:47,Mas120,Music Track: Brain Battle,0,1
2026-09-02 04:57:47,Mas120,Music Track: Breeze,0,1
2026-09-02 04:57:47,Mas120,Music Track: Brew Hoo Hoo!,0,0
2026-09-02 04:57:47,Mas120,Music Track: The Bridge,0,0
2026-09-02 04:57:47,Mas120,Music Track: Brimstail's Scales,0,0
2026-09-02 04:57:47,Mas120,Music Track: Bubble and Squeak,0,0
2026-09-02 04:57:47,Mas120,Music Track: Bunny's Sugar Rush,0,0
2026-09-02 04:57:47,Mas120,Music Track: Burning Desire,0,1
2026-09-02 04:57:47,Mas120,Music Track: The Burning Sun,0,1
2026-09-02 04:57:47,Mas120,Music Track: Business as Unusual,0,0
2026-09-02 04:57:47,Mas120,Music Track: Cabin Fever,0,1
2026-09-02 04:57:47,Mas120,Music Track: Cain's Tutorial,0,1
2026-09-02 04:57:47,Mas120,Music Track: Call of the Tlati,0,1
2026-09-02 04:57:47,Mas120,Music Track: Camelot,0,1
2026-09-02 04:57:47,Mas120,Music Track: Cannonballin',0,0
2026-09-02 04:57:47,Mas120,Music Track: Castle Drakan,0,0
2026-09-02 04:57:47,Mas120,Music Track: Castle Wars,0,0
2026-09-02 04:57:47,Mas120,Music Track: Catacombs and Tombs,0,0
2026-09-02 04:57:47,Mas120,Music Track: Catch Me If You Can,0,0
2026-09-02 04:57:47,Mas120,Music Track: Cave Background,0,1
2026-09-02 04:57:47,Mas120,Music Track: Cave of Beasts,0,1
2026-09-02 04:57:47,Mas120,Music Track: Cave of the Goblins,0,1
2026-09-02 04:57:47,Mas120,Music Track: Cavern,0,1
2026-09-02 04:57:47,Mas120,Music Track: The Cellar Dwellers,0,1
2026-09-02 04:57:47,Mas120,Music Track: Cellar Song,0,0
2026-09-02 04:57:47,Mas120,Music Track: Chain of Command,0,1
2026-09-02 04:57:47,Mas120,Music Track: Chamber,0,1
2026-09-02 04:57:47,Mas120,Music Track: Chef Surprise,0,1
2026-09-02 04:57:47,Mas120,Music Track: Chickened Out,0,0
2026-09-02 04:57:47,Mas120,Music Track: Children of the Sun,0,1
2026-09-02 04:57:47,Mas120,Music Track: Chompy Hunt,0,1
2026-09-02 04:57:47,Mas120,Music Track: The Chosen,0,1
2026-09-02 04:57:47,Mas120,Music Track: The City of Sun,0,1
2026-09-02 04:57:47,Mas120,Music Track: City of the Dead,0,1
2026-09-02 04:57:47,Mas120,Music Track: Clan Wars,0,0
2026-09-02 04:57:47,Mas120,Music Track: Clanliness,0,0
2026-09-02 04:57:47,Mas120,Music Track: Claustrophobia,0,0
2026-09-02 04:57:47,Mas120,Music Track: Close Quarters,0,1
2026-09-02 04:57:47,Mas120,Music Track: Coil,0,0
2026-09-02 04:57:47,Mas120,Music Track: Colossus of the Deep,0,0
2026-09-02 04:57:47,Mas120,Music Track: Competition,0,1
2026-09-02 04:57:47,Mas120,Music Track: Complication,0,1
2026-09-02 04:57:47,Mas120,Music Track: Confrontation,0,0
2026-09-02 04:57:47,Mas120,Music Track: The Consortium,0,1
2026-09-02 04:57:47,Mas120,Music Track: Conspiracy,0,0
2026-09-02 04:57:47,Mas120,Music Track: Contest,0,1
2026-09-02 04:57:47,Mas120,Music Track: Corporal Punishment,0,1
2026-09-02 04:57:47,Mas120,Music Track: Corridors of Power,0,0
2026-09-02 04:57:47,Mas120,Music Track: Country Jig,0,1
2026-09-02 04:57:47,Mas120,Music Track: Courage,0,1
2026-09-02 04:57:47,Mas120,Music Track: Crashing Waves,0,0
2026-09-02 04:57:47,Mas120,Music Track: Creature Cruelty,0,1
2026-09-02 04:57:47,Mas120,Music Track: Creatures of Varlamore,0,1
2026-09-02 04:57:47,Mas120,Music Track: Creeping Vines,0,1
2026-09-02 04:57:47,Mas120,Music Track: Crest of a Wave,0,1
2026-09-02 04:57:47,Mas120,Music Track: Crystal Castle,0,1
2026-09-02 04:57:47,Mas120,Music Track: Crystal Cave,0,1
2026-09-02 04:57:47,Mas120,Music Track: Crystal Sword,0,1
2026-09-02 04:57:47,Mas120,Music Track: Cursed,0,1
2026-09-02 04:57:47,Mas120,Music Track: The Curtain Closes,0,0
2026-09-02 04:57:47,Mas120,Music Track: Dagannoth Dawn,0,0
2026-09-02 04:57:47,Mas120,Music Track: Dance of Death,0,1
2026-09-02 04:57:47,Mas120,Music Track: Dance of the Meilyr,0,0
2026-09-02 04:57:47,Mas120,Music Track: Dance of the Nylocas,0,0
2026-09-02 04:57:47,Mas120,Music Track: Dance of the Undead,0,0
2026-09-02 04:57:47,Mas120,Music Track: Dangerous,0,1
2026-09-02 04:57:47,Mas120,Music Track: A Dangerous Game,0,0
2026-09-02 04:57:47,Mas120,Music Track: Dangerous Logic,0,0
2026-09-02 04:57:47,Mas120,Music Track: Dangerous Road,0,1
2026-09-02 04:57:47,Mas120,Music Track: Dangerous Way,0,0
2026-09-02 04:57:47,Mas120,Music Track: Dark,0,1
2026-09-02 04:57:47,Mas120,Music Track: The Dark Beast Sotetseg,0,0
2026-09-02 04:57:47,Mas120,Music Track: Darkly Altared,0,0
2026-09-02 04:57:47,Mas120,Music Track: Darkmeyer,0,0
2026-09-02 04:57:47,Mas120,Music Track: Darkness in the Depths,0,1
2026-09-02 04:57:47,Mas120,Music Track: Davy Jones' Locker,0,1
2026-09-02 04:57:47,Mas120,Music Track: Dawn,0,0
2026-09-02 04:57:47,Mas120,Music Track: Dead Can Dance,0,1
2026-09-02 04:57:47,Mas120,Music Track: Dead Quiet,0,1
2026-09-02 04:57:47,Mas120,Music Track: Deadlands,0,1
2026-09-02 04:57:47,Mas120,Music Track: Deep Down,0,1
2026-09-02 04:57:47,Mas120,Music Track: Deep Wildy,0,1
2026-09-02 04:57:47,Mas120,Music Track: Delrith,0,1
2026-09-02 04:57:47,Mas120,Music Track: The Depths,0,0
2026-09-02 04:57:47,Mas120,Music Track: Desert Heat,0,1
2026-09-02 04:57:47,Mas120,Music Track: Desert Voyage,0,1
2026-09-02 04:57:47,Mas120,Music Track: The Desert,0,1
2026-09-02 04:57:47,Mas120,Music Track: The Desolate Isle,0,0
2026-09-02 04:57:47,Mas120,Music Track: The Desolate Mage,0,0
2026-09-02 04:57:47,Mas120,Music Track: A Desolate Past,0,1
2026-09-02 04:57:47,Mas120,Music Track: Devils May Care,0,0
2026-09-02 04:57:47,Mas120,Music Track: Diango's Little Helpers,0,0
2026-09-02 04:57:47,Mas120,Music Track: Dies Irae,0,0
2026-09-02 04:57:47,Mas120,Music Track: Dimension X,0,0
2026-09-02 04:57:47,Mas120,Music Track: Distant Land,0,1
2026-09-02 04:57:47,Mas120,Music Track: Distillery Hilarity,0,0
2026-09-02 04:57:47,Mas120,Music Track: Dogfight,0,0
2026-09-02 04:57:47,Mas120,Music Track: Dogs of War,0,1
2026-09-02 04:57:47,Mas120,Music Track: Domain of the Vampyres,0,0
2026-09-02 04:57:47,Mas120,Music Track: Don't Panic Zanik,0,0
2026-09-02 04:57:47,Mas120,Music Track: The Doom,0,0
2026-09-02 04:57:47,Mas120,Music Track: The Doors of Dinh,0,0
2026-09-02 04:57:47,Mas120,Music Track: Doorways,0,1
2026-09-02 04:57:47,Mas120,Music Track: Dorgeshuun City,0,1
2026-09-02 04:57:47,Mas120,Music Track: Dorgeshuun Deep,0,0
2026-09-02 04:57:47,Mas120,Music Track: Dorgeshuun Treaty,0,1
2026-09-02 04:57:47,Mas120,Music Track: Dot's Yuletide,0,0
2026-09-02 04:57:47,Mas120,Music Track: Down Below,0,1
2026-09-02 04:57:47,Mas120,Music Track: Down and Out,0,0
2026-09-02 04:57:47,Mas120,Music Track: Down by the Docks,0,1
2026-09-02 04:57:47,Mas120,Music Track: Down to Earth,0,1
2026-09-02 04:57:47,Mas120,Music Track: The Dragon Slayer,0,0
2026-09-02 04:57:47,Mas120,Music Track: Dragontooth Island,0,1
2026-09-02 04:57:47,Mas120,Music Track: Dream,0,1
2026-09-02 04:57:47,Mas120,Music Track: The Dream Theatre,0,0
2026-09-02 04:57:47,Mas120,Music Track: Dreamstate,0,0
2026-09-02 04:57:47,Mas120,Music Track: Dunes of Eternity,0,0
2026-09-02 04:57:47,Mas120,Music Track: Dunjun,0,1
2026-09-02 04:57:47,Mas120,Music Track: Dusk in Yu'biusk,0,0
2026-09-02 04:57:47,Mas120,Music Track: Dwarf Theme,0,1
2026-09-02 04:57:47,Mas120,Music Track: Dwarven Domain,0,1
2026-09-02 04:57:47,Mas120,Music Track: Dynasty,0,1
2026-09-02 04:57:47,Mas120,Music Track: Eagles' Peak,0,1
2026-09-02 04:57:47,Mas120,Music Track: Easter Jig,0,0
2026-09-02 04:57:47,Mas120,Music Track: Echoes of the North,0,0
2026-09-02 04:57:47,Mas120,Music Track: Egypt,0,1
2026-09-02 04:57:47,Mas120,Music Track: Elder Wisdom,0,0
2026-09-02 04:57:47,Mas120,Music Track: Elven Guardians,0,0
2026-09-02 04:57:47,Mas120,Music Track: Elven Mist,0,1
2026-09-02 04:57:47,Mas120,Music Track: Elven Seed,0,0
2026-09-02 04:57:47,Mas120,Music Track: The Emir's Arena,0,1
2026-09-02 04:57:47,Mas120,Music Track: Emissaries of Twilight,0,1
2026-09-02 04:57:47,Mas120,Music Track: Emotion,0,1
2026-09-02 04:57:47,Mas120,Music Track: Emperor,0,1
2026-09-02 04:57:47,Mas120,Music Track: The Enchanter,0,0
2026-09-02 04:57:47,Mas120,Music Track: The Enclave,0,1
2026-09-02 04:57:47,Mas120,Music Track: Escape,0,1
2026-09-02 04:57:47,Mas120,Music Track: Espionage,0,0
2026-09-02 04:57:47,Mas120,Music Track: Etceteria,0,0
2026-09-02 04:57:47,Mas120,Music Track: The Eternal Waves,0,0
2026-09-02 04:57:47,Mas120,Music Track: Eve's Epinette,0,0
2026-09-02 04:57:47,Mas120,Music Track: Everlasting,0,0
2026-09-02 04:57:47,Mas120,Music Track: Everlasting Fire,0,1
2026-09-02 04:57:47,Mas120,Music Track: The Everlasting Slumber,0,0
2026-09-02 04:57:47,Mas120,Music Track: Everywhere,0,0
2026-09-02 04:57:47,Mas120,Music Track: Evil Bob's Island,0,1
2026-09-02 04:57:47,Mas120,Music Track: The Evil Within,0,0
2026-09-02 04:57:47,Mas120,Music Track: Expanse,0,1
2026-09-02 04:57:47,Mas120,Music Track: Expecting,0,1
2026-09-02 04:57:47,Mas120,Music Track: Expedition,0,1
2026-09-02 04:57:47,Mas120,Music Track: Exposed,0,1
2026-09-02 04:57:47,Mas120,Music Track: Eye See You,0,0
2026-09-02 04:57:47,Mas120,Music Track: Eye of the Storm,0,1
2026-09-02 04:57:47,Mas120,Music Track: Faerie,0,1
2026-09-02 04:57:47,Mas120,Music Track: The Fairy Dragon,0,1
2026-09-02 04:57:47,Mas120,Music Track: Faith of the Hefin,0,0
2026-09-02 04:57:47,Mas120,Music Track: Faithless,0,1
2026-09-02 04:57:47,Mas120,Music Track: The Fallen Empire,0,0
2026-09-02 04:57:47,Mas120,Music Track: Fanfare,0,1
2026-09-02 04:57:47,Mas120,Music Track: Fanfare 2,0,1
2026-09-02 04:57:47,Mas120,Music Track: Fanfare 3,0,1
2026-09-02 04:57:47,Mas120,Music Track: Fangs for the Memory,0,1
2026-09-02 04:57:47,Mas120,Music Track: Far Away,0,0
2026-09-02 04:57:47,Mas120,Music Track: The Far Side,0,1
2026-09-02 04:57:47,Mas120,Music Track: A Farmer's Grind,0,1
2026-09-02 04:57:47,Mas120,Music Track: The Fat Lady Sings,0,0
2026-09-02 04:57:47,Mas120,Music Track: Fe Fi Fo Fum,0,0
2026-09-02 04:57:47,Mas120,Music Track: Fear and Loathing,0,1
2026-09-02 04:57:47,Mas120,Music Track: The Feathered Serpent,0,0
2026-09-02 04:57:47,Mas120,Music Track: Fenkenstrain's Refrain,0,1
2026-09-02 04:57:47,Mas120,Music Track: A Festive Party,0,0
2026-09-02 04:57:47,Mas120,Music Track: Fight of the Basilisk,0,0
2026-09-02 04:57:47,Mas120,Music Track: Fight or Flight,0,0
2026-09-02 04:57:47,Mas120,Music Track: Find My Way,0,1
2026-09-02 04:57:47,Mas120,Music Track: Fire and Brimstone,0,1
2026-09-02 04:57:47,Mas120,Music Track: Fire in the Deep,0,0
2026-09-02 04:57:47,Mas120,Music Track: The Fires of Lletya,0,0
2026-09-02 04:57:47,Mas120,Music Track: Fishing,0,1
2026-09-02 04:57:47,Mas120,Music Track: Floating Free,0,1
2026-09-02 04:57:47,Mas120,Music Track: Flute Salad,0,1
2026-09-02 04:57:47,Mas120,Music Track: Food for Thought,0,1
2026-09-02 04:57:47,Mas120,Music Track: Forbidden,0,1
2026-09-02 04:57:47,Mas120,Music Track: Forest,0,1
2026-09-02 04:57:47,Mas120,Music Track: The Forests of Shayzien,0,1
2026-09-02 04:57:47,Mas120,Music Track: Forever,0,1
2026-09-02 04:57:47,Mas120,Music Track: Forgettable Melody,0,0
2026-09-02 04:57:47,Mas120,Music Track: Forgotten,0,1
2026-09-02 04:57:47,Mas120,Music Track: A Forgotten Religion,0,0
2026-09-02 04:57:47,Mas120,Music Track: The Forgotten Tomb,0,0
2026-09-02 04:57:47,Mas120,Music Track: The Forlorn Homestead,0,1
2026-09-02 04:57:47,Mas120,Music Track: The Forsaken Tower,0,0
2026-09-02 04:57:47,Mas120,Music Track: The Forsaken,0,0
2026-09-02 04:57:47,Mas120,Music Track: Fossilised,0,0
2026-09-02 04:57:47,Mas120,Music Track: The Foundry,0,1
2026-09-02 04:57:47,Mas120,Music Track: The Fragment,0,0
2026-09-02 04:57:47,Mas120,Music Track: The Fremennik Kings,0,0
2026-09-02 04:57:47,Mas120,Music Track: Frogland,0,1
2026-09-02 04:57:47,Mas120,Music Track: Frostbite,0,1
2026-09-02 04:57:47,Mas120,Music Track: Fruits de Mer,0,1
2026-09-02 04:57:47,Mas120,Music Track: Ful to the Brim,0,0
2026-09-02 04:57:47,Mas120,Music Track: Funny Bunnies,0,0
2026-09-02 04:57:47,Mas120,Music Track: The Galleon,0,0
2026-09-02 04:57:47,Mas120,Music Track: Gaol,0,1
2026-09-02 04:57:47,Mas120,Music Track: Garden,0,1
2026-09-02 04:57:47,Mas120,Music Track: Garden of Autumn,0,0
2026-09-02 04:57:47,Mas120,Music Track: Garden of Spring,0,0
2026-09-02 04:57:47,Mas120,Music Track: Garden of Summer,0,0
2026-09-02 04:57:47,Mas120,Music Track: Garden of Winter,0,0
2026-09-02 04:57:47,Mas120,Music Track: The Gates of Menaphos,0,0
2026-09-02 04:57:47,Mas120,Music Track: Gathering,0,0
2026-09-02 04:57:47,Mas120,Music Track: The Gauntlet,0,0
2026-09-02 04:57:47,Mas120,Music Track: The Genie,0,1
2026-09-02 04:57:47,Mas120,Music Track: Getting Down to Business,0,1
2026-09-02 04:57:47,Mas120,Music Track: Gill Bill,0,1
2026-09-02 04:57:47,Mas120,Music Track: Gnome King,0,1
2026-09-02 04:57:47,Mas120,Music Track: Gnome Village,0,1
2026-09-02 04:57:47,Mas120,Music Track: Gnome Village 2,0,1
2026-09-02 04:57:47,Mas120,Music Track: Gnome Village Party,0,1
2026-09-02 04:57:47,Mas120,Music Track: Gnomeball,0,1
2026-09-02 04:57:47,Mas120,Music Track: Goblin Game,0,1
2026-09-02 04:57:47,Mas120,Music Track: Goblin Village,0,1
2026-09-02 04:57:47,Mas120,Music Track: Golden Touch,0,0
2026-09-02 04:57:47,Mas120,Music Track: The Golem,0,1
2026-09-02 04:57:47,Mas120,Music Track: The Great North,0,0
2026-09-02 04:57:47,Mas120,Music Track: Greatness,0,1
2026-09-02 04:57:47,Mas120,Music Track: Grimly Fiendish,0,0
2026-09-02 04:57:47,Mas120,Music Track: Grip of the Talon,0,1
2026-09-02 04:57:47,Mas120,Music Track: Grotto,0,1
2026-09-02 04:57:47,Mas120,Music Track: Grow Grow Grow,0,1
2026-09-02 04:57:47,Mas120,Music Track: Grumpy,0,1
2026-09-02 04:57:47,Mas120,Music Track: The Guardian of Tapoyauik,0,1
2026-09-02 04:57:47,Mas120,Music Track: The Guardians Prepare,0,1
2026-09-02 04:57:47,Mas120,Music Track: Guardians of the Rift,0,1
2026-09-02 04:57:47,Mas120,Music Track: The Guidance of Ralos,0,1
2026-09-02 04:57:47,Mas120,Music Track: H.A.M. Attack,0,1
2026-09-02 04:57:47,Mas120,Music Track: H.A.M. Fisted,0,1
2026-09-02 04:57:47,Mas120,Music Track: H.A.M. and Seek,0,1
2026-09-02 04:57:47,Mas120,Music Track: Harmony,0,1
2026-09-02 04:57:47,Mas120,Music Track: Harmony 2,0,1
2026-09-02 04:57:47,Mas120,Music Track: Haunted Mine,0,1
2026-09-02 04:57:47,Mas120,Music Track: Have a Blast,0,1
2026-09-02 04:57:47,Mas120,Music Track: Have an Ice Day,0,0
2026-09-02 04:57:47,Mas120,Music Track: Head to Head,0,1
2026-09-02 04:57:47,Mas120,Music Track: Healin' Feelin',0,0
2026-09-02 04:57:47,Mas120,Music Track: Heart and Mind,0,0
2026-09-02 04:57:47,Mas120,Music Track: Heavy Security,0,0
2026-09-02 04:57:47,Mas120,Music Track: The Heist,0,0
2026-09-02 04:57:47,Mas120,Music Track: Hells Bells,0,1
2026-09-02 04:57:47,Mas120,Music Track: Hermit,0,1
2026-09-02 04:57:47,Mas120,Music Track: High Seas,0,1
2026-09-02 04:57:47,Mas120,Music Track: High Spirits,0,0
2026-09-02 04:57:47,Mas120,Music Track: His Faithful Servants,0,0
2026-09-02 04:57:47,Mas120,Music Track: Hoe Down,0,1
2026-09-02 04:57:47,Mas120,Music Track: Home,0,0
2026-09-02 04:57:47,Mas120,Music Track: Home Sweet Home,0,1
2026-09-02 04:57:47,Mas120,Music Track: Honkytonky Sea Shanty 2,0,0
2026-09-02 04:57:47,Mas120,Music Track: Horizon,0,1
2026-09-02 04:57:47,Mas120,Music Track: The Houses of Kourend,0,0
2026-09-02 04:57:47,Mas120,Music Track: Hunted,0,0
2026-09-02 04:57:47,Mas120,Music Track: Hypnotised,0,1
2026-09-02 04:57:47,Mas120,Music Track: I'm Sorry,0,0
2026-09-02 04:57:47,Mas120,Music Track: Iban,0,1
2026-09-02 04:57:47,Mas120,Music Track: Ice Melody,0,1
2026-09-02 04:57:47,Mas120,Music Track: Ice and Fire,0,0
2026-09-02 04:57:47,Mas120,Music Track: Illusive,0,0
2026-09-02 04:57:47,Mas120,Music Track: Impetuous,0,1
2026-09-02 04:57:47,Mas120,Music Track: Impulses,0,1
2026-09-02 04:57:47,Mas120,Music Track: In Between,0,0
2026-09-02 04:57:47,Mas120,Music Track: In the Brine,0,1
2026-09-02 04:57:47,Mas120,Music Track: In the Clink,0,1
2026-09-02 04:57:47,Mas120,Music Track: In the Manor,0,1
2026-09-02 04:57:47,Mas120,Music Track: In the Pits,0,1
2026-09-02 04:57:47,Mas120,Music Track: In the Shadows,0,0
2026-09-02 04:57:47,Mas120,Music Track: Inadequacy,0,0
2026-09-02 04:57:47,Mas120,Music Track: Incantation,0,1
2026-09-02 04:57:47,Mas120,Music Track: Incarceration,0,0
2026-09-02 04:57:47,Mas120,Music Track: Inferno,0,0
2026-09-02 04:57:47,Mas120,Music Track: Insect Queen,0,1
2026-09-02 04:57:47,Mas120,Music Track: Inspiration,0,1
2026-09-02 04:57:47,Mas120,Music Track: Into the Abyss,0,1
2026-09-02 04:57:47,Mas120,Music Track: Into the Blue,0,0
2026-09-02 04:57:47,Mas120,Music Track: Into the Tombs,0,0
2026-09-02 04:57:47,Mas120,Music Track: Intrepid,0,1
2026-09-02 04:57:47,Mas120,Music Track: Invader,0,0
2026-09-02 04:57:47,Mas120,Music Track: Iorwerth's Lament,0,0
2026-09-02 04:57:47,Mas120,Music Track: Island Life,0,1
2026-09-02 04:57:47,Mas120,Music Track: Island of the Trolls,0,0
2026-09-02 04:57:47,Mas120,Music Track: Isle of Everywhere,0,0
2026-09-02 04:57:47,Mas120,Music Track: Isle of Serenity,0,1
2026-09-02 04:57:47,Mas120,Music Track: It's not over 'til...,0,0
2026-09-02 04:57:47,Mas120,Music Track: Itsy Bitsy...,0,0
2026-09-02 04:57:47,Mas120,Music Track: Jaws of Gluttony,0,0
2026-09-02 04:57:47,Mas120,Music Track: Jaws of the Basilisk,0,0
2026-09-02 04:57:47,Mas120,Music Track: Jester Minute,0,0
2026-09-02 04:57:47,Mas120,Music Track: Jolly R,0,1
2026-09-02 04:57:47,Mas120,Music Track: Joy of the Hunt,0,1
2026-09-02 04:57:47,Mas120,Music Track: Judgement of the Depths,0,0
2026-09-02 04:57:47,Mas120,Music Track: Jungle Bells,0,0
2026-09-02 04:57:47,Mas120,Music Track: Jungle Hunt,0,1
2026-09-02 04:57:47,Mas120,Music Track: Jungle Island,0,1
2026-09-02 04:57:47,Mas120,Music Track: Jungle Island Xmas,0,0
2026-09-02 04:57:47,Mas120,Music Track: Jungle Troubles,0,1
2026-09-02 04:57:47,Mas120,Music Track: Jungly 1,0,1
2026-09-02 04:57:47,Mas120,Music Track: Jungly 2,0,1
2026-09-02 04:57:47,Mas120,Music Track: Jungly 3,0,1
2026-09-02 04:57:47,Mas120,Music Track: Kanon of Kahlith,0,0
2026-09-02 04:57:47,Mas120,Music Track: Karamja Jam,0,1
2026-09-02 04:57:47,Mas120,Music Track: The Kin,0,0
2026-09-02 04:57:47,Mas120,Music Track: King of the Trolls,0,0
2026-09-02 04:57:47,Mas120,Music Track: Kingdom,0,1
2026-09-02 04:57:47,Mas120,Music Track: Knightly,0,1
2026-09-02 04:57:47,Mas120,Music Track: Knightmare,0,1
2026-09-02 04:57:47,Mas120,Music Track: Kourend the Magnificent,0,1
2026-09-02 04:57:47,Mas120,Music Track: La Mort,0,0
2026-09-02 04:57:47,Mas120,Music Track: Labyrinth,0,0
2026-09-02 04:57:47,Mas120,Music Track: Lagoon,0,1
2026-09-02 04:57:47,Mas120,Music Track: Laid to Rest,0,0
2026-09-02 04:57:47,Mas120,Music Track: Lair,0,0
2026-09-02 04:57:47,Mas120,Music Track: Lair of the Basilisk,0,0
2026-09-02 04:57:47,Mas120,Music Track: Lament,0,0
2026-09-02 04:57:47,Mas120,Music Track: Lament for the Hallowed,0,0
2026-09-02 04:57:47,Mas120,Music Track: Lament of Meiyerditch,0,0
2026-09-02 04:57:47,Mas120,Music Track: Lamistard's Labyrinth,0,0
2026-09-02 04:57:47,Mas120,Music Track: Land Down Under,0,0
2026-09-02 04:57:47,Mas120,Music Track: Land of Snow,0,0
2026-09-02 04:57:47,Mas120,Music Track: Land of the Dwarves,0,1
2026-09-02 04:57:47,Mas120,Music Track: Landlubber,0,1
2026-09-02 04:57:47,Mas120,Music Track: Last King of the Yarasa,0,0
2026-09-02 04:57:47,Mas120,Music Track: Last Man Standing,0,1
2026-09-02 04:57:47,Mas120,Music Track: The Last Shanty,0,0
2026-09-02 04:57:47,Mas120,Music Track: Last Stand,0,0
2026-09-02 04:57:47,Mas120,Music Track: Lasting,0,1
2026-09-02 04:57:47,Mas120,Music Track: Lava is Mine,0,0
2026-09-02 04:57:47,Mas120,Music Track: Legend,0,1
2026-09-02 04:57:47,Mas120,Music Track: Legion,0,1
2026-09-02 04:57:47,Mas120,Music Track: Life at Sea,0,0
2026-09-02 04:57:47,Mas120,Music Track: Life's a Beach!,0,1
2026-09-02 04:57:47,Mas120,Music Track: Lighthouse,0,1
2026-09-02 04:57:47,Mas120,Music Track: Lightness,0,1
2026-09-02 04:57:47,Mas120,Music Track: Lightwalk,0,1
2026-09-02 04:57:47,Mas120,Music Track: Little Cave of Horrors,0,0
2026-09-02 04:57:47,Mas120,Music Track: Lonesome,0,1
2026-09-02 04:57:47,Mas120,Music Track: Long Ago,0,1
2026-09-02 04:57:47,Mas120,Music Track: Long Way Home,0,1
2026-09-02 04:57:47,Mas120,Music Track: The Longramble Scramble,0,0
2026-09-02 04:57:47,Mas120,Music Track: Look to the Stars,0,1
2026-09-02 04:57:47,Mas120,Music Track: Looking Back,0,1
2026-09-02 04:57:47,Mas120,Music Track: Lord of the Larvae,0,0
2026-09-02 04:57:47,Mas120,Music Track: Lore and Order,0,0
2026-09-02 04:57:47,Mas120,Music Track: The Lost Melody,0,1
2026-09-02 04:57:47,Mas120,Music Track: Lost Soul,0,1
2026-09-02 04:57:47,Mas120,Music Track: The Lost Tribe,0,1
2026-09-02 04:57:47,Mas120,Music Track: Lost to Time,0,1
2026-09-02 04:57:47,Mas120,Music Track: Lower Depths,0,0
2026-09-02 04:57:47,Mas120,Music Track: Lucid Dream,0,0
2026-09-02 04:57:47,Mas120,Music Track: Lucid Nightmare,0,0
2026-09-02 04:57:47,Mas120,Music Track: Lullaby,0,1
2026-09-02 04:57:47,Mas120,Music Track: Lumbering,0,0
2026-09-02 04:57:47,Mas120,Music Track: The Lunar Isle,0,0
2026-09-02 04:57:47,Mas120,Music Track: Lurking Threats,0,0
2026-09-02 04:57:47,Mas120,Music Track: Mad Eadgar,0,0
2026-09-02 04:57:47,Mas120,Music Track: The Mad Mole,0,0
2026-09-02 04:57:47,Mas120,Music Track: Mage Arena,0,1
2026-09-02 04:57:47,Mas120,Music Track: Magic Dance,0,1
2026-09-02 04:57:47,Mas120,Music Track: Magic Magic Magic,0,1
2026-09-02 04:57:47,Mas120,Music Track: Magical Journey,0,1
2026-09-02 04:57:47,Mas120,Music Track: The Maiden's Anger,0,0
2026-09-02 04:57:47,Mas120,Music Track: The Maiden's Sorrow,0,0
2026-09-02 04:57:47,Mas120,Music Track: Major Miner,0,0
2026-09-02 04:57:47,Mas120,Music Track: Making Waves,0,1
2026-09-02 04:57:47,Mas120,Music Track: Malady,0,1
2026-09-02 04:57:47,Mas120,Music Track: March,0,1
2026-09-02 04:57:47,Mas120,Music Track: March of the Shayzien,0,0
2026-09-02 04:57:47,Mas120,Music Track: Marooned,0,1
2026-09-02 04:57:47,Mas120,Music Track: Marzipan,0,1
2026-09-02 04:57:47,Mas120,Music Track: Masquerade,0,0
2026-09-02 04:57:47,Mas120,Music Track: Master of Puppets,0,0
2026-09-02 04:57:47,Mas120,Music Track: Mastermindless,0,1
2026-09-02 04:57:47,Mas120,Music Track: A Matter of Intrigue,0,1
2026-09-02 04:57:47,Mas120,Music Track: Mausoleum,0,1
2026-09-02 04:57:47,Mas120,Music Track: Maws Jaws & Claws,0,0
2026-09-02 04:57:47,Mas120,Music Track: The Maze,0,1
2026-09-02 04:57:47,Mas120,Music Track: Meddling Kids,0,0
2026-09-02 04:57:47,Mas120,Music Track: Medieval,0,1
2026-09-02 04:57:47,Mas120,Music Track: Mellow,0,1
2026-09-02 04:57:47,Mas120,Music Track: Melodrama,0,1
2026-09-02 04:57:47,Mas120,Music Track: Memories of the Myreque,0,0
2026-09-02 04:57:47,Mas120,Music Track: Meridian,0,1
2026-09-02 04:57:47,Mas120,Music Track: Method of Madness,0,1
2026-09-02 04:57:47,Mas120,Music Track: Miles Away,0,1
2026-09-02 04:57:47,Mas120,Music Track: Military Life,0,1
2026-09-02 04:57:47,Mas120,Music Track: The Militia,0,1
2026-09-02 04:57:47,Mas120,Music Track: Mind over Matter,0,0
2026-09-02 04:57:47,Mas120,Music Track: Miracle Dance,0,1
2026-09-02 04:57:47,Mas120,Music Track: Mirage,0,1
2026-09-02 04:57:47,Mas120,Music Track: Miscellania,0,1
2026-09-02 04:57:47,Mas120,Music Track: Mistrock,0,1
2026-09-02 04:57:47,Mas120,Music Track: The Mollusc Menace,0,1
2026-09-02 04:57:47,Mas120,Music Track: Monarch Waltz,0,1
2026-09-02 04:57:47,Mas120,Music Track: Monkey Badness,0,0
2026-09-02 04:57:47,Mas120,Music Track: Monkey Business,0,0
2026-09-02 04:57:47,Mas120,Music Track: Monkey Madness,0,1
2026-09-02 04:57:47,Mas120,Music Track: Monkey Sadness,0,0
2026-09-02 04:57:47,Mas120,Music Track: Monkey Trouble,0,0
2026-09-02 04:57:47,Mas120,Music Track: Monster Melee,0,1
2026-09-02 04:57:47,Mas120,Music Track: The Monsters Below,0,0
2026-09-02 04:57:47,Mas120,Music Track: Moody,0,1
2026-09-02 04:57:47,Mas120,Music Track: The Moons of Ruin,0,1
2026-09-02 04:57:47,Mas120,Music Track: Mor Ul Rek,0,0
2026-09-02 04:57:47,Mas120,Music Track: More Than Meets the Eye,0,0
2026-09-02 04:57:47,Mas120,Music Track: Morytania,0,1
2026-09-02 04:57:47,Mas120,Music Track: Morytanian Mystery,0,0
2026-09-02 04:57:47,Mas120,Music Track: Mother Ruckus,0,0
2026-09-02 04:57:47,Mas120,Music Track: A Mother's Curse,0,0
2026-09-02 04:57:47,Mas120,Music Track: Mouse Trap,0,0
2026-09-02 04:57:47,Mas120,Music Track: Mudskipper Melody,0,1
2026-09-02 04:57:47,Mas120,Music Track: Museum Medley,0,0
2026-09-02 04:57:47,Mas120,Music Track: Mutant Medley,0,1
2026-09-02 04:57:47,Mas120,Music Track: My Arm's Journey,0,0
2026-09-02 04:57:47,Mas120,Music Track: Mysterious Lands,0,0
2026-09-02 04:57:47,Mas120,Music Track: Mystics of Nature,0,0
2026-09-02 04:57:47,Mas120,Music Track: Mythical,0,0
2026-09-02 04:57:47,Mas120,Music Track: Narnode's Theme,0,1
2026-09-02 04:57:47,Mas120,Music Track: Natural,0,1
2026-09-02 04:57:47,Mas120,Music Track: The Navigator,0,1
2026-09-02 04:57:47,Mas120,Music Track: Nether Realm,0,1
2026-09-02 04:57:47,Mas120,Music Track: Neverland,0,1
2026-09-02 04:57:47,Mas120,Music Track: Newbie Farming,0,1
2026-09-02 04:57:47,Mas120,Music Track: Newbie Melody,0,1
2026-09-02 04:57:47,Mas120,Music Track: Night of the Vampyre,0,0
2026-09-02 04:57:47,Mas120,Music Track: Nightfall,0,1
2026-09-02 04:57:47,Mas120,Music Track: The Nightmare Continues,0,0
2026-09-02 04:57:47,Mas120,Music Track: No Pasaran,0,0
2026-09-02 04:57:47,Mas120,Music Track: No Way Out,0,1
2026-09-02 04:57:47,Mas120,Music Track: The Noble Rodent,0,0
2026-09-02 04:57:47,Mas120,Music Track: Nomad,0,1
2026-09-02 04:57:47,Mas120,Music Track: Norse Code,0,0
2026-09-02 04:57:47,Mas120,Music Track: The North,0,0
2026-09-02 04:57:47,Mas120,Music Track: Not a Moment of Relief,0,1
2026-09-02 04:57:47,Mas120,Music Track: Nox Irae,0,0
2026-09-02 04:57:47,Mas120,Music Track: Noxious Awakening,0,0
2026-09-02 04:57:47,Mas120,Music Track: Null and Void,0,1
2026-09-02 04:57:47,Mas120,Music Track: Ocean Depths,0,0
2026-09-02 04:57:47,Mas120,Music Track: Ogre the Top,0,0
2026-09-02 04:57:47,Mas120,Music Track: Oh Rats!,0,1
2026-09-02 04:57:47,Mas120,Music Track: The Old Ones,0,1
2026-09-02 04:57:47,Mas120,Music Track: On Thin Ice,0,0
2026-09-02 04:57:47,Mas120,Music Track: On the Frontline,0,0
2026-09-02 04:57:47,Mas120,Music Track: On the Shore,0,1
2026-09-02 04:57:47,Mas120,Music Track: On the Up,0,0
2026-09-02 04:57:47,Mas120,Music Track: On the Wing,0,1
2026-09-02 04:57:47,Mas120,Music Track: Oncoming Foe,0,0
2026-09-02 04:57:47,Mas120,Music Track: Organ Music 1,0,1
2026-09-02 04:57:47,Mas120,Music Track: Organ Music 2,0,1
2026-09-02 04:57:47,Mas120,Music Track: Oriental,0,1
2026-09-02 04:57:47,Mas120,Music Track: The Other Side,0,1
2026-09-02 04:57:47,Mas120,Music Track: Out at the Mines,0,0
2026-09-02 04:57:47,Mas120,Music Track: Out of the Deep,0,1
2026-09-02 04:57:47,Mas120,Music Track: Over the Horizon,0,0
2026-09-02 04:57:47,Mas120,Music Track: Over the Mountains,0,0
2026-09-02 04:57:47,Mas120,Music Track: Over to Nardah,0,1
2026-09-02 04:57:47,Mas120,Music Track: Overpass,0,1
2026-09-02 04:57:47,Mas120,Music Track: Overture,0,1
2026-09-02 04:57:47,Mas120,Music Track: Parade,0,1
2026-09-02 04:57:47,Mas120,Music Track: The Part Where You Die,0,0
2026-09-02 04:57:47,Mas120,Music Track: Path of Peril,0,1
2026-09-02 04:57:47,Mas120,Music Track: Pathways,0,1
2026-09-02 04:57:47,Mas120,Music Track: Peace and Prosperity,0,1
2026-09-02 04:57:47,Mas120,Music Track: The Penguin Bards,0,0
2026-09-02 04:57:47,Mas120,Music Track: Penguin Plots,0,0
2026-09-02 04:57:47,Mas120,Music Track: Pest Control,0,0
2026-09-02 04:57:47,Mas120,Music Track: Pharaoh's Tomb,0,1
2026-09-02 04:57:47,Mas120,Music Track: The Pharaoh,0,0
2026-09-02 04:57:47,Mas120,Music Track: Phasmatys,0,1
2026-09-02 04:57:47,Mas120,Music Track: Pheasant Peasant,0,1
2026-09-02 04:57:47,Mas120,Music Track: Pick & Shovel,0,1
2026-09-02 04:57:47,Mas120,Music Track: Pinball Wizard,0,1
2026-09-02 04:57:47,Mas120,Music Track: Pirates of Penance,0,1
2026-09-02 04:57:47,Mas120,Music Track: Pirates of Peril,0,1
2026-09-02 04:57:47,Mas120,Music Track: Plots and Plans,0,1
2026-09-02 04:57:47,Mas120,Music Track: The Plundered Tomb,0,0
2026-09-02 04:57:47,Mas120,Music Track: Poles Apart,0,1
2026-09-02 04:57:47,Mas120,Music Track: The Power of Tears,0,1
2026-09-02 04:57:47,Mas120,Music Track: Power of the Shadow Realm,0,0
2026-09-02 04:57:47,Mas120,Music Track: Predator Xarpus,0,0
2026-09-02 04:57:47,Mas120,Music Track: Preservation,0,1
2026-09-02 04:57:47,Mas120,Music Track: Preserved,0,1
2026-09-02 04:57:47,Mas120,Music Track: Prey,0,0
2026-09-02 04:57:47,Mas120,Music Track: Prime Time,0,1
2026-09-02 04:57:47,Mas120,Music Track: Principality,0,1
2026-09-02 04:57:47,Mas120,Music Track: Prison Break,0,0
2026-09-02 04:57:47,Mas120,Music Track: Prospering Fortune,0,1
2026-09-02 04:57:47,Mas120,Music Track: Quest,0,1
2026-09-02 04:57:47,Mas120,Music Track: The Quizmaster,0,1
2026-09-02 04:57:47,Mas120,Music Track: Race Against the Clock,0,0
2026-09-02 04:57:47,Mas120,Music Track: Rat Hunt,0,0
2026-09-02 04:57:47,Mas120,Music Track: Rat a Tat Tat,0,0
2026-09-02 04:57:47,Mas120,Music Track: Ready for Battle,0,0
2026-09-02 04:57:47,Mas120,Music Track: Ready for the Hunt,0,1
2026-09-02 04:57:47,Mas120,Music Track: Regal,0,1
2026-09-02 04:57:47,Mas120,Music Track: Regal Pomp,0,0
2026-09-02 04:57:47,Mas120,Music Track: Reggae,0,1
2026-09-02 04:57:47,Mas120,Music Track: Reggae 2,0,1
2026-09-02 04:57:47,Mas120,Music Track: Reign of the Basilisk,0,0
2026-09-02 04:57:47,Mas120,Music Track: Relics,0,0
2026-09-02 04:57:47,Mas120,Music Track: Rellekka,0,1
2026-09-02 04:57:47,Mas120,Music Track: Remnants,0,0
2026-09-02 04:57:47,Mas120,Music Track: Remote Waters,0,0
2026-09-02 04:57:47,Mas120,Music Track: Rest in Peace,0,1
2026-09-02 04:57:47,Mas120,Music Track: Revenants,0,0
2026-09-02 04:57:47,Mas120,Music Track: Rhapsody,0,0
2026-09-02 04:57:47,Mas120,Music Track: Right on Track,0,0
2026-09-02 04:57:47,Mas120,Music Track: Righteousness,0,0
2026-09-02 04:57:47,Mas120,Music Track: Rising Damp,0,0
2026-09-02 04:57:47,Mas120,Music Track: The Rising Sun,0,1
2026-09-02 04:57:47,Mas120,Music Track: Riverside,0,1
2026-09-02 04:57:47,Mas120,Music Track: Roc and Roll,0,0
2026-09-02 04:57:47,Mas120,Music Track: The Rogues' Den,0,1
2026-09-02 04:57:47,Mas120,Music Track: Roll the Bones,0,0
2026-09-02 04:57:47,Mas120,Music Track: Romancing the Crone,0,1
2026-09-02 04:57:47,Mas120,Music Track: Romper Chomper,0,1
2026-09-02 04:57:47,Mas120,Music Track: Roots and Flutes,0,0
2026-09-02 04:57:47,Mas120,Music Track: Rose,0,0
2026-09-02 04:57:47,Mas120,Music Track: The Route of All Evil,0,0
2026-09-02 04:57:47,Mas120,Music Track: The Route of the Problem,0,0
2026-09-02 04:57:47,Mas120,Music Track: Royale,0,1
2026-09-02 04:57:47,Mas120,Music Track: Rugged Terrain,0,1
2026-09-02 04:57:47,Mas120,Music Track: The Ruins of Camdozaal,0,1
2026-09-02 04:57:47,Mas120,Music Track: Ruins of Isolation,0,0
2026-09-02 04:57:47,Mas120,Music Track: Rune Essence,0,1
2026-09-02 04:57:47,Mas120,Music Track: Sad Meadow,0,1
2026-09-02 04:57:47,Mas120,Music Track: Safety in Numbers,0,1
2026-09-02 04:57:47,Mas120,Music Track: Saga,0,1
2026-09-02 04:57:47,Mas120,Music Track: A Sailor's Dream,0,0
2026-09-02 04:57:47,Mas120,Music Track: Sands of Time,0,0
2026-09-02 04:57:47,Mas120,Music Track: Sarachnis,0,0
2026-09-02 04:57:47,Mas120,Music Track: Sarcophagus,0,1
2026-09-02 04:57:47,Mas120,Music Track: Sarim's Vermin,0,0
2026-09-02 04:57:47,Mas120,Music Track: Scape Ape,0,1
2026-09-02 04:57:47,Mas120,Music Track: Scape Cave,0,1
2026-09-02 04:57:47,Mas120,Music Track: Scape Crystal,0,1
2026-09-02 04:57:47,Mas120,Music Track: Scape Five,0,1
2026-09-02 04:57:47,Mas120,Music Track: Scape Ground,0,1
2026-09-02 04:57:47,Mas120,Music Track: Scape Home,0,1
2026-09-02 04:57:47,Mas120,Music Track: Scape Hunter,0,1
2026-09-02 04:57:47,Mas120,Music Track: Scape Main,0,1
2026-09-02 04:57:47,Mas120,Music Track: Scape Original,0,1
2026-09-02 04:57:47,Mas120,Music Track: Scape Sad,0,1
2026-09-02 04:57:47,Mas120,Music Track: Scape Sail,0,1
2026-09-02 04:57:47,Mas120,Music Track: Scape Santa,0,1
2026-09-02 04:57:47,Mas120,Music Track: Scape Scared,0,1
2026-09-02 04:57:47,Mas120,Music Track: Scape Soft,0,1
2026-09-02 04:57:47,Mas120,Music Track: Scape Wild,0,1
2026-09-02 04:57:47,Mas120,Music Track: Scar Tissue,0,0
2026-09-02 04:57:47,Mas120,Music Track: Scarab,0,1
2026-09-02 04:57:47,Mas120,Music Track: School's Out,0,1
2026-09-02 04:57:47,Mas120,Music Track: Scorching Horizon,0,1
2026-09-02 04:57:47,Mas120,Music Track: Scorpia Dances,0,0
2026-09-02 04:57:47,Mas120,Music Track: Scrubfoot's Descent,0,0
2026-09-02 04:57:47,Mas120,Music Track: Sea Minor Shanty,0,0
2026-09-02 04:57:47,Mas120,Music Track: Sea Shanty,0,1
2026-09-02 04:57:47,Mas120,Music Track: Sea Shanty 2,0,1
2026-09-02 04:57:47,Mas120,Music Track: Sea Shanty Xmas,0,0
2026-09-02 04:57:47,Mas120,Music Track: Secrets of the North,0,0
2026-09-02 04:57:47,Mas120,Music Track: The Seed of Crwys,0,0
2026-09-02 04:57:47,Mas120,Music Track: Serenade,0,1
2026-09-02 04:57:47,Mas120,Music Track: Serene,0,1
2026-09-02 04:57:47,Mas120,Music Track: Servants of Strife,0,0
2026-09-02 04:57:47,Mas120,Music Track: Set Sail,0,0
2026-09-02 04:57:47,Mas120,Music Track: The Setting Sun,0,1
2026-09-02 04:57:47,Mas120,Music Track: Settlement,0,1
2026-09-02 04:57:47,Mas120,Music Track: Shadow of the Ocean,0,0
2026-09-02 04:57:47,Mas120,Music Track: The Shadow,0,1
2026-09-02 04:57:47,Mas120,Music Track: Shadowland,0,1
2026-09-02 04:57:47,Mas120,Music Track: Sharp End of the Crystal,0,0
2026-09-02 04:57:47,Mas120,Music Track: Shattered Relics,0,1
2026-09-02 04:57:47,Mas120,Music Track: Shine,0,0
2026-09-02 04:57:47,Mas120,Music Track: Shining,0,1
2026-09-02 04:57:47,Mas120,Music Track: Shining Spirit,0,0
2026-09-02 04:57:47,Mas120,Music Track: Shipwrecked,0,1
2026-09-02 04:57:47,Mas120,Music Track: Showdown,0,1
2026-09-02 04:57:47,Mas120,Music Track: Sigmund's Showdown,0,1
2026-09-02 04:57:47,Mas120,Music Track: Sign Here,0,0
2026-09-02 04:57:47,Mas120,Music Track: The Sinclairs,0,0
2026-09-02 04:57:47,Mas120,Music Track: The Slayer,0,0
2026-09-02 04:57:47,Mas120,Music Track: Slice of Silent Movie,0,1
2026-09-02 04:57:47,Mas120,Music Track: Slice of Station,0,1
2026-09-02 04:57:47,Mas120,Music Track: Slither and Thither,0,0
2026-09-02 04:57:47,Mas120,Music Track: Slug a Bug Ball,0,1
2026-09-02 04:57:47,Mas120,Music Track: Snowflake & My Arm,0,0
2026-09-02 04:57:47,Mas120,Music Track: Sojourn,0,1
2026-09-02 04:57:47,Mas120,Music Track: Solitude,0,0
2026-09-02 04:57:47,Mas120,Music Track: Song of the Elves,0,0
2026-09-02 04:57:47,Mas120,Music Track: Song of the Silent Choir,0,0
2026-09-02 04:57:47,Mas120,Music Track: Sorceress's Garden,0,0
2026-09-02 04:57:47,Mas120,Music Track: Soul Fall,0,0
2026-09-02 04:57:47,Mas120,Music Track: Soul Wars,0,0
2026-09-02 04:57:47,Mas120,Music Track: The Sound of Guthix,0,0
2026-09-02 04:57:47,Mas120,Music Track: Soundscape,0,1
2026-09-02 04:57:47,Mas120,Music Track: Sphinx,0,1
2026-09-02 04:57:47,Mas120,Music Track: Spirit,0,1
2026-09-02 04:57:47,Mas120,Music Track: Spirit of the Forest,0,1
2026-09-02 04:57:47,Mas120,Music Track: Spiritbloom,0,1
2026-09-02 04:57:47,Mas120,Music Track: Spirits of the Elid,0,1
2026-09-02 04:57:47,Mas120,Music Track: Splendour,0,1
2026-09-02 04:57:47,Mas120,Music Track: Spooky,0,1
2026-09-02 04:57:47,Mas120,Music Track: Spooky 2,0,1
2026-09-02 04:57:47,Mas120,Music Track: Spooky Jungle,0,1
2026-09-02 04:57:47,Mas120,Music Track: The Spurned Demon,0,0
2026-09-02 04:57:47,Mas120,Music Track: The Spymaster,0,0
2026-09-02 04:57:47,Mas120,Music Track: Stagnant,0,1
2026-09-02 04:57:47,Mas120,Music Track: Stalkers,0,0
2026-09-02 04:57:47,Mas120,Music Track: Stand Up and Be Counted,0,0
2026-09-02 04:57:47,Mas120,Music Track: Starlight,0,1
2026-09-02 04:57:47,Mas120,Music Track: Start,0,1
2026-09-02 04:57:47,Mas120,Music Track: Still Night,0,1
2026-09-02 04:57:47,Mas120,Music Track: Stillness,0,1
2026-09-02 04:57:47,Mas120,Music Track: Stones of Old,0,1
2026-09-02 04:57:47,Mas120,Music Track: Storeroom Shuffle,0,0
2026-09-02 04:57:47,Mas120,Music Track: Storm Brew,0,0
2026-09-02 04:57:47,Mas120,Music Track: Stranded,0,1
2026-09-02 04:57:47,Mas120,Music Track: Strange Place,0,0
2026-09-02 04:57:47,Mas120,Music Track: Strangled,0,0
2026-09-02 04:57:47,Mas120,Music Track: Stratosphere,0,0
2026-09-02 04:57:47,Mas120,Music Track: Strength of Saradomin,0,0
2026-09-02 04:57:47,Mas120,Music Track: Stuck in the Mire,0,1
2026-09-02 04:57:47,Mas120,Music Track: Subterranea,0,1
2026-09-02 04:57:47,Mas120,Music Track: Sunburn,0,1
2026-09-02 04:57:47,Mas120,Music Track: Sunny Side Up,0,0
2026-09-02 04:57:47,Mas120,Music Track: Superstition,0,1
2026-09-02 04:57:47,Mas120,Music Track: Surok's Theme,0,0
2026-09-02 04:57:47,Mas120,Music Track: Suspicious,0,1
2026-09-02 04:57:47,Mas120,Music Track: Tale of Keldagrim,0,1
2026-09-02 04:57:47,Mas120,Music Track: The Talkasti People,0,1
2026-09-02 04:57:47,Mas120,Music Track: Talking Forest,0,1
2026-09-02 04:57:47,Mas120,Music Track: Tarn Razorlor,0,1
2026-09-02 04:57:47,Mas120,Music Track: A Taste of Hope,0,0
2026-09-02 04:57:47,Mas120,Music Track: Tears of Guthix,0,1
2026-09-02 04:57:47,Mas120,Music Track: Technology,0,1
2026-09-02 04:57:47,Mas120,Music Track: Teklan,0,1
2026-09-02 04:57:47,Mas120,Music Track: Tempest,0,0
2026-09-02 04:57:47,Mas120,Music Track: Temple,0,1
2026-09-02 04:57:47,Mas120,Music Track: Temple Desecrated,0,0
2026-09-02 04:57:47,Mas120,Music Track: Temple of Light,0,0
2026-09-02 04:57:47,Mas120,Music Track: Temple of Tribes,0,0
2026-09-02 04:57:47,Mas120,Music Track: Temple of the Eye,0,1
2026-09-02 04:57:47,Mas120,Music Track: Tempor of the Storm,0,1
2026-09-02 04:57:47,Mas120,Music Track: The Terrible Caverns,0,0
2026-09-02 04:57:47,Mas120,Music Track: The Terrible Tower,0,0
2026-09-02 04:57:47,Mas120,Music Track: The Terrible Tunnels,0,0
2026-09-02 04:57:47,Mas120,Music Track: Terrorbird Tussle,0,0
2026-09-02 04:57:47,Mas120,Music Track: Test Your Sails,0,0
2026-09-02 04:57:47,Mas120,Music Track: Test of Companionship,0,0
2026-09-02 04:57:47,Mas120,Music Track: Test of Isolation,0,0
2026-09-02 04:57:47,Mas120,Music Track: Test of Resourcefulness,0,0
2026-09-02 04:57:47,Mas120,Music Track: Test of Strength,0,0
2026-09-02 04:57:47,Mas120,Music Track: That Sullen Hall,0,0
2026-09-02 04:57:47,Mas120,Music Track: Theme,0,1
2026-09-02 04:57:47,Mas120,Music Track: A Thorn in My Side,0,1
2026-09-02 04:57:47,Mas120,Music Track: Thrall of the Devourer,0,0
2026-09-02 04:57:47,Mas120,Music Track: Thrall of the Serpent,0,1
2026-09-02 04:57:47,Mas120,Music Track: Throne of the Demon,0,1
2026-09-02 04:57:47,Mas120,Music Track: Tick Tock,0,0
2026-09-02 04:57:47,Mas120,Music Track: Time Out,0,1
2026-09-02 04:57:47,Mas120,Music Track: Time to Mine,0,1
2026-09-02 04:57:47,Mas120,Music Track: Tiptoe,0,1
2026-09-02 04:57:47,Mas120,Music Track: Title Fight,0,0
2026-09-02 04:57:47,Mas120,Music Track: Tomb Raider,0,1
2026-09-02 04:57:47,Mas120,Music Track: Tomorrow,0,1
2026-09-02 04:57:47,Mas120,Music Track: Too Many Cooks...,0,1
2026-09-02 04:57:47,Mas120,Music Track: The Tortugan Way,0,0
2026-09-02 04:57:47,Mas120,Music Track: The Tower of Voices,0,0
2026-09-02 04:57:47,Mas120,Music Track: The Tower,0,1
2026-09-02 04:57:47,Mas120,Music Track: The Trade Parade,0,1
2026-09-02 04:57:47,Mas120,Music Track: Trahaearn Toil,0,0
2026-09-02 04:57:47,Mas120,Music Track: Tranquillity,0,0
2026-09-02 04:57:47,Mas120,Music Track: Trawler,0,1
2026-09-02 04:57:47,Mas120,Music Track: Trawler Minor,0,1
2026-09-02 04:57:47,Mas120,Music Track: Tree Spirits,0,1
2026-09-02 04:57:47,Mas120,Music Track: Tremble,0,1
2026-09-02 04:57:47,Mas120,Music Track: Tribal,0,1
2026-09-02 04:57:47,Mas120,Music Track: Tribal 2,0,1
2026-09-02 04:57:47,Mas120,Music Track: Tribal Background,0,1
2026-09-02 04:57:47,Mas120,Music Track: Trinity,0,1
2026-09-02 04:57:47,Mas120,Music Track: Troll Shuffle,0,0
2026-09-02 04:57:47,Mas120,Music Track: Trouble Brewing,0,0
2026-09-02 04:57:47,Mas120,Music Track: Troubled,0,1
2026-09-02 04:57:47,Mas120,Music Track: Troubled Waters,0,0
2026-09-02 04:57:47,Mas120,Music Track: Truth,0,1
2026-09-02 04:57:47,Mas120,Music Track: Twilight,0,1
2026-09-02 04:57:47,Mas120,Music Track: TzHaar!,0,0
2026-09-02 04:57:47,Mas120,Music Track: Undead Army,0,0
2026-09-02 04:57:47,Mas120,Music Track: Undead Dungeon,0,1
2026-09-02 04:57:47,Mas120,Music Track: Under the Mountain,0,1
2026-09-02 04:57:47,Mas120,Music Track: Undercurrent,0,1
2026-09-02 04:57:47,Mas120,Music Track: Underground,0,1
2026-09-02 04:57:47,Mas120,Music Track: Underground Pass,0,1
2026-09-02 04:57:47,Mas120,Music Track: Understanding,0,0
2026-09-02 04:57:47,Mas120,Music Track: The Undying Light,0,1
2026-09-02 04:57:47,Mas120,Music Track: Unknown Land,0,1
2026-09-02 04:57:47,Mas120,Music Track: Untouchable,0,0
2026-09-02 04:57:47,Mas120,Music Track: Unturned Stones,0,0
2026-09-02 04:57:47,Mas120,Music Track: Upcoming,0,1
2026-09-02 04:57:47,Mas120,Music Track: Upir Likhyi,0,0
2026-09-02 04:57:47,Mas120,Music Track: Upper Depths,0,0
2026-09-02 04:57:47,Mas120,Music Track: Vampyre Assault,0,1
2026-09-02 04:57:47,Mas120,Music Track: Vanescula,0,0
2026-09-02 04:57:47,Mas120,Music Track: Varlamore's Sunset,0,0
2026-09-02 04:57:47,Mas120,Music Track: The Vault,0,0
2026-09-02 04:57:47,Mas120,Music Track: Venomous,0,1
2026-09-02 04:57:47,Mas120,Music Track: Venture,0,1
2026-09-02 04:57:47,Mas120,Music Track: Venture 2,0,1
2026-09-02 04:57:47,Mas120,Music Track: Victory is Mine,0,0
2026-09-02 04:57:47,Mas120,Music Track: Village,0,1
2026-09-02 04:57:47,Mas120,Music Track: Vision,0,1
2026-09-02 04:57:47,Mas120,Music Track: Volcanic Vikings,0,0
2026-09-02 04:57:47,Mas120,Music Track: Voodoo Cult,0,1
2026-09-02 04:57:47,Mas120,Music Track: Voyage,0,1
2026-09-02 04:57:47,Mas120,Music Track: The Waiting Game,0,0
2026-09-02 04:57:47,Mas120,Music Track: Waking Dream,0,0
2026-09-02 04:57:47,Mas120,Music Track: A Walk in the Woods,0,1
2026-09-02 04:57:47,Mas120,Music Track: The Walking Dead,0,0
2026-09-02 04:57:47,Mas120,Music Track: Wally the Hero,0,1
2026-09-02 04:57:47,Mas120,Music Track: Wander,0,1
2026-09-02 04:57:47,Mas120,Music Track: Warpath,0,0
2026-09-02 04:57:47,Mas120,Music Track: Warrior,0,1
2026-09-02 04:57:47,Mas120,Music Track: Warriors' Guild,0,1
2026-09-02 04:57:47,Mas120,Music Track: Waste Defaced,0,0
2026-09-02 04:57:47,Mas120,Music Track: Watch Your Step,0,0
2026-09-02 04:57:47,Mas120,Music Track: Waterfall,0,1
2026-09-02 04:57:47,Mas120,Music Track: Waterlogged,0,1
2026-09-02 04:57:47,Mas120,Music Track: Way of the Enchanter,0,0
2026-09-02 04:57:47,Mas120,Music Track: Way of the Wyrm,0,0
2026-09-02 04:57:47,Mas120,Music Track: Wayward,0,1
2026-09-02 04:57:47,Mas120,Music Track: We are the Fairies,0,1
2026-09-02 04:57:47,Mas120,Music Track: Welcome to my Nightmare,0,0
2026-09-02 04:57:47,Mas120,Music Track: Welcome to the Theatre,0,0
2026-09-02 04:57:47,Mas120,Music Track: Well Hallowed Air,0,0
2026-09-02 04:57:47,Mas120,Music Track: Well of Voyage,0,1
2026-09-02 04:57:47,Mas120,Music Track: The Western Seas,0,0
2026-09-02 04:57:47,Mas120,Music Track: What Happens Below...,0,1
2026-09-02 04:57:47,Mas120,Music Track: What the Shell!,0,0
2026-09-02 04:57:47,Mas120,Music Track: Where Eagles Lair,0,1
2026-09-02 04:57:47,Mas120,Music Track: Whispering Wind,0,1
2026-09-02 04:57:47,Mas120,Music Track: Wild Isle,0,1
2026-09-02 04:57:47,Mas120,Music Track: Wild Side,0,1
2026-09-02 04:57:47,Mas120,Music Track: Wilderness,0,1
2026-09-02 04:57:47,Mas120,Music Track: Wilderness 2,0,1
2026-09-02 04:57:47,Mas120,Music Track: Wilderness 3,0,1
2026-09-02 04:57:47,Mas120,Music Track: Wildwood,0,1
2026-09-02 04:57:47,Mas120,Music Track: Winter Funfair,0,0
2026-09-02 04:57:47,Mas120,Music Track: Witching,0,1
2026-09-02 04:57:47,Mas120,Music Track: Woe of the Wyvern,0,0
2026-09-02 04:57:47,Mas120,Music Track: Wonder,0,1
2026-09-02 04:57:47,Mas120,Music Track: Wonderous,0,1
2026-09-02 04:57:47,Mas120,Music Track: Woodland,0,1
2026-09-02 04:57:47,Mas120,Music Track: Work Work Work,0,1
2026-09-02 04:57:47,Mas120,Music Track: Workshop,0,1
2026-09-02 04:57:47,Mas120,Music Track: A Worthy Foe,0,0
2026-09-02 04:57:47,Mas120,Music Track: Wrath and Ruin,0,1
2026-09-02 04:57:47,Mas120,Music Track: Xenophobe,0,0
2026-09-02 04:57:47,Mas120,Music Track: Yesteryear,0,1
2026-09-02 04:57:47,Mas120,Music Track: Yo Ho Ho!,0,0
2026-09-02 04:57:47,Mas120,Music Track: You Have My Attention,0,0
2026-09-02 04:57:47,Mas120,Music Track: Zamorak Zoo,0,0
2026-09-02 04:57:47,Mas120,Music Track: Zanik's Theme,0,0
2026-09-02 04:57:47,Mas120,Music Track: Zaros Zeitgeist,0,0
2026-09-02 04:57:47,Mas120,Music Track: Zealot,0,1
2026-09-02 04:57:47,Mas120,Music Track: Zogre Dance,0,1
2026-09-02 04:57:47,Mas120,Music Track: Zombie Invasion,0,0
2026-09-02 04:57:47,Mas120,Music Track: Zombiism,0,1
2026-09-02 04:57:49,Phome1,Quest: A Kingdom Divided,0,2
2026-09-02 04:57:49,Phome1,Quest: A Night at the Theatre,0,0
2026-09-02 04:57:49,Phome1,Quest: A Porcine of Interest,0,2
2026-09-02 04:57:49,Phome1,Quest: A Soul's Bane,0,2
2026-09-02 04:57:49,Phome1,Quest: A Tail of Two Cats,0,0
2026-09-02 04:57:49,Phome1,Quest: A Taste of Hope,0,2
2026-09-02 04:57:49,Phome1,Quest: Alfred Grimhand's Barcrawl,0,2
2026-09-02 04:57:49,Phome1,Quest: Animal Magnetism,0,2
2026-09-02 04:57:49,Phome1,Quest: Another Slice of H.A.M.,0,2
2026-09-02 04:57:49,Phome1,Quest: At First Light,0,0
2026-09-02 04:57:49,Phome1,Quest: Barbarian Training,0,1
2026-09-02 04:57:49,Phome1,Quest: Bear Your Soul,0,0
2026-09-02 04:57:49,Phome1,Quest: Below Ice Mountain,0,2
2026-09-02 04:57:49,Phome1,Quest: Beneath Cursed Sands,0,0
2026-09-02 04:57:49,Phome1,Quest: Between a Rock...,0,2
2026-09-02 04:57:49,Phome1,Quest: Bone Voyage,0,2
2026-09-02 04:57:49,Phome1,Quest: Children of the Sun,0,2
2026-09-02 04:57:49,Phome1,Quest: Client of Kourend,0,2
2026-09-02 04:57:49,Phome1,Quest: Cold War,0,0
2026-09-02 04:57:49,Phome1,Quest: Contact!,0,0
2026-09-02 04:57:49,Phome1,Quest: Creature of Fenkenstrain,0,2
2026-09-02 04:57:49,Phome1,Quest: Current Affairs,0,2
2026-09-02 04:57:49,Phome1,Quest: Curse of the Empty Lord,0,0
2026-09-02 04:57:49,Phome1,Quest: Daddy's Home,0,2
2026-09-02 04:57:49,Phome1,Quest: Darkness of Hallowvale,0,2
2026-09-02 04:57:49,Phome1,Quest: Death on the Isle,0,2
2026-09-02 04:57:49,Phome1,Quest: Death to the Dorgeshuun,0,2
2026-09-02 04:57:49,Phome1,Quest: Defender of Varrock,0,0
2026-09-02 04:57:49,Phome1,Quest: Demon Slayer,0,2
2026-09-02 04:57:49,Phome1,Quest: Desert Treasure I,0,2
2026-09-02 04:57:49,Phome1,Quest: Desert Treasure II - The Fallen Empire,0,0
2026-09-02 04:57:49,Phome1,Quest: Devious Minds,0,0
2026-09-02 04:57:49,Phome1,Quest: Dragon Slayer II,0,0
2026-09-02 04:57:49,Phome1,Quest: Dream Mentor,0,0
2026-09-02 04:57:49,Phome1,Quest: Eagles' Peak,0,0
2026-09-02 04:57:49,Phome1,Quest: Elemental Workshop I,0,2
2026-09-02 04:57:49,Phome1,Quest: Elemental Workshop II,0,2
2026-09-02 04:57:49,Phome1,Quest: Enakhra's Lament,0,0
2026-09-02 04:57:49,Phome1,Quest: Enlightened Journey,0,2
2026-09-02 04:57:49,Phome1,Quest: Ethically Acquired Antiquities,0,2
2026-09-02 04:57:49,Phome1,Quest: Fairytale I - Growing Pains,0,2
2026-09-02 04:57:49,Phome1,Quest: Fairytale II - Cure a Queen,0,1
2026-09-02 04:57:49,Phome1,Quest: Family Pest,0,0
2026-09-02 04:57:49,Phome1,Quest: Forgettable Tale...,0,2
2026-09-02 04:57:49,Phome1,Quest: Garden of Tranquillity,0,2
2026-09-02 04:57:49,Phome1,Quest: Getting Ahead,0,0
2026-09-02 04:57:49,Phome1,Quest: Ghosts Ahoy,0,2
2026-09-02 04:57:49,Phome1,Quest: Goblin Diplomacy,0,2
2026-09-02 04:57:49,Phome1,Quest: Grim Tales,0,0
2026-09-02 04:57:49,Phome1,Quest: His Faithful Servants,0,2
2026-09-02 04:57:49,Phome1,Quest: Hopespear's Will,0,0
2026-09-02 04:57:49,Phome1,Quest: Horror from the Deep,0,2
2026-09-02 04:57:49,Phome1,Quest: Icthlarin's Little Helper,0,2
2026-09-02 04:57:49,Phome1,Quest: In Aid of the Myreque,0,2
2026-09-02 04:57:49,Phome1,Quest: In Search of Knowledge,0,0
2026-09-02 04:57:49,Phome1,Quest: Into the Tombs,0,0
2026-09-02 04:57:49,Phome1,Quest: King's Ransom,0,2
2026-09-02 04:57:49,Phome1,Quest: Lair of Tarn Razorlor,0,2
2026-09-02 04:57:49,Phome1,Quest: Land of the Goblins,0,0
2026-09-02 04:57:49,Phome1,Quest: Lunar Diplomacy,0,2
2026-09-02 04:57:49,Phome1,Quest: Mage Arena II,0,0
2026-09-02 04:57:49,Phome1,Quest: Making Friends with My Arm,0,0
2026-09-02 04:57:49,Phome1,Quest: Making History,0,2
2026-09-02 04:57:49,Phome1,Quest: Meat and Greet,0,0
2026-09-02 04:57:49,Phome1,Quest: Misthalin Mystery,0,2
2026-09-02 04:57:49,Phome1,Quest: Monkey Madness II,0,0
2026-09-02 04:57:49,Phome1,Quest: Mountain Daughter,0,2
2026-09-02 04:57:49,Phome1,Quest: Mourning's End Part II,0,2
2026-09-02 04:57:49,Phome1,Quest: My Arm's Big Adventure,0,0
2026-09-02 04:57:49,Phome1,Quest: Olaf's Quest,0,0
2026-09-02 04:57:49,Phome1,Quest: Pandemonium,0,2
2026-09-02 04:57:49,Phome1,Quest: Perilous Moons,0,2
2026-09-02 04:57:49,Phome1,Quest: Prying Times,0,2
2026-09-02 04:57:49,Phome1,Quest: Ratcatchers,0,2
2026-09-02 04:57:49,Phome1,Quest: Recipe for Disaster,0,2
2026-09-02 04:57:49,Phome1,Quest: Recipe for Disaster - Another Cook's Quest,0,2
2026-09-02 04:57:49,Phome1,Quest: Recipe for Disaster - Culinaromancer,0,2
2026-09-02 04:57:49,Phome1,Quest: Recipe for Disaster - Evil Dave,0,2
2026-09-02 04:57:49,Phome1,Quest: Recipe for Disaster - King Awowogei,0,2
2026-09-02 04:57:49,Phome1,Quest: Recipe for Disaster - Lumbridge Guide,0,2
2026-09-02 04:57:49,Phome1,Quest: Recipe for Disaster - Mountain Dwarf,0,2
2026-09-02 04:57:49,Phome1,Quest: Recipe for Disaster - Pirate Pete,0,2
2026-09-02 04:57:49,Phome1,Quest: Recipe for Disaster - Sir Amik Varze,0,2
2026-09-02 04:57:49,Phome1,Quest: Recipe for Disaster - Skrach Uglogwee,0,2
2026-09-02 04:57:49,Phome1,Quest: Recipe for Disaster - Wartface & Bentnoze,0,2
2026-09-02 04:57:49,Phome1,Quest: Recruitment Drive,0,2
2026-09-02 04:57:49,Phome1,Quest: Royal Trouble,0,2
2026-09-02 04:57:49,Phome1,Quest: Scrambled!,0,0
2026-09-02 04:57:49,Phome1,Quest: Secrets of the North,0,0
2026-09-02 04:57:49,Phome1,Quest: Shadow of the Storm,0,2
2026-09-02 04:57:49,Phome1,Quest: Shadows of Custodia,0,0
2026-09-02 04:57:49,Phome1,Quest: Shield of Arrav,0,2
2026-09-02 04:57:49,Phome1,Quest: Sins of the Father,0,2
2026-09-02 04:57:49,Phome1,Quest: Skippy and the Mogres,0,2
2026-09-02 04:57:49,Phome1,Quest: Sleeping Giants,0,2
2026-09-02 04:57:49,Phome1,Quest: Song of the Elves,0,0
2026-09-02 04:57:49,Phome1,Quest: Spirits of the Elid,0,0
2026-09-02 04:57:49,Phome1,Quest: Swan Song,0,0
2026-09-02 04:57:49,Phome1,Quest: Tale of the Righteous,0,2
2026-09-02 04:57:49,Phome1,Quest: Tears of Guthix,0,2
2026-09-02 04:57:49,Phome1,Quest: Temple of the Eye,0,2
2026-09-02 04:57:49,Phome1,Quest: The Ascent of Arceuus,0,2
2026-09-02 04:57:49,Phome1,Quest: The Blood Moon Rises,0,0
2026-09-02 04:57:49,Phome1,Quest: The Corsair Curse,0,0
2026-09-02 04:57:49,Phome1,Quest: The Curse of Arrav,0,0
2026-09-02 04:57:49,Phome1,Quest: The Depths of Despair,0,2
2026-09-02 04:57:49,Phome1,Quest: The Enchanted Key,0,1
2026-09-02 04:57:49,Phome1,Quest: The Eyes of Glouphrie,0,0
2026-09-02 04:57:49,Phome1,Quest: The Feud,0,2
2026-09-02 04:57:49,Phome1,Quest: The Final Dawn,0,2
2026-09-02 04:57:49,Phome1,Quest: The Forsaken Tower,0,2
2026-09-02 04:57:49,Phome1,Quest: The Fremennik Exiles,0,0
2026-09-02 04:57:49,Phome1,Quest: The Fremennik Isles,0,2
2026-09-02 04:57:49,Phome1,Quest: The Frozen Door,0,1
2026-09-02 04:57:49,Phome1,Quest: The Garden of Death,0,2
2026-09-02 04:57:49,Phome1,Quest: The General's Shadow,0,0
2026-09-02 04:57:49,Phome1,Quest: The Giant Dwarf,0,2
2026-09-02 04:57:49,Phome1,Quest: The Golem,0,2
2026-09-02 04:57:49,Phome1,Quest: The Hand in the Sand,0,2
2026-09-02 04:57:49,Phome1,Quest: The Heart of Darkness,0,2
2026-09-02 04:57:49,Phome1,Quest: The Ides of Milk,0,2
2026-09-02 04:57:49,Phome1,Quest: The Lost Tribe,0,2
2026-09-02 04:57:49,Phome1,Quest: The Path of Glouphrie,0,0
2026-09-02 04:57:49,Phome1,Quest: The Queen of Thieves,0,2
2026-09-02 04:57:49,Phome1,Quest: The Red Reef,0,0
2026-09-02 04:57:49,Phome1,Quest: The Ribbiting Tale of a Lily Pad Labour Dispute,0,2
2026-09-02 04:57:49,Phome1,Quest: The Slug Menace,0,0
2026-09-02 04:57:49,Phome1,Quest: Tower of Life,0,2
2026-09-02 04:57:49,Phome1,Quest: Troubled Tortugans,0,0
2026-09-02 04:57:49,Phome1,Quest: Twilight's Promise,0,2
2026-09-02 04:57:49,Phome1,Quest: Vale Totems,0,2
2026-09-02 04:57:49,Phome1,Quest: Wanted!,0,2
2026-09-02 04:57:49,Phome1,Quest: What Lies Below,0,0
2026-09-02 04:57:49,Phome1,Quest: While Guthix Sleeps,0,0
2026-09-02 04:57:49,Phome1,Quest: X Marks the Spot,0,2
2026-09-02 04:57:49,Phome1,Quest: Zogre Flesh Eaters,0,2
2026-09-02 04:57:49,Phome1,Quest: Big Chompy Bird Hunting,0,2
2026-09-02 04:57:49,Phome1,Quest: Biohazard,0,2
2026-09-02 04:57:49,Phome1,Quest: Black Knights' Fortress,0,2
2026-09-02 04:57:49,Phome1,Quest: Cabin Fever,0,2
2026-09-02 04:57:49,Phome1,Quest: Clock Tower,0,2
2026-09-02 04:57:49,Phome1,Quest: Cook's Assistant,0,2
2026-09-02 04:57:49,Phome1,Quest: Death Plateau,0,2
2026-09-02 04:57:49,Phome1,Quest: Doric's Quest,0,2
2026-09-02 04:57:49,Phome1,Quest: Dragon Slayer I,0,2
2026-09-02 04:57:49,Phome1,Quest: Druidic Ritual,0,2
2026-09-02 04:57:49,Phome1,Quest: Dwarf Cannon,0,2
2026-09-02 04:57:49,Phome1,Quest: Eadgar's Ruse,0,2
2026-09-02 04:57:49,Phome1,Quest: Enter the Abyss,0,2
2026-09-02 04:57:49,Phome1,Quest: Ernest the Chicken,0,2
2026-09-02 04:57:49,Phome1,Quest: Family Crest,0,2
2026-09-02 04:57:49,Phome1,Quest: Fight Arena,0,2
2026-09-02 04:57:49,Phome1,Quest: Fishing Contest,0,2
2026-09-02 04:57:49,Phome1,Quest: Gertrude's Cat,0,2
2026-09-02 04:57:49,Phome1,Quest: Haunted Mine,0,2
2026-09-02 04:57:49,Phome1,Quest: Hazeel Cult,0,2
2026-09-02 04:57:49,Phome1,Quest: Heroes' Quest,0,2
2026-09-02 04:57:49,Phome1,Quest: Holy Grail,0,2
2026-09-02 04:57:49,Phome1,Quest: Imp Catcher,0,2
2026-09-02 04:57:49,Phome1,Quest: In Search of the Myreque,0,2
2026-09-02 04:57:49,Phome1,Quest: Jungle Potion,0,2
2026-09-02 04:57:49,Phome1,Quest: Learning the Ropes,0,2
2026-09-02 04:57:49,Phome1,Quest: Legends' Quest,0,2
2026-09-02 04:57:49,Phome1,Quest: Lost City,0,2
2026-09-02 04:57:49,Phome1,Quest: Mage Arena I,0,0
2026-09-02 04:57:49,Phome1,Quest: Merlin's Crystal,0,2
2026-09-02 04:57:49,Phome1,Quest: Monk's Friend,0,2
2026-09-02 04:57:49,Phome1,Quest: Monkey Madness I,0,2
2026-09-02 04:57:49,Phome1,Quest: Mourning's End Part I,0,2
2026-09-02 04:57:49,Phome1,Quest: Murder Mystery,0,2
2026-09-02 04:57:49,Phome1,Quest: Nature Spirit,0,2
2026-09-02 04:57:49,Phome1,Quest: Observatory Quest,0,2
2026-09-02 04:57:49,Phome1,Quest: One Small Favour,0,2
2026-09-02 04:57:49,Phome1,Quest: Pirate's Treasure,0,2
2026-09-02 04:57:49,Phome1,Quest: Plague City,0,2
2026-09-02 04:57:49,Phome1,Quest: Priest in Peril,0,2
2026-09-02 04:57:49,Phome1,Quest: Prince Ali Rescue,0,2
2026-09-02 04:57:49,Phome1,Quest: Rag and Bone Man I,0,2
2026-09-02 04:57:49,Phome1,Quest: Rag and Bone Man II,0,1
2026-09-02 04:57:49,Phome1,Quest: Regicide,0,2
2026-09-02 04:57:49,Phome1,Quest: Romeo & Juliet,0,2
2026-09-02 04:57:49,Phome1,Quest: Roving Elves,0,2
2026-09-02 04:57:49,Phome1,Quest: Rum Deal,0,2
2026-09-02 04:57:49,Phome1,Quest: Rune Mysteries,0,2
2026-09-02 04:57:49,Phome1,Quest: Scorpion Catcher,0,2
2026-09-02 04:57:49,Phome1,Quest: Sea Slug,0,2
2026-09-02 04:57:49,Phome1,Quest: Shades of Mort'ton,0,2
2026-09-02 04:57:49,Phome1,Quest: Sheep Herder,0,2
2026-09-02 04:57:49,Phome1,Quest: Sheep Shearer,0,2
2026-09-02 04:57:49,Phome1,Quest: Shilo Village,0,2
2026-09-02 04:57:49,Phome1,Quest: Tai Bwo Wannai Trio,0,2
2026-09-02 04:57:49,Phome1,Quest: Temple of Ikov,0,2
2026-09-02 04:57:49,Phome1,Quest: The Dig Site,0,2
2026-09-02 04:57:49,Phome1,Quest: The Fremennik Trials,0,2
2026-09-02 04:57:49,Phome1,Quest: The Grand Tree,0,2
2026-09-02 04:57:49,Phome1,Quest: The Great Brain Robbery,0,2
2026-09-02 04:57:49,Phome1,Quest: The Knight's Sword,0,2
2026-09-02 04:57:49,Phome1,Quest: The Restless Ghost,0,2
2026-09-02 04:57:49,Phome1,Quest: The Tourist Trap,0,2
2026-09-02 04:57:49,Phome1,Quest: Throne of Miscellania,0,2
2026-09-02 04:57:49,Phome1,Quest: Tree Gnome Village,0,2
2026-09-02 04:57:49,Phome1,Quest: Tribal Totem,0,2
2026-09-02 04:57:49,Phome1,Quest: Troll Romance,0,2
2026-09-02 04:57:49,Phome1,Quest: Troll Stronghold,0,2
2026-09-02 04:57:49,Phome1,Quest: Underground Pass,0,2
2026-09-02 04:57:49,Phome1,Quest: Vampyre Slayer,0,2
2026-09-02 04:57:49,Phome1,Quest: Watchtower,0,2
2026-09-02 04:57:49,Phome1,Quest: Waterfall Quest,0,2
2026-09-02 04:57:49,Phome1,Quest: Witch's House,0,2
2026-09-02 04:57:49,Phome1,Quest: Witch's Potion,0,2
2026-09-02 04:57:49,Phome1,Diary: Ardougne (Easy),0,1
2026-09-02 04:57:49,Phome1,Diary: Ardougne (Elite),0,0
2026-09-02 04:57:49,Phome1,Diary: Ardougne (Hard),0,0
2026-09-02 04:57:49,Phome1,Diary: Ardougne (Medium),0,1
2026-09-02 04:57:49,Phome1,Diary: Desert (Easy),0,1
2026-09-02 04:57:49,Phome1,Diary: Desert (Elite),0,0
2026-09-02 04:57:49,Phome1,Diary: Desert (Hard),0,0
2026-09-02 04:57:49,Phome1,Diary: Desert (Medium),0,0
2026-09-02 04:57:49,Phome1,Diary: Falador (Easy),0,1
2026-09-02 04:57:49,Phome1,Diary: Falador (Elite),0,0
2026-09-02 04:57:49,Phome1,Diary: Falador (Hard),0,0
2026-09-02 04:57:49,Phome1,Diary: Falador (Medium),0,1
2026-09-02 04:57:49,Phome1,Diary: Fremennik (Easy),0,1
2026-09-02 04:57:49,Phome1,Diary: Fremennik (Elite),0,0
2026-09-02 04:57:49,Phome1,Diary: Fremennik (Hard),0,0
2026-09-02 04:57:49,Phome1,Diary: Fremennik (Medium),0,0
2026-09-02 04:57:49,Phome1,Diary: Kandarin (Easy),0,1
2026-09-02 04:57:49,Phome1,Diary: Kandarin (Elite),0,0
2026-09-02 04:57:49,Phome1,Diary: Kandarin (Hard),0,0
2026-09-02 04:57:49,Phome1,Diary: Kandarin (Medium),0,1
2026-09-02 04:57:49,Phome1,Diary: Karamja (Easy),0,1
2026-09-02 04:57:49,Phome1,Diary: Karamja (Elite),0,0
2026-09-02 04:57:49,Phome1,Diary: Karamja (Hard),0,0
2026-09-02 04:57:49,Phome1,Diary: Karamja (Medium),0,0
2026-09-02 04:57:49,Phome1,Diary: Kourend & Kebos (Easy),0,1
2026-09-02 04:57:49,Phome1,Diary: Kourend & Kebos (Elite),0,0
2026-09-02 04:57:49,Phome1,Diary: Kourend & Kebos (Hard),0,0
2026-09-02 04:57:49,Phome1,Diary: Kourend & Kebos (Medium),0,0
2026-09-02 04:57:49,Phome1,Diary: Lumbridge & Draynor (Easy),0,1
2026-09-02 04:57:49,Phome1,Diary: Lumbridge & Draynor (Elite),0,0
2026-09-02 04:57:49,Phome1,Diary: Lumbridge & Draynor (Hard),0,0
2026-09-02 04:57:49,Phome1,Diary: Lumbridge & Draynor (Medium),0,1
2026-09-02 04:57:49,Phome1,Diary: Morytania (Easy),0,1
2026-09-02 04:57:49,Phome1,Diary: Morytania (Elite),0,0
2026-09-02 04:57:49,Phome1,Diary: Morytania (Hard),0,1
2026-09-02 04:57:49,Phome1,Diary: Morytania (Medium),0,1
2026-09-02 04:57:49,Phome1,Diary: Varrock (Easy),0,1
2026-09-02 04:57:49,Phome1,Diary: Varrock (Elite),0,0
2026-09-02 04:57:49,Phome1,Diary: Varrock (Hard),0,0
2026-09-02 04:57:49,Phome1,Diary: Varrock (Medium),0,1
2026-09-02 04:57:49,Phome1,Diary: Western Provinces (Easy),0,1
2026-09-02 04:57:49,Phome1,Diary: Western Provinces (Elite),0,0
2026-09-02 04:57:49,Phome1,Diary: Western Provinces (Hard),0,0
2026-09-02 04:57:49,Phome1,Diary: Western Provinces (Medium),0,1
2026-09-02 04:57:49,Phome1,Diary: Wilderness (Easy),0,1
2026-09-02 04:57:49,Phome1,Diary: Wilderness (Elite),0,0
2026-09-02 04:57:49,Phome1,Diary: Wilderness (Hard),0,0
2026-09-02 04:57:49,Phome1,Diary: Wilderness (Medium),0,1
2026-09-02 04:57:49,Phome1,Combat Achievement: 24,0,1
2026-09-02 04:57:49,Phome1,Combat Achievement: 25,0,1
2026-09-02 04:57:49,Phome1,Combat Achievement: 28,0,1
2026-09-02 04:57:49,Phome1,Combat Achievement: 30,0,1
2026-09-02 04:57:49,Phome1,Combat Achievement: 32,0,1
2026-09-02 04:57:49,Phome1,Combat Achievement: 33,0,1
2026-09-02 04:57:49,Phome1,Combat Achievement: 76,0,1
2026-09-02 04:57:49,Phome1,Combat Achievement: 78,0,1
2026-09-02 04:57:49,Phome1,Combat Achievement: 79,0,1
2026-09-02 04:57:49,Phome1,Combat Achievement: 80,0,1
2026-09-02 04:57:49,Phome1,Combat Achievement: 120,0,1
2026-09-02 04:57:49,Phome1,Combat Achievement: 123,0,1
2026-09-02 04:57:49,Phome1,Combat Achievement: 124,0,1
2026-09-02 04:57:49,Phome1,Combat Achievement: 125,0,1
2026-09-02 04:57:49,Phome1,Combat Achievement: 126,0,1
2026-09-02 04:57:49,Phome1,Combat Achievement: 279,0,1
2026-09-02 04:57:49,Phome1,Combat Achievement: 280,0,1
2026-09-02 04:57:49,Phome1,Combat Achievement: 281,0,1
2026-09-02 04:57:49,Phome1,Combat Achievement: 282,0,1
2026-09-02 04:57:49,Phome1,Combat Achievement: 283,0,1
2026-09-02 04:57:49,Phome1,Combat Achievement: 284,0,1
2026-09-02 04:57:49,Phome1,Combat Achievement: 285,0,1
2026-09-02 04:57:49,Phome1,Combat Achievement: 353,0,1
2026-09-02 04:57:49,Phome1,Combat Achievement: 354,0,1
2026-09-02 04:57:49,Phome1,Combat Achievement: 356,0,1
2026-09-02 04:57:49,Phome1,Combat Achievement: 357,0,1
2026-09-02 04:57:49,Phome1,Combat Achievement: 359,0,1
2026-09-02 04:57:49,Phome1,Combat Achievement: 521,0,1
2026-09-02 04:57:49,Phome1,Combat Achievement: 522,0,1
2026-09-02 04:57:49,Phome1,Combat Achievement: 523,0,1
2026-09-02 04:57:49,Phome1,Combat Achievement: 524,0,1
2026-09-02 04:57:49,Phome1,Combat Achievement: 632,0,1
2026-09-02 04:57:49,Phome1,Combat Achievement: 633,0,1
2026-09-02 04:57:49,Phome1,Music Track: 7th Realm,0,0
2026-09-02 04:57:49,Phome1,Music Track: Adventure,0,1
2026-09-02 04:57:49,Phome1,Music Track: Al Kharid,0,1
2026-09-02 04:57:49,Phome1,Music Track: Alchemical Attack!,0,0
2026-09-02 04:57:49,Phome1,Music Track: All Aboard,0,1
2026-09-02 04:57:49,Phome1,Music Track: All the Trimmings,0,0
2026-09-02 04:57:49,Phome1,Music Track: All's Fairy in Love & War,0,0
2026-09-02 04:57:49,Phome1,Music Track: Alone,0,1
2026-09-02 04:57:49,Phome1,Music Track: Altar Ego,0,1
2026-09-02 04:57:49,Phome1,Music Track: Alternative Root,0,0
2026-09-02 04:57:49,Phome1,Music Track: Amascut's Promise,0,0
2026-09-02 04:57:49,Phome1,Music Track: Ambient Jungle,0,1
2026-09-02 04:57:49,Phome1,Music Track: The Ancient Prison,0,0
2026-09-02 04:57:49,Phome1,Music Track: The Angel's Fury,0,0
2026-09-02 04:57:49,Phome1,Music Track: Anywhere,0,1
2026-09-02 04:57:49,Phome1,Music Track: Ape-ex Predator,0,0
2026-09-02 04:57:49,Phome1,Music Track: Arabian,0,1
2026-09-02 04:57:49,Phome1,Music Track: Arabian 2,0,1
2026-09-02 04:57:49,Phome1,Music Track: Arabian 3,0,1
2026-09-02 04:57:49,Phome1,Music Track: Arabique,0,1
2026-09-02 04:57:49,Phome1,Music Track: Arachnids of Vampyrium,0,0
2026-09-02 04:57:49,Phome1,Music Track: Arboretum,0,1
2026-09-02 04:57:49,Phome1,Music Track: Arcane,0,1
2026-09-02 04:57:49,Phome1,Music Track: Architects of Prifddinas,0,0
2026-09-02 04:57:49,Phome1,Music Track: Are You Not Entertained?,0,0
2026-09-02 04:57:49,Phome1,Music Track: Armadyl Alliance,0,0
2026-09-02 04:57:49,Phome1,Music Track: Armageddon,0,1
2026-09-02 04:57:49,Phome1,Music Track: Army of Darkness,0,1
2026-09-02 04:57:49,Phome1,Music Track: Arrival,0,1
2026-09-02 04:57:49,Phome1,Music Track: Artistry,0,1
2026-09-02 04:57:49,Phome1,Music Track: Ascent,0,1
2026-09-02 04:57:49,Phome1,Music Track: Assault and Battery,0,1
2026-09-02 04:57:49,Phome1,Music Track: Attack 1,0,1
2026-09-02 04:57:49,Phome1,Music Track: Attack 2,0,1
2026-09-02 04:57:49,Phome1,Music Track: Attack 3,0,1
2026-09-02 04:57:49,Phome1,Music Track: Attack 4,0,1
2026-09-02 04:57:49,Phome1,Music Track: Attack 5,0,1
2026-09-02 04:57:49,Phome1,Music Track: Attack 6,0,1
2026-09-02 04:57:49,Phome1,Music Track: Attention,0,1
2026-09-02 04:57:49,Phome1,Music Track: Autumn Voyage,0,1
2026-09-02 04:57:49,Phome1,Music Track: Awful Anthem,0,1
2026-09-02 04:57:49,Phome1,Music Track: Aye Car Rum Ba,0,1
2026-09-02 04:57:49,Phome1,Music Track: Aztec,0,0
2026-09-02 04:57:49,Phome1,Music Track: Back to Life,0,0
2026-09-02 04:57:49,Phome1,Music Track: Background,0,1
2026-09-02 04:57:49,Phome1,Music Track: Bait,0,1
2026-09-02 04:57:49,Phome1,Music Track: Ballad of Enchantment,0,1
2026-09-02 04:57:49,Phome1,Music Track: Ballad of the Basilisk,0,0
2026-09-02 04:57:49,Phome1,Music Track: Bandit Camp,0,1
2026-09-02 04:57:49,Phome1,Music Track: Bandos Battalion,0,0
2026-09-02 04:57:49,Phome1,Music Track: Bane,0,0
2026-09-02 04:57:49,Phome1,Music Track: The Bane of Ashihama,0,0
2026-09-02 04:57:49,Phome1,Music Track: Barb Wire,0,1
2026-09-02 04:57:49,Phome1,Music Track: Barbarian Workout,0,1
2026-09-02 04:57:49,Phome1,Music Track: Barbarianism,0,1
2026-09-02 04:57:49,Phome1,Music Track: Barking Mad,0,0
2026-09-02 04:57:49,Phome1,Music Track: Baroque,0,1
2026-09-02 04:57:49,Phome1,Music Track: Barren Land,0,0
2026-09-02 04:57:49,Phome1,Music Track: Beetle Juice,0,0
2026-09-02 04:57:49,Phome1,Music Track: Below the Conch,0,0
2026-09-02 04:57:49,Phome1,Music Track: Beneath Cursed Sands,0,0
2026-09-02 04:57:49,Phome1,Music Track: Beneath the Kingdom,0,1
2026-09-02 04:57:49,Phome1,Music Track: Beneath the Stronghold,0,1
2026-09-02 04:57:49,Phome1,Music Track: Beyond,0,1
2026-09-02 04:57:49,Phome1,Music Track: Beyond the Meadow,0,1
2026-09-02 04:57:49,Phome1,Music Track: Big Chords,0,1
2026-09-02 04:57:49,Phome1,Music Track: Black of Knight,0,0
2026-09-02 04:57:49,Phome1,Music Track: Blistering Barnacles,0,1
2026-09-02 04:57:49,Phome1,Music Track: The Blood Moon Rises,0,0
2026-09-02 04:57:49,Phome1,Music Track: Blood Rush,0,0
2026-09-02 04:57:49,Phome1,Music Track: Bloodbath,0,1
2026-09-02 04:57:49,Phome1,Music Track: Boat 'Em Up,0,0
2026-09-02 04:57:49,Phome1,Music Track: Bob's on Holiday,0,0
2026-09-02 04:57:49,Phome1,Music Track: Body Parts,0,1
2026-09-02 04:57:49,Phome1,Music Track: Bolrie's Diary,0,0
2026-09-02 04:57:49,Phome1,Music Track: Bone Dance,0,1
2026-09-02 04:57:49,Phome1,Music Track: Bone Dry,0,1
2026-09-02 04:57:49,Phome1,Music Track: Book of Spells,0,1
2026-09-02 04:57:49,Phome1,Music Track: Borderland,0,1
2026-09-02 04:57:49,Phome1,Music Track: Boss Moosic,0,1
2026-09-02 04:57:49,Phome1,Music Track: Box of Delights,0,0
2026-09-02 04:57:49,Phome1,Music Track: Brain Battle,0,1
2026-09-02 04:57:49,Phome1,Music Track: Breeze,0,1
2026-09-02 04:57:49,Phome1,Music Track: Brew Hoo Hoo!,0,0
2026-09-02 04:57:49,Phome1,Music Track: The Bridge,0,0
2026-09-02 04:57:49,Phome1,Music Track: Brimstail's Scales,0,1
2026-09-02 04:57:49,Phome1,Music Track: Bubble and Squeak,0,0
2026-09-02 04:57:49,Phome1,Music Track: Bunny's Sugar Rush,0,0
2026-09-02 04:57:49,Phome1,Music Track: Burning Desire,0,1
2026-09-02 04:57:49,Phome1,Music Track: The Burning Sun,0,1
2026-09-02 04:57:49,Phome1,Music Track: Business as Unusual,0,0
2026-09-02 04:57:49,Phome1,Music Track: Cabin Fever,0,1
2026-09-02 04:57:49,Phome1,Music Track: Cain's Tutorial,0,1
2026-09-02 04:57:49,Phome1,Music Track: Call of the Tlati,0,1
2026-09-02 04:57:49,Phome1,Music Track: Camelot,0,1
2026-09-02 04:57:49,Phome1,Music Track: Cannonballin',0,0
2026-09-02 04:57:49,Phome1,Music Track: Castle Drakan,0,0
2026-09-02 04:57:49,Phome1,Music Track: Castle Wars,0,0
2026-09-02 04:57:49,Phome1,Music Track: Catacombs and Tombs,0,0
2026-09-02 04:57:49,Phome1,Music Track: Catch Me If You Can,0,0
2026-09-02 04:57:49,Phome1,Music Track: Cave Background,0,1
2026-09-02 04:57:49,Phome1,Music Track: Cave of Beasts,0,1
2026-09-02 04:57:49,Phome1,Music Track: Cave of the Goblins,0,1
2026-09-02 04:57:49,Phome1,Music Track: Cavern,0,1
2026-09-02 04:57:49,Phome1,Music Track: The Cellar Dwellers,0,1
2026-09-02 04:57:49,Phome1,Music Track: Cellar Song,0,1
2026-09-02 04:57:49,Phome1,Music Track: Chain of Command,0,1
2026-09-02 04:57:49,Phome1,Music Track: Chamber,0,1
2026-09-02 04:57:49,Phome1,Music Track: Chef Surprise,0,1
2026-09-02 04:57:49,Phome1,Music Track: Chickened Out,0,0
2026-09-02 04:57:49,Phome1,Music Track: Children of the Sun,0,1
2026-09-02 04:57:49,Phome1,Music Track: Chompy Hunt,0,1
2026-09-02 04:57:49,Phome1,Music Track: The Chosen,0,1
2026-09-02 04:57:49,Phome1,Music Track: The City of Sun,0,1
2026-09-02 04:57:49,Phome1,Music Track: City of the Dead,0,1
2026-09-02 04:57:49,Phome1,Music Track: Clan Wars,0,0
2026-09-02 04:57:49,Phome1,Music Track: Clanliness,0,0
2026-09-02 04:57:49,Phome1,Music Track: Claustrophobia,0,1
2026-09-02 04:57:49,Phome1,Music Track: Close Quarters,0,1
2026-09-02 04:57:49,Phome1,Music Track: Coil,0,0
2026-09-02 04:57:49,Phome1,Music Track: Colossus of the Deep,0,0
2026-09-02 04:57:49,Phome1,Music Track: Competition,0,1
2026-09-02 04:57:49,Phome1,Music Track: Complication,0,1
2026-09-02 04:57:49,Phome1,Music Track: Confrontation,0,1
2026-09-02 04:57:49,Phome1,Music Track: The Consortium,0,1
2026-09-02 04:57:49,Phome1,Music Track: Conspiracy,0,1
2026-09-02 04:57:49,Phome1,Music Track: Contest,0,1
2026-09-02 04:57:49,Phome1,Music Track: Corporal Punishment,0,1
2026-09-02 04:57:49,Phome1,Music Track: Corridors of Power,0,1
2026-09-02 04:57:49,Phome1,Music Track: Country Jig,0,1
2026-09-02 04:57:49,Phome1,Music Track: Courage,0,1
2026-09-02 04:57:49,Phome1,Music Track: Crashing Waves,0,0
2026-09-02 04:57:49,Phome1,Music Track: Creature Cruelty,0,1
2026-09-02 04:57:49,Phome1,Music Track: Creatures of Varlamore,0,1
2026-09-02 04:57:49,Phome1,Music Track: Creeping Vines,0,1
2026-09-02 04:57:49,Phome1,Music Track: Crest of a Wave,0,1
2026-09-02 04:57:49,Phome1,Music Track: Crystal Castle,0,0
2026-09-02 04:57:49,Phome1,Music Track: Crystal Cave,0,1
2026-09-02 04:57:49,Phome1,Music Track: Crystal Sword,0,1
2026-09-02 04:57:49,Phome1,Music Track: Cursed,0,1
2026-09-02 04:57:49,Phome1,Music Track: The Curtain Closes,0,0
2026-09-02 04:57:49,Phome1,Music Track: Dagannoth Dawn,0,0
2026-09-02 04:57:49,Phome1,Music Track: Dance of Death,0,1
2026-09-02 04:57:49,Phome1,Music Track: Dance of the Meilyr,0,0
2026-09-02 04:57:49,Phome1,Music Track: Dance of the Nylocas,0,0
2026-09-02 04:57:49,Phome1,Music Track: Dance of the Undead,0,1
2026-09-02 04:57:49,Phome1,Music Track: Dangerous,0,1
2026-09-02 04:57:49,Phome1,Music Track: A Dangerous Game,0,1
2026-09-02 04:57:49,Phome1,Music Track: Dangerous Logic,0,0
2026-09-02 04:57:49,Phome1,Music Track: Dangerous Road,0,1
2026-09-02 04:57:49,Phome1,Music Track: Dangerous Way,0,1
2026-09-02 04:57:49,Phome1,Music Track: Dark,0,1
2026-09-02 04:57:49,Phome1,Music Track: The Dark Beast Sotetseg,0,0
2026-09-02 04:57:49,Phome1,Music Track: Darkly Altared,0,0
2026-09-02 04:57:49,Phome1,Music Track: Darkmeyer,0,1
2026-09-02 04:57:49,Phome1,Music Track: Darkness in the Depths,0,1
2026-09-02 04:57:49,Phome1,Music Track: Davy Jones' Locker,0,1
2026-09-02 04:57:49,Phome1,Music Track: Dawn,0,0
2026-09-02 04:57:49,Phome1,Music Track: Dead Can Dance,0,1
2026-09-02 04:57:49,Phome1,Music Track: Dead Quiet,0,1
2026-09-02 04:57:49,Phome1,Music Track: Deadlands,0,1
2026-09-02 04:57:49,Phome1,Music Track: Deep Down,0,1
2026-09-02 04:57:49,Phome1,Music Track: Deep Wildy,0,1
2026-09-02 04:57:49,Phome1,Music Track: Delrith,0,1
2026-09-02 04:57:49,Phome1,Music Track: The Depths,0,0
2026-09-02 04:57:49,Phome1,Music Track: Desert Heat,0,1
2026-09-02 04:57:49,Phome1,Music Track: Desert Voyage,0,1
2026-09-02 04:57:49,Phome1,Music Track: The Desert,0,1
2026-09-02 04:57:49,Phome1,Music Track: The Desolate Isle,0,1
2026-09-02 04:57:49,Phome1,Music Track: The Desolate Mage,0,1
2026-09-02 04:57:49,Phome1,Music Track: A Desolate Past,0,1
2026-09-02 04:57:49,Phome1,Music Track: Devils May Care,0,0
2026-09-02 04:57:49,Phome1,Music Track: Diango's Little Helpers,0,0
2026-09-02 04:57:49,Phome1,Music Track: Dies Irae,0,0
2026-09-02 04:57:49,Phome1,Music Track: Dimension X,0,1
2026-09-02 04:57:49,Phome1,Music Track: Distant Land,0,1
2026-09-02 04:57:49,Phome1,Music Track: Distillery Hilarity,0,1
2026-09-02 04:57:49,Phome1,Music Track: Dogfight,0,0
2026-09-02 04:57:49,Phome1,Music Track: Dogs of War,0,1
2026-09-02 04:57:49,Phome1,Music Track: Domain of the Vampyres,0,1
2026-09-02 04:57:49,Phome1,Music Track: Don't Panic Zanik,0,0
2026-09-02 04:57:49,Phome1,Music Track: The Doom,0,0
2026-09-02 04:57:49,Phome1,Music Track: The Doors of Dinh,0,1
2026-09-02 04:57:49,Phome1,Music Track: Doorways,0,1
2026-09-02 04:57:49,Phome1,Music Track: Dorgeshuun City,0,1
2026-09-02 04:57:49,Phome1,Music Track: Dorgeshuun Deep,0,0
2026-09-02 04:57:49,Phome1,Music Track: Dorgeshuun Treaty,0,1
2026-09-02 04:57:49,Phome1,Music Track: Dot's Yuletide,0,0
2026-09-02 04:57:49,Phome1,Music Track: Down Below,0,1
2026-09-02 04:57:49,Phome1,Music Track: Down and Out,0,0
2026-09-02 04:57:49,Phome1,Music Track: Down by the Docks,0,1
2026-09-02 04:57:49,Phome1,Music Track: Down to Earth,0,1
2026-09-02 04:57:49,Phome1,Music Track: The Dragon Slayer,0,0
2026-09-02 04:57:49,Phome1,Music Track: Dragontooth Island,0,1
2026-09-02 04:57:49,Phome1,Music Track: Dream,0,1
2026-09-02 04:57:49,Phome1,Music Track: The Dream Theatre,0,0
2026-09-02 04:57:49,Phome1,Music Track: Dreamstate,0,1
2026-09-02 04:57:49,Phome1,Music Track: Dunes of Eternity,0,0
2026-09-02 04:57:49,Phome1,Music Track: Dunjun,0,1
2026-09-02 04:57:49,Phome1,Music Track: Dusk in Yu'biusk,0,0
2026-09-02 04:57:49,Phome1,Music Track: Dwarf Theme,0,1
2026-09-02 04:57:49,Phome1,Music Track: Dwarven Domain,0,1
2026-09-02 04:57:49,Phome1,Music Track: Dynasty,0,1
2026-09-02 04:57:49,Phome1,Music Track: Eagles' Peak,0,0
2026-09-02 04:57:49,Phome1,Music Track: Easter Jig,0,0
2026-09-02 04:57:49,Phome1,Music Track: Echoes of the North,0,0
2026-09-02 04:57:49,Phome1,Music Track: Egypt,0,1
2026-09-02 04:57:49,Phome1,Music Track: Elder Wisdom,0,0
2026-09-02 04:57:49,Phome1,Music Track: Elven Guardians,0,0
2026-09-02 04:57:49,Phome1,Music Track: Elven Mist,0,1
2026-09-02 04:57:49,Phome1,Music Track: Elven Seed,0,0
2026-09-02 04:57:49,Phome1,Music Track: The Emir's Arena,0,1
2026-09-02 04:57:49,Phome1,Music Track: Emissaries of Twilight,0,1
2026-09-02 04:57:49,Phome1,Music Track: Emotion,0,1
2026-09-02 04:57:49,Phome1,Music Track: Emperor,0,1
2026-09-02 04:57:49,Phome1,Music Track: The Enchanter,0,1
2026-09-02 04:57:49,Phome1,Music Track: The Enclave,0,1
2026-09-02 04:57:49,Phome1,Music Track: Escape,0,1
2026-09-02 04:57:49,Phome1,Music Track: Espionage,0,0
2026-09-02 04:57:49,Phome1,Music Track: Etceteria,0,1
2026-09-02 04:57:49,Phome1,Music Track: The Eternal Waves,0,1
2026-09-02 04:57:49,Phome1,Music Track: Eve's Epinette,0,0
2026-09-02 04:57:49,Phome1,Music Track: Everlasting,0,0
2026-09-02 04:57:49,Phome1,Music Track: Everlasting Fire,0,1
2026-09-02 04:57:49,Phome1,Music Track: The Everlasting Slumber,0,1
2026-09-02 04:57:49,Phome1,Music Track: Everywhere,0,0
2026-09-02 04:57:49,Phome1,Music Track: Evil Bob's Island,0,1
2026-09-02 04:57:49,Phome1,Music Track: The Evil Within,0,0
2026-09-02 04:57:49,Phome1,Music Track: Expanse,0,1
2026-09-02 04:57:49,Phome1,Music Track: Expecting,0,1
2026-09-02 04:57:49,Phome1,Music Track: Expedition,0,1
2026-09-02 04:57:49,Phome1,Music Track: Exposed,0,1
2026-09-02 04:57:49,Phome1,Music Track: Eye See You,0,0
2026-09-02 04:57:49,Phome1,Music Track: Eye of the Storm,0,1
2026-09-02 04:57:49,Phome1,Music Track: Faerie,0,1
2026-09-02 04:57:49,Phome1,Music Track: The Fairy Dragon,0,1
2026-09-02 04:57:49,Phome1,Music Track: Faith of the Hefin,0,0
2026-09-02 04:57:49,Phome1,Music Track: Faithless,0,1
2026-09-02 04:57:49,Phome1,Music Track: The Fallen Empire,0,0
2026-09-02 04:57:49,Phome1,Music Track: Fanfare,0,1
2026-09-02 04:57:49,Phome1,Music Track: Fanfare 2,0,1
2026-09-02 04:57:49,Phome1,Music Track: Fanfare 3,0,1
2026-09-02 04:57:49,Phome1,Music Track: Fangs for the Memory,0,1
2026-09-02 04:57:49,Phome1,Music Track: Far Away,0,1
2026-09-02 04:57:49,Phome1,Music Track: The Far Side,0,1
2026-09-02 04:57:49,Phome1,Music Track: A Farmer's Grind,0,1
2026-09-02 04:57:49,Phome1,Music Track: The Fat Lady Sings,0,0
2026-09-02 04:57:49,Phome1,Music Track: Fe Fi Fo Fum,0,0
2026-09-02 04:57:49,Phome1,Music Track: Fear and Loathing,0,1
2026-09-02 04:57:49,Phome1,Music Track: The Feathered Serpent,0,0
2026-09-02 04:57:49,Phome1,Music Track: Fenkenstrain's Refrain,0,1
2026-09-02 04:57:49,Phome1,Music Track: A Festive Party,0,0
2026-09-02 04:57:49,Phome1,Music Track: Fight of the Basilisk,0,0
2026-09-02 04:57:49,Phome1,Music Track: Fight or Flight,0,1
2026-09-02 04:57:49,Phome1,Music Track: Find My Way,0,1
2026-09-02 04:57:49,Phome1,Music Track: Fire and Brimstone,0,1
2026-09-02 04:57:49,Phome1,Music Track: Fire in the Deep,0,0
2026-09-02 04:57:49,Phome1,Music Track: The Fires of Lletya,0,0
2026-09-02 04:57:49,Phome1,Music Track: Fishing,0,1
2026-09-02 04:57:49,Phome1,Music Track: Floating Free,0,1
2026-09-02 04:57:49,Phome1,Music Track: Flute Salad,0,1
2026-09-02 04:57:49,Phome1,Music Track: Food for Thought,0,1
2026-09-02 04:57:49,Phome1,Music Track: Forbidden,0,1
2026-09-02 04:57:49,Phome1,Music Track: Forest,0,1
2026-09-02 04:57:49,Phome1,Music Track: The Forests of Shayzien,0,1
2026-09-02 04:57:49,Phome1,Music Track: Forever,0,1
2026-09-02 04:57:49,Phome1,Music Track: Forgettable Melody,0,1
2026-09-02 04:57:49,Phome1,Music Track: Forgotten,0,1
2026-09-02 04:57:49,Phome1,Music Track: A Forgotten Religion,0,1
2026-09-02 04:57:49,Phome1,Music Track: The Forgotten Tomb,0,0
2026-09-02 04:57:49,Phome1,Music Track: The Forlorn Homestead,0,1
2026-09-02 04:57:49,Phome1,Music Track: The Forsaken Tower,0,1
2026-09-02 04:57:49,Phome1,Music Track: The Forsaken,0,0
2026-09-02 04:57:49,Phome1,Music Track: Fossilised,0,1
2026-09-02 04:57:49,Phome1,Music Track: The Foundry,0,1
2026-09-02 04:57:49,Phome1,Music Track: The Fragment,0,0
2026-09-02 04:57:49,Phome1,Music Track: The Fremennik Kings,0,1
2026-09-02 04:57:49,Phome1,Music Track: Frogland,0,1
2026-09-02 04:57:49,Phome1,Music Track: Frostbite,0,1
2026-09-02 04:57:49,Phome1,Music Track: Fruits de Mer,0,1
2026-09-02 04:57:49,Phome1,Music Track: Ful to the Brim,0,1
2026-09-02 04:57:49,Phome1,Music Track: Funny Bunnies,0,0
2026-09-02 04:57:49,Phome1,Music Track: The Galleon,0,1
2026-09-02 04:57:49,Phome1,Music Track: Gaol,0,1
2026-09-02 04:57:49,Phome1,Music Track: Garden,0,1
2026-09-02 04:57:49,Phome1,Music Track: Garden of Autumn,0,0
2026-09-02 04:57:49,Phome1,Music Track: Garden of Spring,0,0
2026-09-02 04:57:49,Phome1,Music Track: Garden of Summer,0,0
2026-09-02 04:57:49,Phome1,Music Track: Garden of Winter,0,0
2026-09-02 04:57:49,Phome1,Music Track: The Gates of Menaphos,0,0
2026-09-02 04:57:49,Phome1,Music Track: Gathering,0,0
2026-09-02 04:57:49,Phome1,Music Track: The Gauntlet,0,0
2026-09-02 04:57:49,Phome1,Music Track: The Genie,0,0
2026-09-02 04:57:49,Phome1,Music Track: Getting Down to Business,0,1
2026-09-02 04:57:49,Phome1,Music Track: Gill Bill,0,1
2026-09-02 04:57:49,Phome1,Music Track: Gnome King,0,1
2026-09-02 04:57:49,Phome1,Music Track: Gnome Village,0,1
2026-09-02 04:57:49,Phome1,Music Track: Gnome Village 2,0,1
2026-09-02 04:57:49,Phome1,Music Track: Gnome Village Party,0,1
2026-09-02 04:57:49,Phome1,Music Track: Gnomeball,0,1
2026-09-02 04:57:49,Phome1,Music Track: Goblin Game,0,1
2026-09-02 04:57:49,Phome1,Music Track: Goblin Village,0,1
2026-09-02 04:57:49,Phome1,Music Track: Golden Touch,0,1
2026-09-02 04:57:49,Phome1,Music Track: The Golem,0,1
2026-09-02 04:57:49,Phome1,Music Track: The Great North,0,0
2026-09-02 04:57:49,Phome1,Music Track: Greatness,0,1
2026-09-02 04:57:49,Phome1,Music Track: Grimly Fiendish,0,0
2026-09-02 04:57:49,Phome1,Music Track: Grip of the Talon,0,1
2026-09-02 04:57:49,Phome1,Music Track: Grotto,0,1
2026-09-02 04:57:49,Phome1,Music Track: Grow Grow Grow,0,1
2026-09-02 04:57:49,Phome1,Music Track: Grumpy,0,1
2026-09-02 04:57:49,Phome1,Music Track: The Guardian of Tapoyauik,0,1
2026-09-02 04:57:49,Phome1,Music Track: The Guardians Prepare,0,1
2026-09-02 04:57:49,Phome1,Music Track: Guardians of the Rift,0,1
2026-09-02 04:57:49,Phome1,Music Track: The Guidance of Ralos,0,1
2026-09-02 04:57:49,Phome1,Music Track: H.A.M. Attack,0,1
2026-09-02 04:57:49,Phome1,Music Track: H.A.M. Fisted,0,1
2026-09-02 04:57:49,Phome1,Music Track: H.A.M. and Seek,0,1
2026-09-02 04:57:49,Phome1,Music Track: Harmony,0,1
2026-09-02 04:57:49,Phome1,Music Track: Harmony 2,0,1
2026-09-02 04:57:49,Phome1,Music Track: Haunted Mine,0,1
2026-09-02 04:57:49,Phome1,Music Track: Have a Blast,0,1
2026-09-02 04:57:49,Phome1,Music Track: Have an Ice Day,0,0
2026-09-02 04:57:49,Phome1,Music Track: Head to Head,0,1
2026-09-02 04:57:49,Phome1,Music Track: Healin' Feelin',0,0
2026-09-02 04:57:49,Phome1,Music Track: Heart and Mind,0,0
2026-09-02 04:57:49,Phome1,Music Track: Heavy Security,0,0
2026-09-02 04:57:49,Phome1,Music Track: The Heist,0,0
2026-09-02 04:57:49,Phome1,Music Track: Hells Bells,0,1
2026-09-02 04:57:49,Phome1,Music Track: Hermit,0,1
2026-09-02 04:57:49,Phome1,Music Track: High Seas,0,1
2026-09-02 04:57:49,Phome1,Music Track: High Spirits,0,0
2026-09-02 04:57:49,Phome1,Music Track: His Faithful Servants,0,0
2026-09-02 04:57:49,Phome1,Music Track: Hoe Down,0,1
2026-09-02 04:57:49,Phome1,Music Track: Home,0,0
2026-09-02 04:57:49,Phome1,Music Track: Home Sweet Home,0,1
2026-09-02 04:57:49,Phome1,Music Track: Honkytonky Sea Shanty 2,0,1
2026-09-02 04:57:49,Phome1,Music Track: Horizon,0,1
2026-09-02 04:57:49,Phome1,Music Track: The Houses of Kourend,0,1
2026-09-02 04:57:49,Phome1,Music Track: Hunted,0,0
2026-09-02 04:57:49,Phome1,Music Track: Hypnotised,0,1
2026-09-02 04:57:49,Phome1,Music Track: I'm Sorry,0,0
2026-09-02 04:57:49,Phome1,Music Track: Iban,0,1
2026-09-02 04:57:49,Phome1,Music Track: Ice Melody,0,1
2026-09-02 04:57:49,Phome1,Music Track: Ice and Fire,0,1
2026-09-02 04:57:49,Phome1,Music Track: Illusive,0,0
2026-09-02 04:57:49,Phome1,Music Track: Impetuous,0,1
2026-09-02 04:57:49,Phome1,Music Track: Impulses,0,1
2026-09-02 04:57:49,Phome1,Music Track: In Between,0,0
2026-09-02 04:57:49,Phome1,Music Track: In the Brine,0,1
2026-09-02 04:57:49,Phome1,Music Track: In the Clink,0,1
2026-09-02 04:57:49,Phome1,Music Track: In the Manor,0,1
2026-09-02 04:57:49,Phome1,Music Track: In the Pits,0,1
2026-09-02 04:57:49,Phome1,Music Track: In the Shadows,0,0
2026-09-02 04:57:49,Phome1,Music Track: Inadequacy,0,0
2026-09-02 04:57:49,Phome1,Music Track: Incantation,0,1
2026-09-02 04:57:49,Phome1,Music Track: Incarceration,0,0
2026-09-02 04:57:49,Phome1,Music Track: Inferno,0,0
2026-09-02 04:57:49,Phome1,Music Track: Insect Queen,0,1
2026-09-02 04:57:49,Phome1,Music Track: Inspiration,0,1
2026-09-02 04:57:49,Phome1,Music Track: Into the Abyss,0,1
2026-09-02 04:57:49,Phome1,Music Track: Into the Blue,0,1
2026-09-02 04:57:49,Phome1,Music Track: Into the Tombs,0,0
2026-09-02 04:57:49,Phome1,Music Track: Intrepid,0,1
2026-09-02 04:57:49,Phome1,Music Track: Invader,0,0
2026-09-02 04:57:49,Phome1,Music Track: Iorwerth's Lament,0,0
2026-09-02 04:57:49,Phome1,Music Track: Island Life,0,1
2026-09-02 04:57:49,Phome1,Music Track: Island of the Trolls,0,1
2026-09-02 04:57:49,Phome1,Music Track: Isle of Everywhere,0,1
2026-09-02 04:57:49,Phome1,Music Track: Isle of Serenity,0,1
2026-09-02 04:57:49,Phome1,Music Track: It's not over 'til...,0,0
2026-09-02 04:57:49,Phome1,Music Track: Itsy Bitsy...,0,0
2026-09-02 04:57:49,Phome1,Music Track: Jaws of Gluttony,0,0
2026-09-02 04:57:49,Phome1,Music Track: Jaws of the Basilisk,0,0
2026-09-02 04:57:49,Phome1,Music Track: Jester Minute,0,1
2026-09-02 04:57:49,Phome1,Music Track: Jolly R,0,1
2026-09-02 04:57:49,Phome1,Music Track: Joy of the Hunt,0,1
2026-09-02 04:57:49,Phome1,Music Track: Judgement of the Depths,0,1
2026-09-02 04:57:49,Phome1,Music Track: Jungle Bells,0,0
2026-09-02 04:57:49,Phome1,Music Track: Jungle Hunt,0,1
2026-09-02 04:57:49,Phome1,Music Track: Jungle Island,0,1
2026-09-02 04:57:49,Phome1,Music Track: Jungle Island Xmas,0,0
2026-09-02 04:57:49,Phome1,Music Track: Jungle Troubles,0,1
2026-09-02 04:57:49,Phome1,Music Track: Jungly 1,0,1
2026-09-02 04:57:49,Phome1,Music Track: Jungly 2,0,1
2026-09-02 04:57:49,Phome1,Music Track: Jungly 3,0,1
2026-09-02 04:57:49,Phome1,Music Track: Kanon of Kahlith,0,1
2026-09-02 04:57:49,Phome1,Music Track: Karamja Jam,0,0
2026-09-02 04:57:49,Phome1,Music Track: The Kin,0,0
2026-09-02 04:57:49,Phome1,Music Track: King of the Trolls,0,1
2026-09-02 04:57:49,Phome1,Music Track: Kingdom,0,1
2026-09-02 04:57:49,Phome1,Music Track: Knightly,0,1
2026-09-02 04:57:49,Phome1,Music Track: Knightmare,0,1
2026-09-02 04:57:49,Phome1,Music Track: Kourend the Magnificent,0,1
2026-09-02 04:57:49,Phome1,Music Track: La Mort,0,1
2026-09-02 04:57:49,Phome1,Music Track: Labyrinth,0,0
2026-09-02 04:57:49,Phome1,Music Track: Lagoon,0,1
2026-09-02 04:57:49,Phome1,Music Track: Laid to Rest,0,0
2026-09-02 04:57:49,Phome1,Music Track: Lair,0,0
2026-09-02 04:57:49,Phome1,Music Track: Lair of the Basilisk,0,0
2026-09-02 04:57:49,Phome1,Music Track: Lament,0,0
2026-09-02 04:57:49,Phome1,Music Track: Lament for the Hallowed,0,1
2026-09-02 04:57:49,Phome1,Music Track: Lament of Meiyerditch,0,1
2026-09-02 04:57:49,Phome1,Music Track: Lamistard's Labyrinth,0,0
2026-09-02 04:57:49,Phome1,Music Track: Land Down Under,0,1
2026-09-02 04:57:49,Phome1,Music Track: Land of Snow,0,0
2026-09-02 04:57:49,Phome1,Music Track: Land of the Dwarves,0,1
2026-09-02 04:57:49,Phome1,Music Track: Landlubber,0,1
2026-09-02 04:57:49,Phome1,Music Track: Last King of the Yarasa,0,0
2026-09-02 04:57:49,Phome1,Music Track: Last Man Standing,0,0
2026-09-02 04:57:49,Phome1,Music Track: The Last Shanty,0,1
2026-09-02 04:57:49,Phome1,Music Track: Last Stand,0,0
2026-09-02 04:57:49,Phome1,Music Track: Lasting,0,1
2026-09-02 04:57:49,Phome1,Music Track: Lava is Mine,0,0
2026-09-02 04:57:49,Phome1,Music Track: Legend,0,1
2026-09-02 04:57:49,Phome1,Music Track: Legion,0,1
2026-09-02 04:57:49,Phome1,Music Track: Life at Sea,0,1
2026-09-02 04:57:49,Phome1,Music Track: Life's a Beach!,0,1
2026-09-02 04:57:49,Phome1,Music Track: Lighthouse,0,1
2026-09-02 04:57:49,Phome1,Music Track: Lightness,0,1
2026-09-02 04:57:49,Phome1,Music Track: Lightwalk,0,1
2026-09-02 04:57:49,Phome1,Music Track: Little Cave of Horrors,0,1
2026-09-02 04:57:49,Phome1,Music Track: Lonesome,0,1
2026-09-02 04:57:49,Phome1,Music Track: Long Ago,0,1
2026-09-02 04:57:49,Phome1,Music Track: Long Way Home,0,1
2026-09-02 04:57:49,Phome1,Music Track: The Longramble Scramble,0,0
2026-09-02 04:57:49,Phome1,Music Track: Look to the Stars,0,1
2026-09-02 04:57:49,Phome1,Music Track: Looking Back,0,1
2026-09-02 04:57:49,Phome1,Music Track: Lord of the Larvae,0,0
2026-09-02 04:57:49,Phome1,Music Track: Lore and Order,0,1
2026-09-02 04:57:49,Phome1,Music Track: The Lost Melody,0,1
2026-09-02 04:57:49,Phome1,Music Track: Lost Soul,0,1
2026-09-02 04:57:49,Phome1,Music Track: The Lost Tribe,0,1
2026-09-02 04:57:49,Phome1,Music Track: Lost to Time,0,1
2026-09-02 04:57:49,Phome1,Music Track: Lower Depths,0,1
2026-09-02 04:57:49,Phome1,Music Track: Lucid Dream,0,0
2026-09-02 04:57:49,Phome1,Music Track: Lucid Nightmare,0,0
2026-09-02 04:57:49,Phome1,Music Track: Lullaby,0,1
2026-09-02 04:57:49,Phome1,Music Track: Lumbering,0,0
2026-09-02 04:57:49,Phome1,Music Track: The Lunar Isle,0,1
2026-09-02 04:57:49,Phome1,Music Track: Lurking Threats,0,0
2026-09-02 04:57:49,Phome1,Music Track: Mad Eadgar,0,1
2026-09-02 04:57:49,Phome1,Music Track: The Mad Mole,0,0
2026-09-02 04:57:49,Phome1,Music Track: Mage Arena,0,1
2026-09-02 04:57:49,Phome1,Music Track: Magic Dance,0,1
2026-09-02 04:57:49,Phome1,Music Track: Magic Magic Magic,0,1
2026-09-02 04:57:49,Phome1,Music Track: Magical Journey,0,1
2026-09-02 04:57:49,Phome1,Music Track: The Maiden's Anger,0,0
2026-09-02 04:57:49,Phome1,Music Track: The Maiden's Sorrow,0,0
2026-09-02 04:57:49,Phome1,Music Track: Major Miner,0,0
2026-09-02 04:57:49,Phome1,Music Track: Making Waves,0,0
2026-09-02 04:57:49,Phome1,Music Track: Malady,0,1
2026-09-02 04:57:49,Phome1,Music Track: March,0,1
2026-09-02 04:57:49,Phome1,Music Track: March of the Shayzien,0,1
2026-09-02 04:57:49,Phome1,Music Track: Marooned,0,1
2026-09-02 04:57:49,Phome1,Music Track: Marzipan,0,1
2026-09-02 04:57:49,Phome1,Music Track: Masquerade,0,0
2026-09-02 04:57:49,Phome1,Music Track: Master of Puppets,0,0
2026-09-02 04:57:49,Phome1,Music Track: Mastermindless,0,1
2026-09-02 04:57:49,Phome1,Music Track: A Matter of Intrigue,0,1
2026-09-02 04:57:49,Phome1,Music Track: Mausoleum,0,1
2026-09-02 04:57:49,Phome1,Music Track: Maws Jaws & Claws,0,0
2026-09-02 04:57:49,Phome1,Music Track: The Maze,0,1
2026-09-02 04:57:49,Phome1,Music Track: Meddling Kids,0,1
2026-09-02 04:57:49,Phome1,Music Track: Medieval,0,1
2026-09-02 04:57:49,Phome1,Music Track: Mellow,0,1
2026-09-02 04:57:49,Phome1,Music Track: Melodrama,0,1
2026-09-02 04:57:49,Phome1,Music Track: Memories of the Myreque,0,0
2026-09-02 04:57:49,Phome1,Music Track: Meridian,0,1
2026-09-02 04:57:49,Phome1,Music Track: Method of Madness,0,1
2026-09-02 04:57:49,Phome1,Music Track: Miles Away,0,1
2026-09-02 04:57:49,Phome1,Music Track: Military Life,0,1
2026-09-02 04:57:49,Phome1,Music Track: The Militia,0,1
2026-09-02 04:57:49,Phome1,Music Track: Mind over Matter,0,1
2026-09-02 04:57:49,Phome1,Music Track: Miracle Dance,0,1
2026-09-02 04:57:49,Phome1,Music Track: Mirage,0,1
2026-09-02 04:57:49,Phome1,Music Track: Miscellania,0,1
2026-09-02 04:57:49,Phome1,Music Track: Mistrock,0,0
2026-09-02 04:57:49,Phome1,Music Track: The Mollusc Menace,0,1
2026-09-02 04:57:49,Phome1,Music Track: Monarch Waltz,0,1
2026-09-02 04:57:49,Phome1,Music Track: Monkey Badness,0,0
2026-09-02 04:57:49,Phome1,Music Track: Monkey Business,0,0
2026-09-02 04:57:49,Phome1,Music Track: Monkey Madness,0,1
2026-09-02 04:57:49,Phome1,Music Track: Monkey Sadness,0,0
2026-09-02 04:57:49,Phome1,Music Track: Monkey Trouble,0,0
2026-09-02 04:57:49,Phome1,Music Track: Monster Melee,0,1
2026-09-02 04:57:49,Phome1,Music Track: The Monsters Below,0,0
2026-09-02 04:57:49,Phome1,Music Track: Moody,0,1
2026-09-02 04:57:49,Phome1,Music Track: The Moons of Ruin,0,1
2026-09-02 04:57:49,Phome1,Music Track: Mor Ul Rek,0,0
2026-09-02 04:57:49,Phome1,Music Track: More Than Meets the Eye,0,0
2026-09-02 04:57:49,Phome1,Music Track: Morytania,0,1
2026-09-02 04:57:49,Phome1,Music Track: Morytanian Mystery,0,1
2026-09-02 04:57:49,Phome1,Music Track: Mother Ruckus,0,0
2026-09-02 04:57:49,Phome1,Music Track: A Mother's Curse,0,0
2026-09-02 04:57:49,Phome1,Music Track: Mouse Trap,0,0
2026-09-02 04:57:49,Phome1,Music Track: Mudskipper Melody,0,1
2026-09-02 04:57:49,Phome1,Music Track: Museum Medley,0,0
2026-09-02 04:57:49,Phome1,Music Track: Mutant Medley,0,1
2026-09-02 04:57:49,Phome1,Music Track: My Arm's Journey,0,0
2026-09-02 04:57:49,Phome1,Music Track: Mysterious Lands,0,0
2026-09-02 04:57:49,Phome1,Music Track: Mystics of Nature,0,0
2026-09-02 04:57:49,Phome1,Music Track: Mythical,0,0
2026-09-02 04:57:49,Phome1,Music Track: Narnode's Theme,0,1
2026-09-02 04:57:49,Phome1,Music Track: Natural,0,1
2026-09-02 04:57:49,Phome1,Music Track: The Navigator,0,1
2026-09-02 04:57:49,Phome1,Music Track: Nether Realm,0,0
2026-09-02 04:57:49,Phome1,Music Track: Neverland,0,1
2026-09-02 04:57:49,Phome1,Music Track: Newbie Farming,0,1
2026-09-02 04:57:49,Phome1,Music Track: Newbie Melody,0,1
2026-09-02 04:57:49,Phome1,Music Track: Night of the Vampyre,0,1
2026-09-02 04:57:49,Phome1,Music Track: Nightfall,0,1
2026-09-02 04:57:49,Phome1,Music Track: The Nightmare Continues,0,0
2026-09-02 04:57:49,Phome1,Music Track: No Pasaran,0,0
2026-09-02 04:57:49,Phome1,Music Track: No Way Out,0,1
2026-09-02 04:57:49,Phome1,Music Track: The Noble Rodent,0,1
2026-09-02 04:57:49,Phome1,Music Track: Nomad,0,1
2026-09-02 04:57:49,Phome1,Music Track: Norse Code,0,1
2026-09-02 04:57:49,Phome1,Music Track: The North,0,0
2026-09-02 04:57:49,Phome1,Music Track: Not a Moment of Relief,0,1
2026-09-02 04:57:49,Phome1,Music Track: Nox Irae,0,0
2026-09-02 04:57:49,Phome1,Music Track: Noxious Awakening,0,0
2026-09-02 04:57:49,Phome1,Music Track: Null and Void,0,1
2026-09-02 04:57:49,Phome1,Music Track: Ocean Depths,0,0
2026-09-02 04:57:49,Phome1,Music Track: Ogre the Top,0,1
2026-09-02 04:57:49,Phome1,Music Track: Oh Rats!,0,1
2026-09-02 04:57:49,Phome1,Music Track: The Old Ones,0,1
2026-09-02 04:57:49,Phome1,Music Track: On Thin Ice,0,0
2026-09-02 04:57:49,Phome1,Music Track: On the Frontline,0,1
2026-09-02 04:57:49,Phome1,Music Track: On the Shore,0,1
2026-09-02 04:57:49,Phome1,Music Track: On the Up,0,0
2026-09-02 04:57:49,Phome1,Music Track: On the Wing,0,1
2026-09-02 04:57:49,Phome1,Music Track: Oncoming Foe,0,0
2026-09-02 04:57:49,Phome1,Music Track: Organ Music 1,0,1
2026-09-02 04:57:49,Phome1,Music Track: Organ Music 2,0,1
2026-09-02 04:57:49,Phome1,Music Track: Oriental,0,1
2026-09-02 04:57:49,Phome1,Music Track: The Other Side,0,1
2026-09-02 04:57:49,Phome1,Music Track: Out at the Mines,0,1
2026-09-02 04:57:49,Phome1,Music Track: Out of the Deep,0,1
2026-09-02 04:57:49,Phome1,Music Track: Over the Horizon,0,1
2026-09-02 04:57:49,Phome1,Music Track: Over the Mountains,0,0
2026-09-02 04:57:49,Phome1,Music Track: Over to Nardah,0,1
2026-09-02 04:57:49,Phome1,Music Track: Overpass,0,1
2026-09-02 04:57:49,Phome1,Music Track: Overture,0,1
2026-09-02 04:57:49,Phome1,Music Track: Parade,0,1
2026-09-02 04:57:49,Phome1,Music Track: The Part Where You Die,0,1
2026-09-02 04:57:49,Phome1,Music Track: Path of Peril,0,1
2026-09-02 04:57:49,Phome1,Music Track: Pathways,0,0
2026-09-02 04:57:49,Phome1,Music Track: Peace and Prosperity,0,1
2026-09-02 04:57:49,Phome1,Music Track: The Penguin Bards,0,0
2026-09-02 04:57:49,Phome1,Music Track: Penguin Plots,0,0
2026-09-02 04:57:49,Phome1,Music Track: Pest Control,0,1
2026-09-02 04:57:49,Phome1,Music Track: Pharaoh's Tomb,0,0
2026-09-02 04:57:49,Phome1,Music Track: The Pharaoh,0,0
2026-09-02 04:57:49,Phome1,Music Track: Phasmatys,0,1
2026-09-02 04:57:49,Phome1,Music Track: Pheasant Peasant,0,1
2026-09-02 04:57:49,Phome1,Music Track: Pick & Shovel,0,1
2026-09-02 04:57:49,Phome1,Music Track: Pinball Wizard,0,1
2026-09-02 04:57:49,Phome1,Music Track: Pirates of Penance,0,1
2026-09-02 04:57:49,Phome1,Music Track: Pirates of Peril,0,1
2026-09-02 04:57:49,Phome1,Music Track: Plots and Plans,0,1
2026-09-02 04:57:49,Phome1,Music Track: The Plundered Tomb,0,0
2026-09-02 04:57:49,Phome1,Music Track: Poles Apart,0,1
2026-09-02 04:57:49,Phome1,Music Track: The Power of Tears,0,1
2026-09-02 04:57:49,Phome1,Music Track: Power of the Shadow Realm,0,0
2026-09-02 04:57:49,Phome1,Music Track: Predator Xarpus,0,0
2026-09-02 04:57:49,Phome1,Music Track: Preservation,0,1
2026-09-02 04:57:49,Phome1,Music Track: Preserved,0,1
2026-09-02 04:57:49,Phome1,Music Track: Prey,0,0
2026-09-02 04:57:49,Phome1,Music Track: Prime Time,0,1
2026-09-02 04:57:49,Phome1,Music Track: Principality,0,1
2026-09-02 04:57:49,Phome1,Music Track: Prison Break,0,0
2026-09-02 04:57:49,Phome1,Music Track: Prospering Fortune,0,1
2026-09-02 04:57:49,Phome1,Music Track: Quest,0,1
2026-09-02 04:57:49,Phome1,Music Track: The Quizmaster,0,1
2026-09-02 04:57:49,Phome1,Music Track: Race Against the Clock,0,0
2026-09-02 04:57:49,Phome1,Music Track: Rat Hunt,0,1
2026-09-02 04:57:49,Phome1,Music Track: Rat a Tat Tat,0,0
2026-09-02 04:57:49,Phome1,Music Track: Ready for Battle,0,0
2026-09-02 04:57:49,Phome1,Music Track: Ready for the Hunt,0,1
2026-09-02 04:57:49,Phome1,Music Track: Regal,0,1
2026-09-02 04:57:49,Phome1,Music Track: Regal Pomp,0,1
2026-09-02 04:57:49,Phome1,Music Track: Reggae,0,1
2026-09-02 04:57:49,Phome1,Music Track: Reggae 2,0,1
2026-09-02 04:57:49,Phome1,Music Track: Reign of the Basilisk,0,0
2026-09-02 04:57:49,Phome1,Music Track: Relics,0,0
2026-09-02 04:57:49,Phome1,Music Track: Rellekka,0,1
2026-09-02 04:57:49,Phome1,Music Track: Remnants,0,0
2026-09-02 04:57:49,Phome1,Music Track: Remote Waters,0,0
2026-09-02 04:57:49,Phome1,Music Track: Rest in Peace,0,1
2026-09-02 04:57:49,Phome1,Music Track: Revenants,0,0
2026-09-02 04:57:49,Phome1,Music Track: Rhapsody,0,0
2026-09-02 04:57:49,Phome1,Music Track: Right on Track,0,1
2026-09-02 04:57:49,Phome1,Music Track: Righteousness,0,0
2026-09-02 04:57:49,Phome1,Music Track: Rising Damp,0,0
2026-09-02 04:57:49,Phome1,Music Track: The Rising Sun,0,1
2026-09-02 04:57:49,Phome1,Music Track: Riverside,0,1
2026-09-02 04:57:49,Phome1,Music Track: Roc and Roll,0,0
2026-09-02 04:57:49,Phome1,Music Track: The Rogues' Den,0,1
2026-09-02 04:57:49,Phome1,Music Track: Roll the Bones,0,1
2026-09-02 04:57:49,Phome1,Music Track: Romancing the Crone,0,1
2026-09-02 04:57:49,Phome1,Music Track: Romper Chomper,0,1
2026-09-02 04:57:49,Phome1,Music Track: Roots and Flutes,0,0
2026-09-02 04:57:49,Phome1,Music Track: Rose,0,1
2026-09-02 04:57:49,Phome1,Music Track: The Route of All Evil,0,0
2026-09-02 04:57:49,Phome1,Music Track: The Route of the Problem,0,0
2026-09-02 04:57:49,Phome1,Music Track: Royale,0,1
2026-09-02 04:57:49,Phome1,Music Track: Rugged Terrain,0,1
2026-09-02 04:57:49,Phome1,Music Track: The Ruins of Camdozaal,0,1
2026-09-02 04:57:49,Phome1,Music Track: Ruins of Isolation,0,0
2026-09-02 04:57:49,Phome1,Music Track: Rune Essence,0,1
2026-09-02 04:57:49,Phome1,Music Track: Sad Meadow,0,1
2026-09-02 04:57:49,Phome1,Music Track: Safety in Numbers,0,1
2026-09-02 04:57:49,Phome1,Music Track: Saga,0,1
2026-09-02 04:57:49,Phome1,Music Track: A Sailor's Dream,0,1
2026-09-02 04:57:49,Phome1,Music Track: Sands of Time,0,0
2026-09-02 04:57:49,Phome1,Music Track: Sarachnis,0,0
2026-09-02 04:57:49,Phome1,Music Track: Sarcophagus,0,1
2026-09-02 04:57:49,Phome1,Music Track: Sarim's Vermin,0,1
2026-09-02 04:57:49,Phome1,Music Track: Scape Ape,0,1
2026-09-02 04:57:49,Phome1,Music Track: Scape Cave,0,1
2026-09-02 04:57:49,Phome1,Music Track: Scape Crystal,0,1
2026-09-02 04:57:49,Phome1,Music Track: Scape Five,0,1
2026-09-02 04:57:49,Phome1,Music Track: Scape Ground,0,1
2026-09-02 04:57:49,Phome1,Music Track: Scape Home,0,1
2026-09-02 04:57:49,Phome1,Music Track: Scape Hunter,0,1
2026-09-02 04:57:49,Phome1,Music Track: Scape Main,0,1
2026-09-02 04:57:49,Phome1,Music Track: Scape Original,0,1
2026-09-02 04:57:49,Phome1,Music Track: Scape Sad,0,1
2026-09-02 04:57:49,Phome1,Music Track: Scape Sail,0,1
2026-09-02 04:57:49,Phome1,Music Track: Scape Santa,0,1
2026-09-02 04:57:49,Phome1,Music Track: Scape Scared,0,1
2026-09-02 04:57:49,Phome1,Music Track: Scape Soft,0,1
2026-09-02 04:57:49,Phome1,Music Track: Scape Wild,0,1
2026-09-02 04:57:49,Phome1,Music Track: Scar Tissue,0,0
2026-09-02 04:57:49,Phome1,Music Track: Scarab,0,1
2026-09-02 04:57:49,Phome1,Music Track: School's Out,0,1
2026-09-02 04:57:49,Phome1,Music Track: Scorching Horizon,0,1
2026-09-02 04:57:49,Phome1,Music Track: Scorpia Dances,0,0
2026-09-02 04:57:49,Phome1,Music Track: Scrubfoot's Descent,0,0
2026-09-02 04:57:49,Phome1,Music Track: Sea Minor Shanty,0,0
2026-09-02 04:57:49,Phome1,Music Track: Sea Shanty,0,1
2026-09-02 04:57:49,Phome1,Music Track: Sea Shanty 2,0,1
2026-09-02 04:57:49,Phome1,Music Track: Sea Shanty Xmas,0,0
2026-09-02 04:57:49,Phome1,Music Track: Secrets of the North,0,0
2026-09-02 04:57:49,Phome1,Music Track: The Seed of Crwys,0,0
2026-09-02 04:57:49,Phome1,Music Track: Serenade,0,1
2026-09-02 04:57:49,Phome1,Music Track: Serene,0,1
2026-09-02 04:57:49,Phome1,Music Track: Servants of Strife,0,1
2026-09-02 04:57:49,Phome1,Music Track: Set Sail,0,1
2026-09-02 04:57:49,Phome1,Music Track: The Setting Sun,0,1
2026-09-02 04:57:49,Phome1,Music Track: Settlement,0,1
2026-09-02 04:57:49,Phome1,Music Track: Shadow of the Ocean,0,1
2026-09-02 04:57:49,Phome1,Music Track: The Shadow,0,1
2026-09-02 04:57:49,Phome1,Music Track: Shadowland,0,1
2026-09-02 04:57:49,Phome1,Music Track: Sharp End of the Crystal,0,0
2026-09-02 04:57:49,Phome1,Music Track: Shattered Relics,0,1
2026-09-02 04:57:49,Phome1,Music Track: Shine,0,1
2026-09-02 04:57:49,Phome1,Music Track: Shining,0,1
2026-09-02 04:57:49,Phome1,Music Track: Shining Spirit,0,0
2026-09-02 04:57:49,Phome1,Music Track: Shipwrecked,0,1
2026-09-02 04:57:49,Phome1,Music Track: Showdown,0,1
2026-09-02 04:57:49,Phome1,Music Track: Sigmund's Showdown,0,1
2026-09-02 04:57:49,Phome1,Music Track: Sign Here,0,0
2026-09-02 04:57:49,Phome1,Music Track: The Sinclairs,0,1
2026-09-02 04:57:49,Phome1,Music Track: The Slayer,0,1
2026-09-02 04:57:49,Phome1,Music Track: Slice of Silent Movie,0,1
2026-09-02 04:57:49,Phome1,Music Track: Slice of Station,0,1
2026-09-02 04:57:49,Phome1,Music Track: Slither and Thither,0,1
2026-09-02 04:57:49,Phome1,Music Track: Slug a Bug Ball,0,0
2026-09-02 04:57:49,Phome1,Music Track: Snowflake & My Arm,0,0
2026-09-02 04:57:49,Phome1,Music Track: Sojourn,0,1
2026-09-02 04:57:49,Phome1,Music Track: Solitude,0,0
2026-09-02 04:57:49,Phome1,Music Track: Song of the Elves,0,0
2026-09-02 04:57:49,Phome1,Music Track: Song of the Silent Choir,0,0
2026-09-02 04:57:49,Phome1,Music Track: Sorceress's Garden,0,0
2026-09-02 04:57:49,Phome1,Music Track: Soul Fall,0,0
2026-09-02 04:57:49,Phome1,Music Track: Soul Wars,0,0
2026-09-02 04:57:49,Phome1,Music Track: The Sound of Guthix,0,0
2026-09-02 04:57:49,Phome1,Music Track: Soundscape,0,1
2026-09-02 04:57:49,Phome1,Music Track: Sphinx,0,1
2026-09-02 04:57:49,Phome1,Music Track: Spirit,0,1
2026-09-02 04:57:49,Phome1,Music Track: Spirit of the Forest,0,1
2026-09-02 04:57:49,Phome1,Music Track: Spiritbloom,0,1
2026-09-02 04:57:49,Phome1,Music Track: Spirits of the Elid,0,0
2026-09-02 04:57:49,Phome1,Music Track: Splendour,0,1
2026-09-02 04:57:49,Phome1,Music Track: Spooky,0,1
2026-09-02 04:57:49,Phome1,Music Track: Spooky 2,0,1
2026-09-02 04:57:49,Phome1,Music Track: Spooky Jungle,0,1
2026-09-02 04:57:49,Phome1,Music Track: The Spurned Demon,0,0
2026-09-02 04:57:49,Phome1,Music Track: The Spymaster,0,0
2026-09-02 04:57:49,Phome1,Music Track: Stagnant,0,1
2026-09-02 04:57:49,Phome1,Music Track: Stalkers,0,0
2026-09-02 04:57:49,Phome1,Music Track: Stand Up and Be Counted,0,0
2026-09-02 04:57:49,Phome1,Music Track: Starlight,0,1
2026-09-02 04:57:49,Phome1,Music Track: Start,0,1
2026-09-02 04:57:49,Phome1,Music Track: Still Night,0,1
2026-09-02 04:57:49,Phome1,Music Track: Stillness,0,1
2026-09-02 04:57:49,Phome1,Music Track: Stones of Old,0,1
2026-09-02 04:57:49,Phome1,Music Track: Storeroom Shuffle,0,0
2026-09-02 04:57:49,Phome1,Music Track: Storm Brew,0,0
2026-09-02 04:57:49,Phome1,Music Track: Stranded,0,1
2026-09-02 04:57:49,Phome1,Music Track: Strange Place,0,0
2026-09-02 04:57:49,Phome1,Music Track: Strangled,0,0
2026-09-02 04:57:49,Phome1,Music Track: Stratosphere,0,0
2026-09-02 04:57:49,Phome1,Music Track: Strength of Saradomin,0,0
2026-09-02 04:57:49,Phome1,Music Track: Stuck in the Mire,0,1
2026-09-02 04:57:49,Phome1,Music Track: Subterranea,0,1
2026-09-02 04:57:49,Phome1,Music Track: Sunburn,0,1
2026-09-02 04:57:49,Phome1,Music Track: Sunny Side Up,0,0
2026-09-02 04:57:49,Phome1,Music Track: Superstition,0,1
2026-09-02 04:57:49,Phome1,Music Track: Surok's Theme,0,0
2026-09-02 04:57:49,Phome1,Music Track: Suspicious,0,1
2026-09-02 04:57:49,Phome1,Music Track: Tale of Keldagrim,0,1
2026-09-02 04:57:49,Phome1,Music Track: The Talkasti People,0,1
2026-09-02 04:57:49,Phome1,Music Track: Talking Forest,0,1
2026-09-02 04:57:49,Phome1,Music Track: Tarn Razorlor,0,1
2026-09-02 04:57:49,Phome1,Music Track: A Taste of Hope,0,1
2026-09-02 04:57:49,Phome1,Music Track: Tears of Guthix,0,1
2026-09-02 04:57:49,Phome1,Music Track: Technology,0,1
2026-09-02 04:57:49,Phome1,Music Track: Teklan,0,1
2026-09-02 04:57:49,Phome1,Music Track: Tempest,0,0
2026-09-02 04:57:49,Phome1,Music Track: Temple,0,1
2026-09-02 04:57:49,Phome1,Music Track: Temple Desecrated,0,0
2026-09-02 04:57:49,Phome1,Music Track: Temple of Light,0,1
2026-09-02 04:57:49,Phome1,Music Track: Temple of Tribes,0,0
2026-09-02 04:57:49,Phome1,Music Track: Temple of the Eye,0,1
2026-09-02 04:57:49,Phome1,Music Track: Tempor of the Storm,0,1
2026-09-02 04:57:49,Phome1,Music Track: The Terrible Caverns,0,1
2026-09-02 04:57:49,Phome1,Music Track: The Terrible Tower,0,1
2026-09-02 04:57:49,Phome1,Music Track: The Terrible Tunnels,0,1
2026-09-02 04:57:49,Phome1,Music Track: Terrorbird Tussle,0,0
2026-09-02 04:57:49,Phome1,Music Track: Test Your Sails,0,1
2026-09-02 04:57:49,Phome1,Music Track: Test of Companionship,0,0
2026-09-02 04:57:49,Phome1,Music Track: Test of Isolation,0,0
2026-09-02 04:57:49,Phome1,Music Track: Test of Resourcefulness,0,0
2026-09-02 04:57:49,Phome1,Music Track: Test of Strength,0,0
2026-09-02 04:57:49,Phome1,Music Track: That Sullen Hall,0,0
2026-09-02 04:57:49,Phome1,Music Track: Theme,0,1
2026-09-02 04:57:49,Phome1,Music Track: A Thorn in My Side,0,1
2026-09-02 04:57:49,Phome1,Music Track: Thrall of the Devourer,0,0
2026-09-02 04:57:49,Phome1,Music Track: Thrall of the Serpent,0,0
2026-09-02 04:57:49,Phome1,Music Track: Throne of the Demon,0,1
2026-09-02 04:57:49,Phome1,Music Track: Tick Tock,0,0
2026-09-02 04:57:49,Phome1,Music Track: Time Out,0,1
2026-09-02 04:57:49,Phome1,Music Track: Time to Mine,0,1
2026-09-02 04:57:49,Phome1,Music Track: Tiptoe,0,1
2026-09-02 04:57:49,Phome1,Music Track: Title Fight,0,0
2026-09-02 04:57:49,Phome1,Music Track: Tomb Raider,0,1
2026-09-02 04:57:49,Phome1,Music Track: Tomorrow,0,1
2026-09-02 04:57:49,Phome1,Music Track: Too Many Cooks...,0,1
2026-09-02 04:57:49,Phome1,Music Track: The Tortugan Way,0,0
2026-09-02 04:57:49,Phome1,Music Track: The Tower of Voices,0,0
2026-09-02 04:57:49,Phome1,Music Track: The Tower,0,1
2026-09-02 04:57:49,Phome1,Music Track: The Trade Parade,0,1
2026-09-02 04:57:49,Phome1,Music Track: Trahaearn Toil,0,0
2026-09-02 04:57:49,Phome1,Music Track: Tranquillity,0,0
2026-09-02 04:57:49,Phome1,Music Track: Trawler,0,1
2026-09-02 04:57:49,Phome1,Music Track: Trawler Minor,0,1
2026-09-02 04:57:49,Phome1,Music Track: Tree Spirits,0,1
2026-09-02 04:57:49,Phome1,Music Track: Tremble,0,1
2026-09-02 04:57:49,Phome1,Music Track: Tribal,0,1
2026-09-02 04:57:49,Phome1,Music Track: Tribal 2,0,1
2026-09-02 04:57:49,Phome1,Music Track: Tribal Background,0,1
2026-09-02 04:57:49,Phome1,Music Track: Trinity,0,1
2026-09-02 04:57:49,Phome1,Music Track: Troll Shuffle,0,0
2026-09-02 04:57:49,Phome1,Music Track: Trouble Brewing,0,1
2026-09-02 04:57:49,Phome1,Music Track: Troubled,0,1
2026-09-02 04:57:49,Phome1,Music Track: Troubled Waters,0,0
2026-09-02 04:57:49,Phome1,Music Track: Truth,0,1
2026-09-02 04:57:49,Phome1,Music Track: Twilight,0,1
2026-09-02 04:57:49,Phome1,Music Track: TzHaar!,0,1
2026-09-02 04:57:49,Phome1,Music Track: Undead Army,0,0
2026-09-02 04:57:49,Phome1,Music Track: Undead Dungeon,0,1
2026-09-02 04:57:49,Phome1,Music Track: Under the Mountain,0,1
2026-09-02 04:57:49,Phome1,Music Track: Undercurrent,0,1
2026-09-02 04:57:49,Phome1,Music Track: Underground,0,1
2026-09-02 04:57:49,Phome1,Music Track: Underground Pass,0,1
2026-09-02 04:57:49,Phome1,Music Track: Understanding,0,1
2026-09-02 04:57:49,Phome1,Music Track: The Undying Light,0,1
2026-09-02 04:57:49,Phome1,Music Track: Unknown Land,0,1
2026-09-02 04:57:49,Phome1,Music Track: Untouchable,0,0
2026-09-02 04:57:49,Phome1,Music Track: Unturned Stones,0,0
2026-09-02 04:57:49,Phome1,Music Track: Upcoming,0,1
2026-09-02 04:57:49,Phome1,Music Track: Upir Likhyi,0,1
2026-09-02 04:57:49,Phome1,Music Track: Upper Depths,0,0
2026-09-02 04:57:49,Phome1,Music Track: Vampyre Assault,0,1
2026-09-02 04:57:49,Phome1,Music Track: Vanescula,0,1
2026-09-02 04:57:49,Phome1,Music Track: Varlamore's Sunset,0,0
2026-09-02 04:57:49,Phome1,Music Track: The Vault,0,0
2026-09-02 04:57:49,Phome1,Music Track: Venomous,0,1
2026-09-02 04:57:49,Phome1,Music Track: Venture,0,1
2026-09-02 04:57:49,Phome1,Music Track: Venture 2,0,1
2026-09-02 04:57:49,Phome1,Music Track: Victory is Mine,0,0
2026-09-02 04:57:49,Phome1,Music Track: Village,0,1
2026-09-02 04:57:49,Phome1,Music Track: Vision,0,1
2026-09-02 04:57:49,Phome1,Music Track: Volcanic Vikings,0,1
2026-09-02 04:57:49,Phome1,Music Track: Voodoo Cult,0,1
2026-09-02 04:57:49,Phome1,Music Track: Voyage,0,1
2026-09-02 04:57:49,Phome1,Music Track: The Waiting Game,0,0
2026-09-02 04:57:49,Phome1,Music Track: Waking Dream,0,1
2026-09-02 04:57:49,Phome1,Music Track: A Walk in the Woods,0,1
2026-09-02 04:57:49,Phome1,Music Track: The Walking Dead,0,0
2026-09-02 04:57:49,Phome1,Music Track: Wally the Hero,0,1
2026-09-02 04:57:49,Phome1,Music Track: Wander,0,1
2026-09-02 04:57:49,Phome1,Music Track: Warpath,0,0
2026-09-02 04:57:49,Phome1,Music Track: Warrior,0,1
2026-09-02 04:57:49,Phome1,Music Track: Warriors' Guild,0,1
2026-09-02 04:57:49,Phome1,Music Track: Waste Defaced,0,0
2026-09-02 04:57:49,Phome1,Music Track: Watch Your Step,0,0
2026-09-02 04:57:49,Phome1,Music Track: Waterfall,0,1
2026-09-02 04:57:49,Phome1,Music Track: Waterlogged,0,1
2026-09-02 04:57:49,Phome1,Music Track: Way of the Enchanter,0,1
2026-09-02 04:57:49,Phome1,Music Track: Way of the Wyrm,0,1
2026-09-02 04:57:49,Phome1,Music Track: Wayward,0,1
2026-09-02 04:57:49,Phome1,Music Track: We are the Fairies,0,0
2026-09-02 04:57:49,Phome1,Music Track: Welcome to my Nightmare,0,0
2026-09-02 04:57:49,Phome1,Music Track: Welcome to the Theatre,0,1
2026-09-02 04:57:49,Phome1,Music Track: Well Hallowed Air,0,0
2026-09-02 04:57:49,Phome1,Music Track: Well of Voyage,0,1
2026-09-02 04:57:49,Phome1,Music Track: The Western Seas,0,1
2026-09-02 04:57:49,Phome1,Music Track: What Happens Below...,0,1
2026-09-02 04:57:49,Phome1,Music Track: What the Shell!,0,0
2026-09-02 04:57:49,Phome1,Music Track: Where Eagles Lair,0,0
2026-09-02 04:57:49,Phome1,Music Track: Whispering Wind,0,1
2026-09-02 04:57:49,Phome1,Music Track: Wild Isle,0,1
2026-09-02 04:57:49,Phome1,Music Track: Wild Side,0,1
2026-09-02 04:57:49,Phome1,Music Track: Wilderness,0,1
2026-09-02 04:57:49,Phome1,Music Track: Wilderness 2,0,1
2026-09-02 04:57:49,Phome1,Music Track: Wilderness 3,0,1
2026-09-02 04:57:49,Phome1,Music Track: Wildwood,0,1
2026-09-02 04:57:49,Phome1,Music Track: Winter Funfair,0,0
2026-09-02 04:57:49,Phome1,Music Track: Witching,0,1
2026-09-02 04:57:49,Phome1,Music Track: Woe of the Wyvern,0,0
2026-09-02 04:57:49,Phome1,Music Track: Wonder,0,1
2026-09-02 04:57:49,Phome1,Music Track: Wonderous,0,1
2026-09-02 04:57:49,Phome1,Music Track: Woodland,0,1
2026-09-02 04:57:49,Phome1,Music Track: Work Work Work,0,1
2026-09-02 04:57:49,Phome1,Music Track: Workshop,0,1
2026-09-02 04:57:49,Phome1,Music Track: A Worthy Foe,0,0
2026-09-02 04:57:49,Phome1,Music Track: Wrath and Ruin,0,1
2026-09-02 04:57:49,Phome1,Music Track: Xenophobe,0,0
2026-09-02 04:57:49,Phome1,Music Track: Yesteryear,0,1
2026-09-02 04:57:49,Phome1,Music Track: Yo Ho Ho!,0,1
2026-09-02 04:57:49,Phome1,Music Track: You Have My Attention,0,1
2026-09-02 04:57:49,Phome1,Music Track: Zamorak Zoo,0,0
2026-09-02 04:57:49,Phome1,Music Track: Zanik's Theme,0,0
2026-09-02 04:57:49,Phome1,Music Track: Zaros Zeitgeist,0,0
2026-09-02 04:57:49,Phome1,Music Track: Zealot,0,1
2026-09-02 04:57:49,Phome1,Music Track: Zogre Dance,0,1
2026-09-02 04:57:49,Phome1,Music Track: Zombie Invasion,0,0
2026-09-02 04:57:49,Phome1,Music Track: Zombiism,0,1
2026-09-02 04:57:49,Darallax,Quest: A Kingdom Divided,0,0
2026-09-02 04:57:49,Darallax,Quest: A Night at the Theatre,0,0
2026-09-02 04:57:49,Darallax,Quest: A Porcine of Interest,0,2
2026-09-02 04:57:49,Darallax,Quest: A Soul's Bane,0,2
2026-09-02 04:57:49,Darallax,Quest: A Tail of Two Cats,0,0
2026-09-02 04:57:49,Darallax,Quest: A Taste of Hope,0,2
2026-09-02 04:57:49,Darallax,Quest: Alfred Grimhand's Barcrawl,0,2
2026-09-02 04:57:49,Darallax,Quest: Animal Magnetism,0,2
2026-09-02 04:57:49,Darallax,Quest: Another Slice of H.A.M.,0,2
2026-09-02 04:57:49,Darallax,Quest: At First Light,0,0
2026-09-02 04:57:49,Darallax,Quest: Barbarian Training,0,0
2026-09-02 04:57:49,Darallax,Quest: Bear Your Soul,0,0
2026-09-02 04:57:49,Darallax,Quest: Below Ice Mountain,0,2
2026-09-02 04:57:49,Darallax,Quest: Beneath Cursed Sands,0,0
2026-09-02 04:57:49,Darallax,Quest: Between a Rock...,0,0
2026-09-02 04:57:49,Darallax,Quest: Bone Voyage,0,2
2026-09-02 04:57:49,Darallax,Quest: Children of the Sun,0,2
2026-09-02 04:57:49,Darallax,Quest: Client of Kourend,0,2
2026-09-02 04:57:49,Darallax,Quest: Cold War,0,0
2026-09-02 04:57:49,Darallax,Quest: Contact!,0,0
2026-09-02 04:57:49,Darallax,Quest: Creature of Fenkenstrain,0,2
2026-09-02 04:57:49,Darallax,Quest: Current Affairs,0,0
2026-09-02 04:57:49,Darallax,Quest: Curse of the Empty Lord,0,0
2026-09-02 04:57:49,Darallax,Quest: Daddy's Home,0,2
2026-09-02 04:57:49,Darallax,Quest: Darkness of Hallowvale,0,2
2026-09-02 04:57:49,Darallax,Quest: Death on the Isle,0,0
2026-09-02 04:57:49,Darallax,Quest: Death to the Dorgeshuun,0,2
2026-09-02 04:57:49,Darallax,Quest: Defender of Varrock,0,0
2026-09-02 04:57:49,Darallax,Quest: Demon Slayer,0,2
2026-09-02 04:57:49,Darallax,Quest: Desert Treasure I,0,0
2026-09-02 04:57:49,Darallax,Quest: Desert Treasure II - The Fallen Empire,0,0
2026-09-02 04:57:49,Darallax,Quest: Devious Minds,0,0
2026-09-02 04:57:49,Darallax,Quest: Dragon Slayer II,0,0
2026-09-02 04:57:49,Darallax,Quest: Dream Mentor,0,0
2026-09-02 04:57:49,Darallax,Quest: Eagles' Peak,0,0
2026-09-02 04:57:49,Darallax,Quest: Elemental Workshop I,0,2
2026-09-02 04:57:49,Darallax,Quest: Elemental Workshop II,0,2
2026-09-02 04:57:49,Darallax,Quest: Enakhra's Lament,0,0
2026-09-02 04:57:49,Darallax,Quest: Enlightened Journey,0,2
2026-09-02 04:57:49,Darallax,Quest: Ethically Acquired Antiquities,0,0
2026-09-02 04:57:49,Darallax,Quest: Fairytale I - Growing Pains,0,2
2026-09-02 04:57:49,Darallax,Quest: Fairytale II - Cure a Queen,0,1
2026-09-02 04:57:49,Darallax,Quest: Family Pest,0,0
2026-09-02 04:57:49,Darallax,Quest: Forgettable Tale...,0,0
2026-09-02 04:57:49,Darallax,Quest: Garden of Tranquillity,0,2
2026-09-02 04:57:49,Darallax,Quest: Getting Ahead,0,0
2026-09-02 04:57:49,Darallax,Quest: Ghosts Ahoy,0,2
2026-09-02 04:57:49,Darallax,Quest: Goblin Diplomacy,0,2
2026-09-02 04:57:49,Darallax,Quest: Grim Tales,0,0
2026-09-02 04:57:49,Darallax,Quest: His Faithful Servants,0,2
2026-09-02 04:57:49,Darallax,Quest: Hopespear's Will,0,0
2026-09-02 04:57:49,Darallax,Quest: Horror from the Deep,0,2
2026-09-02 04:57:49,Darallax,Quest: Icthlarin's Little Helper,0,2
2026-09-02 04:57:49,Darallax,Quest: In Aid of the Myreque,0,2
2026-09-02 04:57:49,Darallax,Quest: In Search of Knowledge,0,0
2026-09-02 04:57:49,Darallax,Quest: Into the Tombs,0,0
2026-09-02 04:57:49,Darallax,Quest: King's Ransom,0,2
2026-09-02 04:57:49,Darallax,Quest: Lair of Tarn Razorlor,0,0
2026-09-02 04:57:49,Darallax,Quest: Land of the Goblins,0,0
2026-09-02 04:57:49,Darallax,Quest: Lunar Diplomacy,0,0
2026-09-02 04:57:49,Darallax,Quest: Mage Arena II,0,0
2026-09-02 04:57:49,Darallax,Quest: Making Friends with My Arm,0,0
2026-09-02 04:57:49,Darallax,Quest: Making History,0,2
2026-09-02 04:57:49,Darallax,Quest: Meat and Greet,0,0
2026-09-02 04:57:49,Darallax,Quest: Misthalin Mystery,0,2
2026-09-02 04:57:49,Darallax,Quest: Monkey Madness II,0,0
2026-09-02 04:57:49,Darallax,Quest: Mountain Daughter,0,2
2026-09-02 04:57:49,Darallax,Quest: Mourning's End Part II,0,2
2026-09-02 04:57:49,Darallax,Quest: My Arm's Big Adventure,0,0
2026-09-02 04:57:49,Darallax,Quest: Olaf's Quest,0,0
2026-09-02 04:57:49,Darallax,Quest: Pandemonium,0,2
2026-09-02 04:57:49,Darallax,Quest: Perilous Moons,0,0
2026-09-02 04:57:49,Darallax,Quest: Prying Times,0,2
2026-09-02 04:57:49,Darallax,Quest: Ratcatchers,0,0
2026-09-02 04:57:49,Darallax,Quest: Recipe for Disaster,0,1
2026-09-02 04:57:49,Darallax,Quest: Recipe for Disaster - Another Cook's Quest,0,2
2026-09-02 04:57:49,Darallax,Quest: Recipe for Disaster - Culinaromancer,0,0
2026-09-02 04:57:49,Darallax,Quest: Recipe for Disaster - Evil Dave,0,1
2026-09-02 04:57:49,Darallax,Quest: Recipe for Disaster - King Awowogei,0,0
2026-09-02 04:57:49,Darallax,Quest: Recipe for Disaster - Lumbridge Guide,0,0
2026-09-02 04:57:49,Darallax,Quest: Recipe for Disaster - Mountain Dwarf,0,2
2026-09-02 04:57:49,Darallax,Quest: Recipe for Disaster - Pirate Pete,0,0
2026-09-02 04:57:49,Darallax,Quest: Recipe for Disaster - Sir Amik Varze,0,0
2026-09-02 04:57:49,Darallax,Quest: Recipe for Disaster - Skrach Uglogwee,0,0
2026-09-02 04:57:49,Darallax,Quest: Recipe for Disaster - Wartface & Bentnoze,0,2
2026-09-02 04:57:49,Darallax,Quest: Recruitment Drive,0,2
2026-09-02 04:57:49,Darallax,Quest: Royal Trouble,0,0
2026-09-02 04:57:49,Darallax,Quest: Scrambled!,0,0
2026-09-02 04:57:49,Darallax,Quest: Secrets of the North,0,0
2026-09-02 04:57:49,Darallax,Quest: Shadow of the Storm,0,2
2026-09-02 04:57:49,Darallax,Quest: Shadows of Custodia,0,0
2026-09-02 04:57:49,Darallax,Quest: Shield of Arrav,0,2
2026-09-02 04:57:49,Darallax,Quest: Sins of the Father,0,1
2026-09-02 04:57:49,Darallax,Quest: Skippy and the Mogres,0,0
2026-09-02 04:57:49,Darallax,Quest: Sleeping Giants,0,2
2026-09-02 04:57:49,Darallax,Quest: Song of the Elves,0,0
2026-09-02 04:57:49,Darallax,Quest: Spirits of the Elid,0,0
2026-09-02 04:57:49,Darallax,Quest: Swan Song,0,0
2026-09-02 04:57:49,Darallax,Quest: Tale of the Righteous,0,2
2026-09-02 04:57:49,Darallax,Quest: Tears of Guthix,0,0
2026-09-02 04:57:49,Darallax,Quest: Temple of the Eye,0,2
2026-09-02 04:57:49,Darallax,Quest: The Ascent of Arceuus,0,0
2026-09-02 04:57:49,Darallax,Quest: The Blood Moon Rises,0,0
2026-09-02 04:57:49,Darallax,Quest: The Corsair Curse,0,2
2026-09-02 04:57:49,Darallax,Quest: The Curse of Arrav,0,0
2026-09-02 04:57:49,Darallax,Quest: The Depths of Despair,0,2
2026-09-02 04:57:49,Darallax,Quest: The Enchanted Key,0,1
2026-09-02 04:57:49,Darallax,Quest: The Eyes of Glouphrie,0,0
2026-09-02 04:57:49,Darallax,Quest: The Feud,0,2
2026-09-02 04:57:49,Darallax,Quest: The Final Dawn,0,0
2026-09-02 04:57:49,Darallax,Quest: The Forsaken Tower,0,2
2026-09-02 04:57:49,Darallax,Quest: The Fremennik Exiles,0,0
2026-09-02 04:57:49,Darallax,Quest: The Fremennik Isles,0,2
2026-09-02 04:57:49,Darallax,Quest: The Frozen Door,0,0
2026-09-02 04:57:49,Darallax,Quest: The Garden of Death,0,2
2026-09-02 04:57:49,Darallax,Quest: The General's Shadow,0,0
2026-09-02 04:57:49,Darallax,Quest: The Giant Dwarf,0,2
2026-09-02 04:57:49,Darallax,Quest: The Golem,0,2
2026-09-02 04:57:49,Darallax,Quest: The Hand in the Sand,0,0
2026-09-02 04:57:49,Darallax,Quest: The Heart of Darkness,0,0
2026-09-02 04:57:49,Darallax,Quest: The Ides of Milk,0,2
2026-09-02 04:57:49,Darallax,Quest: The Lost Tribe,0,2
2026-09-02 04:57:49,Darallax,Quest: The Path of Glouphrie,0,0
2026-09-02 04:57:49,Darallax,Quest: The Queen of Thieves,0,2
2026-09-02 04:57:49,Darallax,Quest: The Red Reef,0,0
2026-09-02 04:57:49,Darallax,Quest: The Ribbiting Tale of a Lily Pad Labour Dispute,0,2
2026-09-02 04:57:49,Darallax,Quest: The Slug Menace,0,0
2026-09-02 04:57:49,Darallax,Quest: Tower of Life,0,2
2026-09-02 04:57:49,Darallax,Quest: Troubled Tortugans,0,0
2026-09-02 04:57:49,Darallax,Quest: Twilight's Promise,0,0
2026-09-02 04:57:49,Darallax,Quest: Vale Totems,0,0
2026-09-02 04:57:49,Darallax,Quest: Wanted!,0,2
2026-09-02 04:57:49,Darallax,Quest: What Lies Below,0,2
2026-09-02 04:57:49,Darallax,Quest: While Guthix Sleeps,0,0
2026-09-02 04:57:49,Darallax,Quest: X Marks the Spot,0,2
2026-09-02 04:57:49,Darallax,Quest: Zogre Flesh Eaters,0,2
2026-09-02 04:57:49,Darallax,Quest: Big Chompy Bird Hunting,0,2
2026-09-02 04:57:49,Darallax,Quest: Biohazard,0,2
2026-09-02 04:57:49,Darallax,Quest: Black Knights' Fortress,0,2
2026-09-02 04:57:49,Darallax,Quest: Cabin Fever,0,0
2026-09-02 04:57:49,Darallax,Quest: Clock Tower,0,2
2026-09-02 04:57:49,Darallax,Quest: Cook's Assistant,0,2
2026-09-02 04:57:49,Darallax,Quest: Death Plateau,0,2
2026-09-02 04:57:49,Darallax,Quest: Doric's Quest,0,2
2026-09-02 04:57:49,Darallax,Quest: Dragon Slayer I,0,2
2026-09-02 04:57:49,Darallax,Quest: Druidic Ritual,0,2
2026-09-02 04:57:49,Darallax,Quest: Dwarf Cannon,0,2
2026-09-02 04:57:49,Darallax,Quest: Eadgar's Ruse,0,0
2026-09-02 04:57:49,Darallax,Quest: Enter the Abyss,0,2
2026-09-02 04:57:49,Darallax,Quest: Ernest the Chicken,0,2
2026-09-02 04:57:49,Darallax,Quest: Family Crest,0,2
2026-09-02 04:57:49,Darallax,Quest: Fight Arena,0,2
2026-09-02 04:57:49,Darallax,Quest: Fishing Contest,0,2
2026-09-02 04:57:49,Darallax,Quest: Gertrude's Cat,0,2
2026-09-02 04:57:49,Darallax,Quest: Haunted Mine,0,0
2026-09-02 04:57:49,Darallax,Quest: Hazeel Cult,0,2
2026-09-02 04:57:49,Darallax,Quest: Heroes' Quest,0,2
2026-09-02 04:57:49,Darallax,Quest: Holy Grail,0,2
2026-09-02 04:57:49,Darallax,Quest: Imp Catcher,0,2
2026-09-02 04:57:49,Darallax,Quest: In Search of the Myreque,0,2
2026-09-02 04:57:49,Darallax,Quest: Jungle Potion,0,2
2026-09-02 04:57:49,Darallax,Quest: Learning the Ropes,0,2
2026-09-02 04:57:49,Darallax,Quest: Legends' Quest,0,0
2026-09-02 04:57:49,Darallax,Quest: Lost City,0,2
2026-09-02 04:57:49,Darallax,Quest: Mage Arena I,0,0
2026-09-02 04:57:49,Darallax,Quest: Merlin's Crystal,0,2
2026-09-02 04:57:49,Darallax,Quest: Monk's Friend,0,2
2026-09-02 04:57:49,Darallax,Quest: Monkey Madness I,0,2
2026-09-02 04:57:49,Darallax,Quest: Mourning's End Part I,0,2
2026-09-02 04:57:49,Darallax,Quest: Murder Mystery,0,2
2026-09-02 04:57:49,Darallax,Quest: Nature Spirit,0,2
2026-09-02 04:57:49,Darallax,Quest: Observatory Quest,0,2
2026-09-02 04:57:49,Darallax,Quest: One Small Favour,0,2
2026-09-02 04:57:49,Darallax,Quest: Pirate's Treasure,0,2
2026-09-02 04:57:49,Darallax,Quest: Plague City,0,2
2026-09-02 04:57:49,Darallax,Quest: Priest in Peril,0,2
2026-09-02 04:57:49,Darallax,Quest: Prince Ali Rescue,0,2
2026-09-02 04:57:49,Darallax,Quest: Rag and Bone Man I,0,2
2026-09-02 04:57:49,Darallax,Quest: Rag and Bone Man II,0,1
2026-09-02 04:57:49,Darallax,Quest: Regicide,0,2
2026-09-02 04:57:49,Darallax,Quest: Romeo & Juliet,0,2
2026-09-02 04:57:49,Darallax,Quest: Roving Elves,0,2
2026-09-02 04:57:49,Darallax,Quest: Rum Deal,0,0
2026-09-02 04:57:49,Darallax,Quest: Rune Mysteries,0,2
2026-09-02 04:57:49,Darallax,Quest: Scorpion Catcher,0,2
2026-09-02 04:57:49,Darallax,Quest: Sea Slug,0,0
2026-09-02 04:57:49,Darallax,Quest: Shades of Mort'ton,0,2
2026-09-02 04:57:49,Darallax,Quest: Sheep Herder,0,2
2026-09-02 04:57:49,Darallax,Quest: Sheep Shearer,0,2
2026-09-02 04:57:49,Darallax,Quest: Shilo Village,0,2
2026-09-02 04:57:49,Darallax,Quest: Tai Bwo Wannai Trio,0,2
2026-09-02 04:57:49,Darallax,Quest: Temple of Ikov,0,0
2026-09-02 04:57:49,Darallax,Quest: The Dig Site,0,2
2026-09-02 04:57:49,Darallax,Quest: The Fremennik Trials,0,2
2026-09-02 04:57:49,Darallax,Quest: The Grand Tree,0,2
2026-09-02 04:57:49,Darallax,Quest: The Great Brain Robbery,0,0
2026-09-02 04:57:49,Darallax,Quest: The Knight's Sword,0,2
2026-09-02 04:57:49,Darallax,Quest: The Restless Ghost,0,2
2026-09-02 04:57:49,Darallax,Quest: The Tourist Trap,0,2
2026-09-02 04:57:49,Darallax,Quest: Throne of Miscellania,0,0
2026-09-02 04:57:49,Darallax,Quest: Tree Gnome Village,0,2
2026-09-02 04:57:49,Darallax,Quest: Tribal Totem,0,2
2026-09-02 04:57:49,Darallax,Quest: Troll Romance,0,2
2026-09-02 04:57:49,Darallax,Quest: Troll Stronghold,0,2
2026-09-02 04:57:49,Darallax,Quest: Underground Pass,0,2
2026-09-02 04:57:49,Darallax,Quest: Vampyre Slayer,0,2
2026-09-02 04:57:49,Darallax,Quest: Watchtower,0,0
2026-09-02 04:57:49,Darallax,Quest: Waterfall Quest,0,2
2026-09-02 04:57:49,Darallax,Quest: Witch's House,0,2
2026-09-02 04:57:49,Darallax,Quest: Witch's Potion,0,2
2026-09-02 04:57:49,Darallax,Diary: Ardougne (Easy),0,1
2026-09-02 04:57:49,Darallax,Diary: Ardougne (Elite),0,0
2026-09-02 04:57:49,Darallax,Diary: Ardougne (Hard),0,0
2026-09-02 04:57:49,Darallax,Diary: Ardougne (Medium),0,0
2026-09-02 04:57:49,Darallax,Diary: Desert (Easy),0,1
2026-09-02 04:57:49,Darallax,Diary: Desert (Elite),0,0
2026-09-02 04:57:49,Darallax,Diary: Desert (Hard),0,0
2026-09-02 04:57:49,Darallax,Diary: Desert (Medium),0,0
2026-09-02 04:57:49,Darallax,Diary: Falador (Easy),0,1
2026-09-02 04:57:49,Darallax,Diary: Falador (Elite),0,0
2026-09-02 04:57:49,Darallax,Diary: Falador (Hard),0,0
2026-09-02 04:57:49,Darallax,Diary: Falador (Medium),0,0
2026-09-02 04:57:49,Darallax,Diary: Fremennik (Easy),0,1
2026-09-02 04:57:49,Darallax,Diary: Fremennik (Elite),0,0
2026-09-02 04:57:49,Darallax,Diary: Fremennik (Hard),0,0
2026-09-02 04:57:49,Darallax,Diary: Fremennik (Medium),0,0
2026-09-02 04:57:49,Darallax,Diary: Kandarin (Easy),0,1
2026-09-02 04:57:49,Darallax,Diary: Kandarin (Elite),0,0
2026-09-02 04:57:49,Darallax,Diary: Kandarin (Hard),0,0
2026-09-02 04:57:49,Darallax,Diary: Kandarin (Medium),0,0
2026-09-02 04:57:49,Darallax,Diary: Karamja (Easy),0,1
2026-09-02 04:57:49,Darallax,Diary: Karamja (Elite),0,0
2026-09-02 04:57:49,Darallax,Diary: Karamja (Hard),0,0
2026-09-02 04:57:49,Darallax,Diary: Karamja (Medium),0,0
2026-09-02 04:57:49,Darallax,Diary: Kourend & Kebos (Easy),0,1
2026-09-02 04:57:49,Darallax,Diary: Kourend & Kebos (Elite),0,0
2026-09-02 04:57:49,Darallax,Diary: Kourend & Kebos (Hard),0,0
2026-09-02 04:57:49,Darallax,Diary: Kourend & Kebos (Medium),0,0
2026-09-02 04:57:49,Darallax,Diary: Lumbridge & Draynor (Easy),0,1
2026-09-02 04:57:49,Darallax,Diary: Lumbridge & Draynor (Elite),0,0
2026-09-02 04:57:49,Darallax,Diary: Lumbridge & Draynor (Hard),0,0
2026-09-02 04:57:49,Darallax,Diary: Lumbridge & Draynor (Medium),0,0
2026-09-02 04:57:49,Darallax,Diary: Morytania (Easy),0,1
2026-09-02 04:57:49,Darallax,Diary: Morytania (Elite),0,0
2026-09-02 04:57:49,Darallax,Diary: Morytania (Hard),0,0
2026-09-02 04:57:49,Darallax,Diary: Morytania (Medium),0,0
2026-09-02 04:57:49,Darallax,Diary: Varrock (Easy),0,1
2026-09-02 04:57:49,Darallax,Diary: Varrock (Elite),0,0
2026-09-02 04:57:49,Darallax,Diary: Varrock (Hard),0,0
2026-09-02 04:57:49,Darallax,Diary: Varrock (Medium),0,1
2026-09-02 04:57:49,Darallax,Diary: Western Provinces (Easy),0,1
2026-09-02 04:57:49,Darallax,Diary: Western Provinces (Elite),0,0
2026-09-02 04:57:49,Darallax,Diary: Western Provinces (Hard),0,0
2026-09-02 04:57:49,Darallax,Diary: Western Provinces (Medium),0,1
2026-09-02 04:57:49,Darallax,Diary: Wilderness (Easy),0,1
2026-09-02 04:57:49,Darallax,Diary: Wilderness (Elite),0,0
2026-09-02 04:57:49,Darallax,Diary: Wilderness (Hard),0,0
2026-09-02 04:57:49,Darallax,Diary: Wilderness (Medium),0,0
2026-09-02 04:57:49,Darallax,Combat Achievement: 28,0,1
2026-09-02 04:57:49,Darallax,Combat Achievement: 80,0,1
2026-09-02 04:57:49,Darallax,Combat Achievement: 122,0,1
2026-09-02 04:57:49,Darallax,Combat Achievement: 353,0,1
2026-09-02 04:57:49,Darallax,Combat Achievement: 354,0,1
2026-09-02 04:57:49,Darallax,Combat Achievement: 356,0,1
2026-09-02 04:57:49,Darallax,Combat Achievement: 357,0,1
2026-09-02 04:57:49,Darallax,Combat Achievement: 359,0,1
2026-09-02 04:57:49,Darallax,Music Track: 7th Realm,0,0
2026-09-02 04:57:49,Darallax,Music Track: Adventure,0,1
2026-09-02 04:57:49,Darallax,Music Track: Al Kharid,0,1
2026-09-02 04:57:49,Darallax,Music Track: Alchemical Attack!,0,0
2026-09-02 04:57:49,Darallax,Music Track: All Aboard,0,1
2026-09-02 04:57:49,Darallax,Music Track: All the Trimmings,0,0
2026-09-02 04:57:49,Darallax,Music Track: All's Fairy in Love & War,0,1
2026-09-02 04:57:49,Darallax,Music Track: Alone,0,1
2026-09-02 04:57:49,Darallax,Music Track: Altar Ego,0,0
2026-09-02 04:57:49,Darallax,Music Track: Alternative Root,0,0
2026-09-02 04:57:49,Darallax,Music Track: Amascut's Promise,0,0
2026-09-02 04:57:49,Darallax,Music Track: Ambient Jungle,0,1
2026-09-02 04:57:49,Darallax,Music Track: The Ancient Prison,0,0
2026-09-02 04:57:49,Darallax,Music Track: The Angel's Fury,0,0
2026-09-02 04:57:49,Darallax,Music Track: Anywhere,0,1
2026-09-02 04:57:49,Darallax,Music Track: Ape-ex Predator,0,0
2026-09-02 04:57:49,Darallax,Music Track: Arabian,0,1
2026-09-02 04:57:49,Darallax,Music Track: Arabian 2,0,1
2026-09-02 04:57:49,Darallax,Music Track: Arabian 3,0,1
2026-09-02 04:57:49,Darallax,Music Track: Arabique,0,1
2026-09-02 04:57:49,Darallax,Music Track: Arachnids of Vampyrium,0,0
2026-09-02 04:57:49,Darallax,Music Track: Arboretum,0,1
2026-09-02 04:57:49,Darallax,Music Track: Arcane,0,1
2026-09-02 04:57:49,Darallax,Music Track: Architects of Prifddinas,0,0
2026-09-02 04:57:49,Darallax,Music Track: Are You Not Entertained?,0,0
2026-09-02 04:57:49,Darallax,Music Track: Armadyl Alliance,0,0
2026-09-02 04:57:49,Darallax,Music Track: Armageddon,0,0
2026-09-02 04:57:49,Darallax,Music Track: Army of Darkness,0,1
2026-09-02 04:57:49,Darallax,Music Track: Arrival,0,1
2026-09-02 04:57:49,Darallax,Music Track: Artistry,0,1
2026-09-02 04:57:49,Darallax,Music Track: Ascent,0,1
2026-09-02 04:57:49,Darallax,Music Track: Assault and Battery,0,1
2026-09-02 04:57:49,Darallax,Music Track: Attack 1,0,1
2026-09-02 04:57:49,Darallax,Music Track: Attack 2,0,1
2026-09-02 04:57:49,Darallax,Music Track: Attack 3,0,1
2026-09-02 04:57:49,Darallax,Music Track: Attack 4,0,1
2026-09-02 04:57:49,Darallax,Music Track: Attack 5,0,1
2026-09-02 04:57:49,Darallax,Music Track: Attack 6,0,1
2026-09-02 04:57:49,Darallax,Music Track: Attention,0,1
2026-09-02 04:57:49,Darallax,Music Track: Autumn Voyage,0,1
2026-09-02 04:57:49,Darallax,Music Track: Awful Anthem,0,0
2026-09-02 04:57:49,Darallax,Music Track: Aye Car Rum Ba,0,0
2026-09-02 04:57:49,Darallax,Music Track: Aztec,0,1
2026-09-02 04:57:49,Darallax,Music Track: Back to Life,0,0
2026-09-02 04:57:49,Darallax,Music Track: Background,0,1
2026-09-02 04:57:49,Darallax,Music Track: Bait,0,1
2026-09-02 04:57:49,Darallax,Music Track: Ballad of Enchantment,0,1
2026-09-02 04:57:49,Darallax,Music Track: Ballad of the Basilisk,0,0
2026-09-02 04:57:49,Darallax,Music Track: Bandit Camp,0,0
2026-09-02 04:57:49,Darallax,Music Track: Bandos Battalion,0,0
2026-09-02 04:57:49,Darallax,Music Track: Bane,0,0
2026-09-02 04:57:49,Darallax,Music Track: The Bane of Ashihama,0,0
2026-09-02 04:57:49,Darallax,Music Track: Barb Wire,0,0
2026-09-02 04:57:49,Darallax,Music Track: Barbarian Workout,0,1
2026-09-02 04:57:49,Darallax,Music Track: Barbarianism,0,1
2026-09-02 04:57:49,Darallax,Music Track: Barking Mad,0,0
2026-09-02 04:57:49,Darallax,Music Track: Baroque,0,1
2026-09-02 04:57:49,Darallax,Music Track: Barren Land,0,0
2026-09-02 04:57:49,Darallax,Music Track: Beetle Juice,0,0
2026-09-02 04:57:49,Darallax,Music Track: Below the Conch,0,0
2026-09-02 04:57:49,Darallax,Music Track: Beneath Cursed Sands,0,0
2026-09-02 04:57:49,Darallax,Music Track: Beneath the Kingdom,0,1
2026-09-02 04:57:49,Darallax,Music Track: Beneath the Stronghold,0,0
2026-09-02 04:57:49,Darallax,Music Track: Beyond,0,1
2026-09-02 04:57:49,Darallax,Music Track: Beyond the Meadow,0,1
2026-09-02 04:57:49,Darallax,Music Track: Big Chords,0,1
2026-09-02 04:57:49,Darallax,Music Track: Black of Knight,0,0
2026-09-02 04:57:49,Darallax,Music Track: Blistering Barnacles,0,0
2026-09-02 04:57:49,Darallax,Music Track: The Blood Moon Rises,0,0
2026-09-02 04:57:49,Darallax,Music Track: Blood Rush,0,0
2026-09-02 04:57:49,Darallax,Music Track: Bloodbath,0,1
2026-09-02 04:57:49,Darallax,Music Track: Boat 'Em Up,0,0
2026-09-02 04:57:49,Darallax,Music Track: Bob's on Holiday,0,0
2026-09-02 04:57:49,Darallax,Music Track: Body Parts,0,1
2026-09-02 04:57:49,Darallax,Music Track: Bolrie's Diary,0,0
2026-09-02 04:57:49,Darallax,Music Track: Bone Dance,0,1
2026-09-02 04:57:49,Darallax,Music Track: Bone Dry,0,0
2026-09-02 04:57:49,Darallax,Music Track: Book of Spells,0,1
2026-09-02 04:57:49,Darallax,Music Track: Borderland,0,1
2026-09-02 04:57:49,Darallax,Music Track: Boss Moosic,0,1
2026-09-02 04:57:49,Darallax,Music Track: Box of Delights,0,0
2026-09-02 04:57:49,Darallax,Music Track: Brain Battle,0,0
2026-09-02 04:57:49,Darallax,Music Track: Breeze,0,1
2026-09-02 04:57:49,Darallax,Music Track: Brew Hoo Hoo!,0,0
2026-09-02 04:57:49,Darallax,Music Track: The Bridge,0,0
2026-09-02 04:57:49,Darallax,Music Track: Brimstail's Scales,0,1
2026-09-02 04:57:49,Darallax,Music Track: Bubble and Squeak,0,0
2026-09-02 04:57:49,Darallax,Music Track: Bunny's Sugar Rush,0,0
2026-09-02 04:57:49,Darallax,Music Track: Burning Desire,0,1
2026-09-02 04:57:49,Darallax,Music Track: The Burning Sun,0,1
2026-09-02 04:57:49,Darallax,Music Track: Business as Unusual,0,0
2026-09-02 04:57:49,Darallax,Music Track: Cabin Fever,0,0
2026-09-02 04:57:49,Darallax,Music Track: Cain's Tutorial,0,1
2026-09-02 04:57:49,Darallax,Music Track: Call of the Tlati,0,1
2026-09-02 04:57:49,Darallax,Music Track: Camelot,0,1
2026-09-02 04:57:49,Darallax,Music Track: Cannonballin',0,0
2026-09-02 04:57:49,Darallax,Music Track: Castle Drakan,0,0
2026-09-02 04:57:49,Darallax,Music Track: Castle Wars,0,0
2026-09-02 04:57:49,Darallax,Music Track: Catacombs and Tombs,0,0
2026-09-02 04:57:49,Darallax,Music Track: Catch Me If You Can,0,0
2026-09-02 04:57:49,Darallax,Music Track: Cave Background,0,1
2026-09-02 04:57:49,Darallax,Music Track: Cave of Beasts,0,1
2026-09-02 04:57:49,Darallax,Music Track: Cave of the Goblins,0,1
2026-09-02 04:57:49,Darallax,Music Track: Cavern,0,0
2026-09-02 04:57:49,Darallax,Music Track: The Cellar Dwellers,0,1
2026-09-02 04:57:49,Darallax,Music Track: Cellar Song,0,0
2026-09-02 04:57:49,Darallax,Music Track: Chain of Command,0,0
2026-09-02 04:57:49,Darallax,Music Track: Chamber,0,0
2026-09-02 04:57:49,Darallax,Music Track: Chef Surprise,0,0
2026-09-02 04:57:49,Darallax,Music Track: Chickened Out,0,0
2026-09-02 04:57:49,Darallax,Music Track: Children of the Sun,0,1
2026-09-02 04:57:49,Darallax,Music Track: Chompy Hunt,0,1
2026-09-02 04:57:49,Darallax,Music Track: The Chosen,0,1
2026-09-02 04:57:49,Darallax,Music Track: The City of Sun,0,1
2026-09-02 04:57:49,Darallax,Music Track: City of the Dead,0,1
2026-09-02 04:57:49,Darallax,Music Track: Clan Wars,0,0
2026-09-02 04:57:49,Darallax,Music Track: Clanliness,0,0
2026-09-02 04:57:49,Darallax,Music Track: Claustrophobia,0,0
2026-09-02 04:57:49,Darallax,Music Track: Close Quarters,0,1
2026-09-02 04:57:49,Darallax,Music Track: Coil,0,0
2026-09-02 04:57:49,Darallax,Music Track: Colossus of the Deep,0,0
2026-09-02 04:57:49,Darallax,Music Track: Competition,0,1
2026-09-02 04:57:49,Darallax,Music Track: Complication,0,1
2026-09-02 04:57:49,Darallax,Music Track: Confrontation,0,0
2026-09-02 04:57:49,Darallax,Music Track: The Consortium,0,1
2026-09-02 04:57:49,Darallax,Music Track: Conspiracy,0,1
2026-09-02 04:57:49,Darallax,Music Track: Contest,0,1
2026-09-02 04:57:49,Darallax,Music Track: Corporal Punishment,0,1
2026-09-02 04:57:49,Darallax,Music Track: Corridors of Power,0,0
2026-09-02 04:57:49,Darallax,Music Track: Country Jig,0,1
2026-09-02 04:57:49,Darallax,Music Track: Courage,0,1
2026-09-02 04:57:49,Darallax,Music Track: Crashing Waves,0,0
2026-09-02 04:57:49,Darallax,Music Track: Creature Cruelty,0,1
2026-09-02 04:57:49,Darallax,Music Track: Creatures of Varlamore,0,1
2026-09-02 04:57:49,Darallax,Music Track: Creeping Vines,0,0
2026-09-02 04:57:49,Darallax,Music Track: Crest of a Wave,0,1
2026-09-02 04:57:49,Darallax,Music Track: Crystal Castle,0,1
2026-09-02 04:57:49,Darallax,Music Track: Crystal Cave,0,1
2026-09-02 04:57:49,Darallax,Music Track: Crystal Sword,0,1
2026-09-02 04:57:49,Darallax,Music Track: Cursed,0,1
2026-09-02 04:57:49,Darallax,Music Track: The Curtain Closes,0,0
2026-09-02 04:57:49,Darallax,Music Track: Dagannoth Dawn,0,0
2026-09-02 04:57:49,Darallax,Music Track: Dance of Death,0,1
2026-09-02 04:57:49,Darallax,Music Track: Dance of the Meilyr,0,0
2026-09-02 04:57:49,Darallax,Music Track: Dance of the Nylocas,0,0
2026-09-02 04:57:49,Darallax,Music Track: Dance of the Undead,0,1
2026-09-02 04:57:49,Darallax,Music Track: Dangerous,0,1
2026-09-02 04:57:49,Darallax,Music Track: A Dangerous Game,0,0
2026-09-02 04:57:49,Darallax,Music Track: Dangerous Logic,0,0
2026-09-02 04:57:49,Darallax,Music Track: Dangerous Road,0,1
2026-09-02 04:57:49,Darallax,Music Track: Dangerous Way,0,1
2026-09-02 04:57:49,Darallax,Music Track: Dark,0,1
2026-09-02 04:57:49,Darallax,Music Track: The Dark Beast Sotetseg,0,0
2026-09-02 04:57:49,Darallax,Music Track: Darkly Altared,0,0
2026-09-02 04:57:49,Darallax,Music Track: Darkmeyer,0,1
2026-09-02 04:57:49,Darallax,Music Track: Darkness in the Depths,0,0
2026-09-02 04:57:49,Darallax,Music Track: Davy Jones' Locker,0,0
2026-09-02 04:57:49,Darallax,Music Track: Dawn,0,0
2026-09-02 04:57:49,Darallax,Music Track: Dead Can Dance,0,1
2026-09-02 04:57:49,Darallax,Music Track: Dead Quiet,0,1
2026-09-02 04:57:49,Darallax,Music Track: Deadlands,0,1
2026-09-02 04:57:49,Darallax,Music Track: Deep Down,0,0
2026-09-02 04:57:49,Darallax,Music Track: Deep Wildy,0,1
2026-09-02 04:57:49,Darallax,Music Track: Delrith,0,1
2026-09-02 04:57:49,Darallax,Music Track: The Depths,0,0
2026-09-02 04:57:49,Darallax,Music Track: Desert Heat,0,1
2026-09-02 04:57:49,Darallax,Music Track: Desert Voyage,0,1
2026-09-02 04:57:49,Darallax,Music Track: The Desert,0,1
2026-09-02 04:57:49,Darallax,Music Track: The Desolate Isle,0,1
2026-09-02 04:57:49,Darallax,Music Track: The Desolate Mage,0,0
2026-09-02 04:57:49,Darallax,Music Track: A Desolate Past,0,0
2026-09-02 04:57:49,Darallax,Music Track: Devils May Care,0,0
2026-09-02 04:57:49,Darallax,Music Track: Diango's Little Helpers,0,0
2026-09-02 04:57:49,Darallax,Music Track: Dies Irae,0,0
2026-09-02 04:57:49,Darallax,Music Track: Dimension X,0,0
2026-09-02 04:57:49,Darallax,Music Track: Distant Land,0,1
2026-09-02 04:57:49,Darallax,Music Track: Distillery Hilarity,0,0
2026-09-02 04:57:49,Darallax,Music Track: Dogfight,0,0
2026-09-02 04:57:49,Darallax,Music Track: Dogs of War,0,1
2026-09-02 04:57:49,Darallax,Music Track: Domain of the Vampyres,0,1
2026-09-02 04:57:49,Darallax,Music Track: Don't Panic Zanik,0,0
2026-09-02 04:57:49,Darallax,Music Track: The Doom,0,0
2026-09-02 04:57:49,Darallax,Music Track: The Doors of Dinh,0,1
2026-09-02 04:57:49,Darallax,Music Track: Doorways,0,1
2026-09-02 04:57:49,Darallax,Music Track: Dorgeshuun City,0,1
2026-09-02 04:57:49,Darallax,Music Track: Dorgeshuun Deep,0,0
2026-09-02 04:57:49,Darallax,Music Track: Dorgeshuun Treaty,0,1
2026-09-02 04:57:49,Darallax,Music Track: Dot's Yuletide,0,0
2026-09-02 04:57:49,Darallax,Music Track: Down Below,0,1
2026-09-02 04:57:49,Darallax,Music Track: Down and Out,0,0
2026-09-02 04:57:49,Darallax,Music Track: Down by the Docks,0,1
2026-09-02 04:57:49,Darallax,Music Track: Down to Earth,0,1
2026-09-02 04:57:49,Darallax,Music Track: The Dragon Slayer,0,0
2026-09-02 04:57:49,Darallax,Music Track: Dragontooth Island,0,1
2026-09-02 04:57:49,Darallax,Music Track: Dream,0,1
2026-09-02 04:57:49,Darallax,Music Track: The Dream Theatre,0,0
2026-09-02 04:57:49,Darallax,Music Track: Dreamstate,0,0
2026-09-02 04:57:49,Darallax,Music Track: Dunes of Eternity,0,0
2026-09-02 04:57:49,Darallax,Music Track: Dunjun,0,1
2026-09-02 04:57:49,Darallax,Music Track: Dusk in Yu'biusk,0,0
2026-09-02 04:57:49,Darallax,Music Track: Dwarf Theme,0,1
2026-09-02 04:57:49,Darallax,Music Track: Dwarven Domain,0,1
2026-09-02 04:57:49,Darallax,Music Track: Dynasty,0,1
2026-09-02 04:57:49,Darallax,Music Track: Eagles' Peak,0,0
2026-09-02 04:57:49,Darallax,Music Track: Easter Jig,0,0
2026-09-02 04:57:49,Darallax,Music Track: Echoes of the North,0,0
2026-09-02 04:57:49,Darallax,Music Track: Egypt,0,1
2026-09-02 04:57:49,Darallax,Music Track: Elder Wisdom,0,0
2026-09-02 04:57:49,Darallax,Music Track: Elven Guardians,0,0
2026-09-02 04:57:49,Darallax,Music Track: Elven Mist,0,1
2026-09-02 04:57:49,Darallax,Music Track: Elven Seed,0,0
2026-09-02 04:57:49,Darallax,Music Track: The Emir's Arena,0,1
2026-09-02 04:57:49,Darallax,Music Track: Emissaries of Twilight,0,0
2026-09-02 04:57:49,Darallax,Music Track: Emotion,0,1
2026-09-02 04:57:49,Darallax,Music Track: Emperor,0,1
2026-09-02 04:57:49,Darallax,Music Track: The Enchanter,0,0
2026-09-02 04:57:49,Darallax,Music Track: The Enclave,0,1
2026-09-02 04:57:49,Darallax,Music Track: Escape,0,1
2026-09-02 04:57:49,Darallax,Music Track: Espionage,0,0
2026-09-02 04:57:49,Darallax,Music Track: Etceteria,0,0
2026-09-02 04:57:49,Darallax,Music Track: The Eternal Waves,0,0
2026-09-02 04:57:49,Darallax,Music Track: Eve's Epinette,0,0
2026-09-02 04:57:49,Darallax,Music Track: Everlasting,0,0
2026-09-02 04:57:49,Darallax,Music Track: Everlasting Fire,0,1
2026-09-02 04:57:49,Darallax,Music Track: The Everlasting Slumber,0,1
2026-09-02 04:57:49,Darallax,Music Track: Everywhere,0,0
2026-09-02 04:57:49,Darallax,Music Track: Evil Bob's Island,0,1
2026-09-02 04:57:49,Darallax,Music Track: The Evil Within,0,0
2026-09-02 04:57:49,Darallax,Music Track: Expanse,0,1
2026-09-02 04:57:49,Darallax,Music Track: Expecting,0,1
2026-09-02 04:57:49,Darallax,Music Track: Expedition,0,1
2026-09-02 04:57:49,Darallax,Music Track: Exposed,0,1
2026-09-02 04:57:49,Darallax,Music Track: Eye See You,0,0
2026-09-02 04:57:49,Darallax,Music Track: Eye of the Storm,0,1
2026-09-02 04:57:49,Darallax,Music Track: Faerie,0,1
2026-09-02 04:57:49,Darallax,Music Track: The Fairy Dragon,0,0
2026-09-02 04:57:49,Darallax,Music Track: Faith of the Hefin,0,0
2026-09-02 04:57:49,Darallax,Music Track: Faithless,0,1
2026-09-02 04:57:49,Darallax,Music Track: The Fallen Empire,0,0
2026-09-02 04:57:49,Darallax,Music Track: Fanfare,0,1
2026-09-02 04:57:49,Darallax,Music Track: Fanfare 2,0,1
2026-09-02 04:57:49,Darallax,Music Track: Fanfare 3,0,1
2026-09-02 04:57:49,Darallax,Music Track: Fangs for the Memory,0,1
2026-09-02 04:57:49,Darallax,Music Track: Far Away,0,1
2026-09-02 04:57:49,Darallax,Music Track: The Far Side,0,0
2026-09-02 04:57:49,Darallax,Music Track: A Farmer's Grind,0,0
2026-09-02 04:57:49,Darallax,Music Track: The Fat Lady Sings,0,0
2026-09-02 04:57:49,Darallax,Music Track: Fe Fi Fo Fum,0,0
2026-09-02 04:57:49,Darallax,Music Track: Fear and Loathing,0,1
2026-09-02 04:57:49,Darallax,Music Track: The Feathered Serpent,0,0
2026-09-02 04:57:49,Darallax,Music Track: Fenkenstrain's Refrain,0,1
2026-09-02 04:57:49,Darallax,Music Track: A Festive Party,0,0
2026-09-02 04:57:49,Darallax,Music Track: Fight of the Basilisk,0,0
2026-09-02 04:57:49,Darallax,Music Track: Fight or Flight,0,1
2026-09-02 04:57:49,Darallax,Music Track: Find My Way,0,1
2026-09-02 04:57:49,Darallax,Music Track: Fire and Brimstone,0,1
2026-09-02 04:57:49,Darallax,Music Track: Fire in the Deep,0,0
2026-09-02 04:57:49,Darallax,Music Track: The Fires of Lletya,0,0
2026-09-02 04:57:49,Darallax,Music Track: Fishing,0,1
2026-09-02 04:57:49,Darallax,Music Track: Floating Free,0,1
2026-09-02 04:57:49,Darallax,Music Track: Flute Salad,0,1
2026-09-02 04:57:49,Darallax,Music Track: Food for Thought,0,1
2026-09-02 04:57:49,Darallax,Music Track: Forbidden,0,1
2026-09-02 04:57:49,Darallax,Music Track: Forest,0,1
2026-09-02 04:57:49,Darallax,Music Track: The Forests of Shayzien,0,1
2026-09-02 04:57:49,Darallax,Music Track: Forever,0,1
2026-09-02 04:57:49,Darallax,Music Track: Forgettable Melody,0,0
2026-09-02 04:57:49,Darallax,Music Track: Forgotten,0,1
2026-09-02 04:57:49,Darallax,Music Track: A Forgotten Religion,0,0
2026-09-02 04:57:49,Darallax,Music Track: The Forgotten Tomb,0,0
2026-09-02 04:57:49,Darallax,Music Track: The Forlorn Homestead,0,1
2026-09-02 04:57:49,Darallax,Music Track: The Forsaken Tower,0,1
2026-09-02 04:57:49,Darallax,Music Track: The Forsaken,0,0
2026-09-02 04:57:49,Darallax,Music Track: Fossilised,0,0
2026-09-02 04:57:49,Darallax,Music Track: The Foundry,0,1
2026-09-02 04:57:49,Darallax,Music Track: The Fragment,0,0
2026-09-02 04:57:49,Darallax,Music Track: The Fremennik Kings,0,1
2026-09-02 04:57:49,Darallax,Music Track: Frogland,0,1
2026-09-02 04:57:49,Darallax,Music Track: Frostbite,0,0
2026-09-02 04:57:49,Darallax,Music Track: Fruits de Mer,0,0
2026-09-02 04:57:49,Darallax,Music Track: Ful to the Brim,0,0
2026-09-02 04:57:49,Darallax,Music Track: Funny Bunnies,0,0
2026-09-02 04:57:49,Darallax,Music Track: The Galleon,0,0
2026-09-02 04:57:49,Darallax,Music Track: Gaol,0,0
2026-09-02 04:57:49,Darallax,Music Track: Garden,0,1
2026-09-02 04:57:49,Darallax,Music Track: Garden of Autumn,0,0
2026-09-02 04:57:49,Darallax,Music Track: Garden of Spring,0,0
2026-09-02 04:57:49,Darallax,Music Track: Garden of Summer,0,0
2026-09-02 04:57:49,Darallax,Music Track: Garden of Winter,0,0
2026-09-02 04:57:49,Darallax,Music Track: The Gates of Menaphos,0,0
2026-09-02 04:57:49,Darallax,Music Track: Gathering,0,0
2026-09-02 04:57:49,Darallax,Music Track: The Gauntlet,0,0
2026-09-02 04:57:49,Darallax,Music Track: The Genie,0,0
2026-09-02 04:57:49,Darallax,Music Track: Getting Down to Business,0,1
2026-09-02 04:57:49,Darallax,Music Track: Gill Bill,0,1
2026-09-02 04:57:49,Darallax,Music Track: Gnome King,0,1
2026-09-02 04:57:49,Darallax,Music Track: Gnome Village,0,1
2026-09-02 04:57:49,Darallax,Music Track: Gnome Village 2,0,1
2026-09-02 04:57:49,Darallax,Music Track: Gnome Village Party,0,1
2026-09-02 04:57:49,Darallax,Music Track: Gnomeball,0,1
2026-09-02 04:57:49,Darallax,Music Track: Goblin Game,0,1
2026-09-02 04:57:49,Darallax,Music Track: Goblin Village,0,1
2026-09-02 04:57:49,Darallax,Music Track: Golden Touch,0,0
2026-09-02 04:57:49,Darallax,Music Track: The Golem,0,1
2026-09-02 04:57:49,Darallax,Music Track: The Great North,0,0
2026-09-02 04:57:49,Darallax,Music Track: Greatness,0,1
2026-09-02 04:57:49,Darallax,Music Track: Grimly Fiendish,0,0
2026-09-02 04:57:49,Darallax,Music Track: Grip of the Talon,0,1
2026-09-02 04:57:49,Darallax,Music Track: Grotto,0,1
2026-09-02 04:57:49,Darallax,Music Track: Grow Grow Grow,0,0
2026-09-02 04:57:49,Darallax,Music Track: Grumpy,0,1
2026-09-02 04:57:49,Darallax,Music Track: The Guardian of Tapoyauik,0,0
2026-09-02 04:57:49,Darallax,Music Track: The Guardians Prepare,0,1
2026-09-02 04:57:49,Darallax,Music Track: Guardians of the Rift,0,1
2026-09-02 04:57:49,Darallax,Music Track: The Guidance of Ralos,0,0
2026-09-02 04:57:49,Darallax,Music Track: H.A.M. Attack,0,1
2026-09-02 04:57:49,Darallax,Music Track: H.A.M. Fisted,0,1
2026-09-02 04:57:49,Darallax,Music Track: H.A.M. and Seek,0,1
2026-09-02 04:57:49,Darallax,Music Track: Harmony,0,1
2026-09-02 04:57:49,Darallax,Music Track: Harmony 2,0,1
2026-09-02 04:57:49,Darallax,Music Track: Haunted Mine,0,0
2026-09-02 04:57:49,Darallax,Music Track: Have a Blast,0,0
2026-09-02 04:57:49,Darallax,Music Track: Have an Ice Day,0,0
2026-09-02 04:57:49,Darallax,Music Track: Head to Head,0,1
2026-09-02 04:57:49,Darallax,Music Track: Healin' Feelin',0,0
2026-09-02 04:57:49,Darallax,Music Track: Heart and Mind,0,0
2026-09-02 04:57:49,Darallax,Music Track: Heavy Security,0,0
2026-09-02 04:57:49,Darallax,Music Track: The Heist,0,0
2026-09-02 04:57:49,Darallax,Music Track: Hells Bells,0,1
2026-09-02 04:57:49,Darallax,Music Track: Hermit,0,1
2026-09-02 04:57:49,Darallax,Music Track: High Seas,0,1
2026-09-02 04:57:49,Darallax,Music Track: High Spirits,0,0
2026-09-02 04:57:49,Darallax,Music Track: His Faithful Servants,0,0
2026-09-02 04:57:49,Darallax,Music Track: Hoe Down,0,0
2026-09-02 04:57:49,Darallax,Music Track: Home,0,0
2026-09-02 04:57:49,Darallax,Music Track: Home Sweet Home,0,1
2026-09-02 04:57:49,Darallax,Music Track: Honkytonky Sea Shanty 2,0,1
2026-09-02 04:57:49,Darallax,Music Track: Horizon,0,1
2026-09-02 04:57:49,Darallax,Music Track: The Houses of Kourend,0,0
2026-09-02 04:57:49,Darallax,Music Track: Hunted,0,0
2026-09-02 04:57:49,Darallax,Music Track: Hypnotised,0,1
2026-09-02 04:57:49,Darallax,Music Track: I'm Sorry,0,0
2026-09-02 04:57:49,Darallax,Music Track: Iban,0,1
2026-09-02 04:57:49,Darallax,Music Track: Ice Melody,0,1
2026-09-02 04:57:49,Darallax,Music Track: Ice and Fire,0,0
2026-09-02 04:57:49,Darallax,Music Track: Illusive,0,0
2026-09-02 04:57:49,Darallax,Music Track: Impetuous,0,0
2026-09-02 04:57:49,Darallax,Music Track: Impulses,0,1
2026-09-02 04:57:49,Darallax,Music Track: In Between,0,0
2026-09-02 04:57:49,Darallax,Music Track: In the Brine,0,0
2026-09-02 04:57:49,Darallax,Music Track: In the Clink,0,1
2026-09-02 04:57:49,Darallax,Music Track: In the Manor,0,0
2026-09-02 04:57:49,Darallax,Music Track: In the Pits,0,1
2026-09-02 04:57:49,Darallax,Music Track: In the Shadows,0,0
2026-09-02 04:57:49,Darallax,Music Track: Inadequacy,0,0
2026-09-02 04:57:49,Darallax,Music Track: Incantation,0,1
2026-09-02 04:57:49,Darallax,Music Track: Incarceration,0,0
2026-09-02 04:57:49,Darallax,Music Track: Inferno,0,0
2026-09-02 04:57:49,Darallax,Music Track: Insect Queen,0,1
2026-09-02 04:57:49,Darallax,Music Track: Inspiration,0,1
2026-09-02 04:57:49,Darallax,Music Track: Into the Abyss,0,1
2026-09-02 04:57:49,Darallax,Music Track: Into the Blue,0,0
2026-09-02 04:57:49,Darallax,Music Track: Into the Tombs,0,0
2026-09-02 04:57:49,Darallax,Music Track: Intrepid,0,1
2026-09-02 04:57:49,Darallax,Music Track: Invader,0,0
2026-09-02 04:57:49,Darallax,Music Track: Iorwerth's Lament,0,0
2026-09-02 04:57:49,Darallax,Music Track: Island Life,0,1
2026-09-02 04:57:49,Darallax,Music Track: Island of the Trolls,0,1
2026-09-02 04:57:49,Darallax,Music Track: Isle of Everywhere,0,0
2026-09-02 04:57:49,Darallax,Music Track: Isle of Serenity,0,0
2026-09-02 04:57:49,Darallax,Music Track: It's not over 'til...,0,0
2026-09-02 04:57:49,Darallax,Music Track: Itsy Bitsy...,0,0
2026-09-02 04:57:49,Darallax,Music Track: Jaws of Gluttony,0,0
2026-09-02 04:57:49,Darallax,Music Track: Jaws of the Basilisk,0,0
2026-09-02 04:57:49,Darallax,Music Track: Jester Minute,0,1
2026-09-02 04:57:49,Darallax,Music Track: Jolly R,0,1
2026-09-02 04:57:49,Darallax,Music Track: Joy of the Hunt,0,1
2026-09-02 04:57:49,Darallax,Music Track: Judgement of the Depths,0,0
2026-09-02 04:57:49,Darallax,Music Track: Jungle Bells,0,0
2026-09-02 04:57:49,Darallax,Music Track: Jungle Hunt,0,1
2026-09-02 04:57:49,Darallax,Music Track: Jungle Island,0,1
2026-09-02 04:57:49,Darallax,Music Track: Jungle Island Xmas,0,0
2026-09-02 04:57:49,Darallax,Music Track: Jungle Troubles,0,1
2026-09-02 04:57:49,Darallax,Music Track: Jungly 1,0,1
2026-09-02 04:57:49,Darallax,Music Track: Jungly 2,0,1
2026-09-02 04:57:49,Darallax,Music Track: Jungly 3,0,1
2026-09-02 04:57:49,Darallax,Music Track: Kanon of Kahlith,0,0
2026-09-02 04:57:49,Darallax,Music Track: Karamja Jam,0,0
2026-09-02 04:57:49,Darallax,Music Track: The Kin,0,0
2026-09-02 04:57:49,Darallax,Music Track: King of the Trolls,0,1
2026-09-02 04:57:49,Darallax,Music Track: Kingdom,0,1
2026-09-02 04:57:49,Darallax,Music Track: Knightly,0,1
2026-09-02 04:57:49,Darallax,Music Track: Knightmare,0,1
2026-09-02 04:57:49,Darallax,Music Track: Kourend the Magnificent,0,1
2026-09-02 04:57:49,Darallax,Music Track: La Mort,0,1
2026-09-02 04:57:49,Darallax,Music Track: Labyrinth,0,0
2026-09-02 04:57:49,Darallax,Music Track: Lagoon,0,0
2026-09-02 04:57:49,Darallax,Music Track: Laid to Rest,0,0
2026-09-02 04:57:49,Darallax,Music Track: Lair,0,0
2026-09-02 04:57:49,Darallax,Music Track: Lair of the Basilisk,0,0
2026-09-02 04:57:49,Darallax,Music Track: Lament,0,0
2026-09-02 04:57:49,Darallax,Music Track: Lament for the Hallowed,0,1
2026-09-02 04:57:49,Darallax,Music Track: Lament of Meiyerditch,0,1
2026-09-02 04:57:49,Darallax,Music Track: Lamistard's Labyrinth,0,0
2026-09-02 04:57:49,Darallax,Music Track: Land Down Under,0,0
2026-09-02 04:57:49,Darallax,Music Track: Land of Snow,0,0
2026-09-02 04:57:49,Darallax,Music Track: Land of the Dwarves,0,1
2026-09-02 04:57:49,Darallax,Music Track: Landlubber,0,1
2026-09-02 04:57:49,Darallax,Music Track: Last King of the Yarasa,0,0
2026-09-02 04:57:49,Darallax,Music Track: Last Man Standing,0,0
2026-09-02 04:57:49,Darallax,Music Track: The Last Shanty,0,1
2026-09-02 04:57:49,Darallax,Music Track: Last Stand,0,0
2026-09-02 04:57:49,Darallax,Music Track: Lasting,0,1
2026-09-02 04:57:49,Darallax,Music Track: Lava is Mine,0,0
2026-09-02 04:57:49,Darallax,Music Track: Legend,0,1
2026-09-02 04:57:49,Darallax,Music Track: Legion,0,1
2026-09-02 04:57:49,Darallax,Music Track: Life at Sea,0,1
2026-09-02 04:57:49,Darallax,Music Track: Life's a Beach!,0,0
2026-09-02 04:57:49,Darallax,Music Track: Lighthouse,0,1
2026-09-02 04:57:49,Darallax,Music Track: Lightness,0,1
2026-09-02 04:57:49,Darallax,Music Track: Lightwalk,0,1
2026-09-02 04:57:49,Darallax,Music Track: Little Cave of Horrors,0,0
2026-09-02 04:57:49,Darallax,Music Track: Lonesome,0,1
2026-09-02 04:57:49,Darallax,Music Track: Long Ago,0,1
2026-09-02 04:57:49,Darallax,Music Track: Long Way Home,0,1
2026-09-02 04:57:49,Darallax,Music Track: The Longramble Scramble,0,0
2026-09-02 04:57:49,Darallax,Music Track: Look to the Stars,0,1
2026-09-02 04:57:49,Darallax,Music Track: Looking Back,0,1
2026-09-02 04:57:49,Darallax,Music Track: Lord of the Larvae,0,0
2026-09-02 04:57:49,Darallax,Music Track: Lore and Order,0,1
2026-09-02 04:57:49,Darallax,Music Track: The Lost Melody,0,1
2026-09-02 04:57:49,Darallax,Music Track: Lost Soul,0,1
2026-09-02 04:57:49,Darallax,Music Track: The Lost Tribe,0,1
2026-09-02 04:57:49,Darallax,Music Track: Lost to Time,0,0
2026-09-02 04:57:49,Darallax,Music Track: Lower Depths,0,1
2026-09-02 04:57:49,Darallax,Music Track: Lucid Dream,0,0
2026-09-02 04:57:49,Darallax,Music Track: Lucid Nightmare,0,0
2026-09-02 04:57:49,Darallax,Music Track: Lullaby,0,1
2026-09-02 04:57:49,Darallax,Music Track: Lumbering,0,0
2026-09-02 04:57:49,Darallax,Music Track: The Lunar Isle,0,0
2026-09-02 04:57:49,Darallax,Music Track: Lurking Threats,0,0
2026-09-02 04:57:49,Darallax,Music Track: Mad Eadgar,0,0
2026-09-02 04:57:49,Darallax,Music Track: The Mad Mole,0,0
2026-09-02 04:57:49,Darallax,Music Track: Mage Arena,0,0
2026-09-02 04:57:49,Darallax,Music Track: Magic Dance,0,1
2026-09-02 04:57:49,Darallax,Music Track: Magic Magic Magic,0,1
2026-09-02 04:57:49,Darallax,Music Track: Magical Journey,0,1
2026-09-02 04:57:49,Darallax,Music Track: The Maiden's Anger,0,0
2026-09-02 04:57:49,Darallax,Music Track: The Maiden's Sorrow,0,0
2026-09-02 04:57:49,Darallax,Music Track: Major Miner,0,0
2026-09-02 04:57:49,Darallax,Music Track: Making Waves,0,0
2026-09-02 04:57:49,Darallax,Music Track: Malady,0,1
2026-09-02 04:57:49,Darallax,Music Track: March,0,1
2026-09-02 04:57:49,Darallax,Music Track: March of the Shayzien,0,0
2026-09-02 04:57:49,Darallax,Music Track: Marooned,0,1
2026-09-02 04:57:49,Darallax,Music Track: Marzipan,0,1
2026-09-02 04:57:49,Darallax,Music Track: Masquerade,0,0
2026-09-02 04:57:49,Darallax,Music Track: Master of Puppets,0,0
2026-09-02 04:57:49,Darallax,Music Track: Mastermindless,0,0
2026-09-02 04:57:49,Darallax,Music Track: A Matter of Intrigue,0,0
2026-09-02 04:57:49,Darallax,Music Track: Mausoleum,0,1
2026-09-02 04:57:49,Darallax,Music Track: Maws Jaws & Claws,0,0
2026-09-02 04:57:49,Darallax,Music Track: The Maze,0,1
2026-09-02 04:57:49,Darallax,Music Track: Meddling Kids,0,0
2026-09-02 04:57:49,Darallax,Music Track: Medieval,0,1
2026-09-02 04:57:49,Darallax,Music Track: Mellow,0,1
2026-09-02 04:57:49,Darallax,Music Track: Melodrama,0,1
2026-09-02 04:57:49,Darallax,Music Track: Memories of the Myreque,0,0
2026-09-02 04:57:49,Darallax,Music Track: Meridian,0,1
2026-09-02 04:57:49,Darallax,Music Track: Method of Madness,0,1
2026-09-02 04:57:49,Darallax,Music Track: Miles Away,0,1
2026-09-02 04:57:49,Darallax,Music Track: Military Life,0,1
2026-09-02 04:57:49,Darallax,Music Track: The Militia,0,1
2026-09-02 04:57:49,Darallax,Music Track: Mind over Matter,0,0
2026-09-02 04:57:49,Darallax,Music Track: Miracle Dance,0,1
2026-09-02 04:57:49,Darallax,Music Track: Mirage,0,1
2026-09-02 04:57:49,Darallax,Music Track: Miscellania,0,1
2026-09-02 04:57:49,Darallax,Music Track: Mistrock,0,0
2026-09-02 04:57:49,Darallax,Music Track: The Mollusc Menace,0,1
2026-09-02 04:57:49,Darallax,Music Track: Monarch Waltz,0,1
2026-09-02 04:57:49,Darallax,Music Track: Monkey Badness,0,0
2026-09-02 04:57:49,Darallax,Music Track: Monkey Business,0,0
2026-09-02 04:57:49,Darallax,Music Track: Monkey Madness,0,1
2026-09-02 04:57:49,Darallax,Music Track: Monkey Sadness,0,0
2026-09-02 04:57:49,Darallax,Music Track: Monkey Trouble,0,0
2026-09-02 04:57:49,Darallax,Music Track: Monster Melee,0,1
2026-09-02 04:57:49,Darallax,Music Track: The Monsters Below,0,0
2026-09-02 04:57:49,Darallax,Music Track: Moody,0,1
2026-09-02 04:57:49,Darallax,Music Track: The Moons of Ruin,0,0
2026-09-02 04:57:49,Darallax,Music Track: Mor Ul Rek,0,0
2026-09-02 04:57:49,Darallax,Music Track: More Than Meets the Eye,0,0
2026-09-02 04:57:49,Darallax,Music Track: Morytania,0,1
2026-09-02 04:57:49,Darallax,Music Track: Morytanian Mystery,0,1
2026-09-02 04:57:49,Darallax,Music Track: Mother Ruckus,0,0
2026-09-02 04:57:49,Darallax,Music Track: A Mother's Curse,0,0
2026-09-02 04:57:49,Darallax,Music Track: Mouse Trap,0,0
2026-09-02 04:57:49,Darallax,Music Track: Mudskipper Melody,0,1
2026-09-02 04:57:49,Darallax,Music Track: Museum Medley,0,0
2026-09-02 04:57:49,Darallax,Music Track: Mutant Medley,0,1
2026-09-02 04:57:49,Darallax,Music Track: My Arm's Journey,0,0
2026-09-02 04:57:49,Darallax,Music Track: Mysterious Lands,0,0
2026-09-02 04:57:49,Darallax,Music Track: Mystics of Nature,0,0
2026-09-02 04:57:49,Darallax,Music Track: Mythical,0,0
2026-09-02 04:57:49,Darallax,Music Track: Narnode's Theme,0,1
2026-09-02 04:57:49,Darallax,Music Track: Natural,0,1
2026-09-02 04:57:49,Darallax,Music Track: The Navigator,0,1
2026-09-02 04:57:49,Darallax,Music Track: Nether Realm,0,0
2026-09-02 04:57:49,Darallax,Music Track: Neverland,0,1
2026-09-02 04:57:49,Darallax,Music Track: Newbie Farming,0,1
2026-09-02 04:57:49,Darallax,Music Track: Newbie Melody,0,1
2026-09-02 04:57:49,Darallax,Music Track: Night of the Vampyre,0,1
2026-09-02 04:57:49,Darallax,Music Track: Nightfall,0,1
2026-09-02 04:57:49,Darallax,Music Track: The Nightmare Continues,0,0
2026-09-02 04:57:49,Darallax,Music Track: No Pasaran,0,0
2026-09-02 04:57:49,Darallax,Music Track: No Way Out,0,1
2026-09-02 04:57:49,Darallax,Music Track: The Noble Rodent,0,0
2026-09-02 04:57:49,Darallax,Music Track: Nomad,0,1
2026-09-02 04:57:49,Darallax,Music Track: Norse Code,0,1
2026-09-02 04:57:49,Darallax,Music Track: The North,0,0
2026-09-02 04:57:49,Darallax,Music Track: Not a Moment of Relief,0,1
2026-09-02 04:57:49,Darallax,Music Track: Nox Irae,0,0
2026-09-02 04:57:49,Darallax,Music Track: Noxious Awakening,0,0
2026-09-02 04:57:49,Darallax,Music Track: Null and Void,0,1
2026-09-02 04:57:49,Darallax,Music Track: Ocean Depths,0,0
2026-09-02 04:57:49,Darallax,Music Track: Ogre the Top,0,1
2026-09-02 04:57:49,Darallax,Music Track: Oh Rats!,0,0
2026-09-02 04:57:49,Darallax,Music Track: The Old Ones,0,1
2026-09-02 04:57:49,Darallax,Music Track: On Thin Ice,0,0
2026-09-02 04:57:49,Darallax,Music Track: On the Frontline,0,1
2026-09-02 04:57:49,Darallax,Music Track: On the Shore,0,1
2026-09-02 04:57:49,Darallax,Music Track: On the Up,0,0
2026-09-02 04:57:49,Darallax,Music Track: On the Wing,0,1
2026-09-02 04:57:49,Darallax,Music Track: Oncoming Foe,0,0
2026-09-02 04:57:49,Darallax,Music Track: Organ Music 1,0,1
2026-09-02 04:57:49,Darallax,Music Track: Organ Music 2,0,1
2026-09-02 04:57:49,Darallax,Music Track: Oriental,0,1
2026-09-02 04:57:49,Darallax,Music Track: The Other Side,0,1
2026-09-02 04:57:49,Darallax,Music Track: Out at the Mines,0,0
2026-09-02 04:57:49,Darallax,Music Track: Out of the Deep,0,1
2026-09-02 04:57:49,Darallax,Music Track: Over the Horizon,0,0
2026-09-02 04:57:49,Darallax,Music Track: Over the Mountains,0,0
2026-09-02 04:57:49,Darallax,Music Track: Over to Nardah,0,1
2026-09-02 04:57:49,Darallax,Music Track: Overpass,0,1
2026-09-02 04:57:49,Darallax,Music Track: Overture,0,1
2026-09-02 04:57:49,Darallax,Music Track: Parade,0,1
2026-09-02 04:57:49,Darallax,Music Track: The Part Where You Die,0,0
2026-09-02 04:57:49,Darallax,Music Track: Path of Peril,0,0
2026-09-02 04:57:49,Darallax,Music Track: Pathways,0,0
2026-09-02 04:57:49,Darallax,Music Track: Peace and Prosperity,0,0
2026-09-02 04:57:49,Darallax,Music Track: The Penguin Bards,0,0
2026-09-02 04:57:49,Darallax,Music Track: Penguin Plots,0,0
2026-09-02 04:57:49,Darallax,Music Track: Pest Control,0,1
2026-09-02 04:57:49,Darallax,Music Track: Pharaoh's Tomb,0,0
2026-09-02 04:57:49,Darallax,Music Track: The Pharaoh,0,0
2026-09-02 04:57:49,Darallax,Music Track: Phasmatys,0,1
2026-09-02 04:57:49,Darallax,Music Track: Pheasant Peasant,0,1
2026-09-02 04:57:49,Darallax,Music Track: Pick & Shovel,0,1
2026-09-02 04:57:49,Darallax,Music Track: Pinball Wizard,0,1
2026-09-02 04:57:49,Darallax,Music Track: Pirates of Penance,0,1
2026-09-02 04:57:49,Darallax,Music Track: Pirates of Peril,0,0
2026-09-02 04:57:49,Darallax,Music Track: Plots and Plans,0,1
2026-09-02 04:57:49,Darallax,Music Track: The Plundered Tomb,0,0
2026-09-02 04:57:49,Darallax,Music Track: Poles Apart,0,1
2026-09-02 04:57:49,Darallax,Music Track: The Power of Tears,0,1
2026-09-02 04:57:49,Darallax,Music Track: Power of the Shadow Realm,0,0
2026-09-02 04:57:49,Darallax,Music Track: Predator Xarpus,0,0
2026-09-02 04:57:49,Darallax,Music Track: Preservation,0,1
2026-09-02 04:57:49,Darallax,Music Track: Preserved,0,0
2026-09-02 04:57:49,Darallax,Music Track: Prey,0,0
2026-09-02 04:57:49,Darallax,Music Track: Prime Time,0,1
2026-09-02 04:57:49,Darallax,Music Track: Principality,0,1
2026-09-02 04:57:49,Darallax,Music Track: Prison Break,0,0
2026-09-02 04:57:49,Darallax,Music Track: Prospering Fortune,0,1
2026-09-02 04:57:49,Darallax,Music Track: Quest,0,0
2026-09-02 04:57:49,Darallax,Music Track: The Quizmaster,0,1
2026-09-02 04:57:49,Darallax,Music Track: Race Against the Clock,0,0
2026-09-02 04:57:49,Darallax,Music Track: Rat Hunt,0,0
2026-09-02 04:57:49,Darallax,Music Track: Rat a Tat Tat,0,0
2026-09-02 04:57:49,Darallax,Music Track: Ready for Battle,0,0
2026-09-02 04:57:49,Darallax,Music Track: Ready for the Hunt,0,0
2026-09-02 04:57:49,Darallax,Music Track: Regal,0,1
2026-09-02 04:57:49,Darallax,Music Track: Regal Pomp,0,0
2026-09-02 04:57:49,Darallax,Music Track: Reggae,0,1
2026-09-02 04:57:49,Darallax,Music Track: Reggae 2,0,1
2026-09-02 04:57:49,Darallax,Music Track: Reign of the Basilisk,0,0
2026-09-02 04:57:49,Darallax,Music Track: Relics,0,0
2026-09-02 04:57:49,Darallax,Music Track: Rellekka,0,1
2026-09-02 04:57:49,Darallax,Music Track: Remnants,0,0
2026-09-02 04:57:49,Darallax,Music Track: Remote Waters,0,0
2026-09-02 04:57:49,Darallax,Music Track: Rest in Peace,0,1
2026-09-02 04:57:49,Darallax,Music Track: Revenants,0,0
2026-09-02 04:57:49,Darallax,Music Track: Rhapsody,0,0
2026-09-02 04:57:49,Darallax,Music Track: Right on Track,0,0
2026-09-02 04:57:49,Darallax,Music Track: Righteousness,0,0
2026-09-02 04:57:49,Darallax,Music Track: Rising Damp,0,0
2026-09-02 04:57:49,Darallax,Music Track: The Rising Sun,0,0
2026-09-02 04:57:49,Darallax,Music Track: Riverside,0,1
2026-09-02 04:57:49,Darallax,Music Track: Roc and Roll,0,0
2026-09-02 04:57:49,Darallax,Music Track: The Rogues' Den,0,1
2026-09-02 04:57:49,Darallax,Music Track: Roll the Bones,0,0
2026-09-02 04:57:49,Darallax,Music Track: Romancing the Crone,0,1
2026-09-02 04:57:49,Darallax,Music Track: Romper Chomper,0,1
2026-09-02 04:57:49,Darallax,Music Track: Roots and Flutes,0,0
2026-09-02 04:57:49,Darallax,Music Track: Rose,0,0
2026-09-02 04:57:49,Darallax,Music Track: The Route of All Evil,0,0
2026-09-02 04:57:49,Darallax,Music Track: The Route of the Problem,0,0
2026-09-02 04:57:49,Darallax,Music Track: Royale,0,1
2026-09-02 04:57:49,Darallax,Music Track: Rugged Terrain,0,1
2026-09-02 04:57:49,Darallax,Music Track: The Ruins of Camdozaal,0,1
2026-09-02 04:57:49,Darallax,Music Track: Ruins of Isolation,0,0
2026-09-02 04:57:49,Darallax,Music Track: Rune Essence,0,1
2026-09-02 04:57:49,Darallax,Music Track: Sad Meadow,0,1
2026-09-02 04:57:49,Darallax,Music Track: Safety in Numbers,0,1
2026-09-02 04:57:49,Darallax,Music Track: Saga,0,1
2026-09-02 04:57:49,Darallax,Music Track: A Sailor's Dream,0,0
2026-09-02 04:57:49,Darallax,Music Track: Sands of Time,0,0
2026-09-02 04:57:49,Darallax,Music Track: Sarachnis,0,0
2026-09-02 04:57:49,Darallax,Music Track: Sarcophagus,0,0
2026-09-02 04:57:49,Darallax,Music Track: Sarim's Vermin,0,0
2026-09-02 04:57:49,Darallax,Music Track: Scape Ape,0,1
2026-09-02 04:57:49,Darallax,Music Track: Scape Cave,0,1
2026-09-02 04:57:49,Darallax,Music Track: Scape Crystal,0,1
2026-09-02 04:57:49,Darallax,Music Track: Scape Five,0,1
2026-09-02 04:57:49,Darallax,Music Track: Scape Ground,0,1
2026-09-02 04:57:49,Darallax,Music Track: Scape Home,0,1
2026-09-02 04:57:49,Darallax,Music Track: Scape Hunter,0,1
2026-09-02 04:57:49,Darallax,Music Track: Scape Main,0,1
2026-09-02 04:57:49,Darallax,Music Track: Scape Original,0,1
2026-09-02 04:57:49,Darallax,Music Track: Scape Sad,0,1
2026-09-02 04:57:49,Darallax,Music Track: Scape Sail,0,1
2026-09-02 04:57:49,Darallax,Music Track: Scape Santa,0,1
2026-09-02 04:57:49,Darallax,Music Track: Scape Scared,0,1
2026-09-02 04:57:49,Darallax,Music Track: Scape Soft,0,1
2026-09-02 04:57:49,Darallax,Music Track: Scape Wild,0,1
2026-09-02 04:57:49,Darallax,Music Track: Scar Tissue,0,0
2026-09-02 04:57:49,Darallax,Music Track: Scarab,0,1
2026-09-02 04:57:49,Darallax,Music Track: School's Out,0,1
2026-09-02 04:57:49,Darallax,Music Track: Scorching Horizon,0,1
2026-09-02 04:57:49,Darallax,Music Track: Scorpia Dances,0,0
2026-09-02 04:57:49,Darallax,Music Track: Scrubfoot's Descent,0,0
2026-09-02 04:57:49,Darallax,Music Track: Sea Minor Shanty,0,0
2026-09-02 04:57:49,Darallax,Music Track: Sea Shanty,0,1
2026-09-02 04:57:49,Darallax,Music Track: Sea Shanty 2,0,1
2026-09-02 04:57:49,Darallax,Music Track: Sea Shanty Xmas,0,0
2026-09-02 04:57:49,Darallax,Music Track: Secrets of the North,0,0
2026-09-02 04:57:49,Darallax,Music Track: The Seed of Crwys,0,0
2026-09-02 04:57:49,Darallax,Music Track: Serenade,0,1
2026-09-02 04:57:49,Darallax,Music Track: Serene,0,1
2026-09-02 04:57:49,Darallax,Music Track: Servants of Strife,0,0
2026-09-02 04:57:49,Darallax,Music Track: Set Sail,0,1
2026-09-02 04:57:49,Darallax,Music Track: The Setting Sun,0,0
2026-09-02 04:57:49,Darallax,Music Track: Settlement,0,1
2026-09-02 04:57:49,Darallax,Music Track: Shadow of the Ocean,0,0
2026-09-02 04:57:49,Darallax,Music Track: The Shadow,0,1
2026-09-02 04:57:49,Darallax,Music Track: Shadowland,0,1
2026-09-02 04:57:49,Darallax,Music Track: Sharp End of the Crystal,0,0
2026-09-02 04:57:49,Darallax,Music Track: Shattered Relics,0,1
2026-09-02 04:57:49,Darallax,Music Track: Shine,0,0
2026-09-02 04:57:49,Darallax,Music Track: Shining,0,1
2026-09-02 04:57:49,Darallax,Music Track: Shining Spirit,0,0
2026-09-02 04:57:49,Darallax,Music Track: Shipwrecked,0,1
2026-09-02 04:57:49,Darallax,Music Track: Showdown,0,1
2026-09-02 04:57:49,Darallax,Music Track: Sigmund's Showdown,0,1
2026-09-02 04:57:49,Darallax,Music Track: Sign Here,0,0
2026-09-02 04:57:49,Darallax,Music Track: The Sinclairs,0,1
2026-09-02 04:57:49,Darallax,Music Track: The Slayer,0,0
2026-09-02 04:57:49,Darallax,Music Track: Slice of Silent Movie,0,1
2026-09-02 04:57:49,Darallax,Music Track: Slice of Station,0,1
2026-09-02 04:57:49,Darallax,Music Track: Slither and Thither,0,0
2026-09-02 04:57:49,Darallax,Music Track: Slug a Bug Ball,0,0
2026-09-02 04:57:49,Darallax,Music Track: Snowflake & My Arm,0,0
2026-09-02 04:57:49,Darallax,Music Track: Sojourn,0,1
2026-09-02 04:57:49,Darallax,Music Track: Solitude,0,0
2026-09-02 04:57:49,Darallax,Music Track: Song of the Elves,0,0
2026-09-02 04:57:49,Darallax,Music Track: Song of the Silent Choir,0,0
2026-09-02 04:57:49,Darallax,Music Track: Sorceress's Garden,0,0
2026-09-02 04:57:49,Darallax,Music Track: Soul Fall,0,0
2026-09-02 04:57:49,Darallax,Music Track: Soul Wars,0,1
2026-09-02 04:57:49,Darallax,Music Track: The Sound of Guthix,0,0
2026-09-02 04:57:49,Darallax,Music Track: Soundscape,0,1
2026-09-02 04:57:49,Darallax,Music Track: Sphinx,0,1
2026-09-02 04:57:49,Darallax,Music Track: Spirit,0,1
2026-09-02 04:57:49,Darallax,Music Track: Spirit of the Forest,0,1
2026-09-02 04:57:49,Darallax,Music Track: Spiritbloom,0,1
2026-09-02 04:57:49,Darallax,Music Track: Spirits of the Elid,0,0
2026-09-02 04:57:49,Darallax,Music Track: Splendour,0,1
2026-09-02 04:57:49,Darallax,Music Track: Spooky,0,1
2026-09-02 04:57:49,Darallax,Music Track: Spooky 2,0,1
2026-09-02 04:57:49,Darallax,Music Track: Spooky Jungle,0,1
2026-09-02 04:57:49,Darallax,Music Track: The Spurned Demon,0,0
2026-09-02 04:57:49,Darallax,Music Track: The Spymaster,0,0
2026-09-02 04:57:49,Darallax,Music Track: Stagnant,0,1
2026-09-02 04:57:49,Darallax,Music Track: Stalkers,0,0
2026-09-02 04:57:49,Darallax,Music Track: Stand Up and Be Counted,0,0
2026-09-02 04:57:49,Darallax,Music Track: Starlight,0,1
2026-09-02 04:57:49,Darallax,Music Track: Start,0,1
2026-09-02 04:57:49,Darallax,Music Track: Still Night,0,1
2026-09-02 04:57:49,Darallax,Music Track: Stillness,0,1
2026-09-02 04:57:49,Darallax,Music Track: Stones of Old,0,1
2026-09-02 04:57:49,Darallax,Music Track: Storeroom Shuffle,0,0
2026-09-02 04:57:49,Darallax,Music Track: Storm Brew,0,0
2026-09-02 04:57:49,Darallax,Music Track: Stranded,0,0
2026-09-02 04:57:49,Darallax,Music Track: Strange Place,0,0
2026-09-02 04:57:49,Darallax,Music Track: Strangled,0,0
2026-09-02 04:57:49,Darallax,Music Track: Stratosphere,0,0
2026-09-02 04:57:49,Darallax,Music Track: Strength of Saradomin,0,0
2026-09-02 04:57:49,Darallax,Music Track: Stuck in the Mire,0,1
2026-09-02 04:57:49,Darallax,Music Track: Subterranea,0,1
2026-09-02 04:57:49,Darallax,Music Track: Sunburn,0,1
2026-09-02 04:57:49,Darallax,Music Track: Sunny Side Up,0,0
2026-09-02 04:57:49,Darallax,Music Track: Superstition,0,1
2026-09-02 04:57:49,Darallax,Music Track: Surok's Theme,0,1
2026-09-02 04:57:49,Darallax,Music Track: Suspicious,0,1
2026-09-02 04:57:49,Darallax,Music Track: Tale of Keldagrim,0,1
2026-09-02 04:57:49,Darallax,Music Track: The Talkasti People,0,1
2026-09-02 04:57:49,Darallax,Music Track: Talking Forest,0,1
2026-09-02 04:57:49,Darallax,Music Track: Tarn Razorlor,0,0
2026-09-02 04:57:49,Darallax,Music Track: A Taste of Hope,0,1
2026-09-02 04:57:49,Darallax,Music Track: Tears of Guthix,0,1
2026-09-02 04:57:49,Darallax,Music Track: Technology,0,1
2026-09-02 04:57:49,Darallax,Music Track: Teklan,0,0
2026-09-02 04:57:49,Darallax,Music Track: Tempest,0,0
2026-09-02 04:57:49,Darallax,Music Track: Temple,0,1
2026-09-02 04:57:49,Darallax,Music Track: Temple Desecrated,0,0
2026-09-02 04:57:49,Darallax,Music Track: Temple of Light,0,1
2026-09-02 04:57:49,Darallax,Music Track: Temple of Tribes,0,0
2026-09-02 04:57:49,Darallax,Music Track: Temple of the Eye,0,1
2026-09-02 04:57:49,Darallax,Music Track: Tempor of the Storm,0,1
2026-09-02 04:57:49,Darallax,Music Track: The Terrible Caverns,0,1
2026-09-02 04:57:49,Darallax,Music Track: The Terrible Tower,0,1
2026-09-02 04:57:49,Darallax,Music Track: The Terrible Tunnels,0,1
2026-09-02 04:57:49,Darallax,Music Track: Terrorbird Tussle,0,0
2026-09-02 04:57:49,Darallax,Music Track: Test Your Sails,0,0
2026-09-02 04:57:49,Darallax,Music Track: Test of Companionship,0,0
2026-09-02 04:57:49,Darallax,Music Track: Test of Isolation,0,0
2026-09-02 04:57:49,Darallax,Music Track: Test of Resourcefulness,0,0
2026-09-02 04:57:49,Darallax,Music Track: Test of Strength,0,0
2026-09-02 04:57:49,Darallax,Music Track: That Sullen Hall,0,0
2026-09-02 04:57:49,Darallax,Music Track: Theme,0,1
2026-09-02 04:57:49,Darallax,Music Track: A Thorn in My Side,0,0
2026-09-02 04:57:49,Darallax,Music Track: Thrall of the Devourer,0,0
2026-09-02 04:57:49,Darallax,Music Track: Thrall of the Serpent,0,0
2026-09-02 04:57:49,Darallax,Music Track: Throne of the Demon,0,1
2026-09-02 04:57:49,Darallax,Music Track: Tick Tock,0,0
2026-09-02 04:57:49,Darallax,Music Track: Time Out,0,1
2026-09-02 04:57:49,Darallax,Music Track: Time to Mine,0,1
2026-09-02 04:57:49,Darallax,Music Track: Tiptoe,0,1
2026-09-02 04:57:49,Darallax,Music Track: Title Fight,0,1
2026-09-02 04:57:49,Darallax,Music Track: Tomb Raider,0,1
2026-09-02 04:57:49,Darallax,Music Track: Tomorrow,0,1
2026-09-02 04:57:49,Darallax,Music Track: Too Many Cooks...,0,1
2026-09-02 04:57:49,Darallax,Music Track: The Tortugan Way,0,0
2026-09-02 04:57:49,Darallax,Music Track: The Tower of Voices,0,0
2026-09-02 04:57:49,Darallax,Music Track: The Tower,0,1
2026-09-02 04:57:49,Darallax,Music Track: The Trade Parade,0,1
2026-09-02 04:57:49,Darallax,Music Track: Trahaearn Toil,0,0
2026-09-02 04:57:49,Darallax,Music Track: Tranquillity,0,0
2026-09-02 04:57:49,Darallax,Music Track: Trawler,0,1
2026-09-02 04:57:49,Darallax,Music Track: Trawler Minor,0,1
2026-09-02 04:57:49,Darallax,Music Track: Tree Spirits,0,1
2026-09-02 04:57:49,Darallax,Music Track: Tremble,0,1
2026-09-02 04:57:49,Darallax,Music Track: Tribal,0,1
2026-09-02 04:57:49,Darallax,Music Track: Tribal 2,0,1
2026-09-02 04:57:49,Darallax,Music Track: Tribal Background,0,1
2026-09-02 04:57:49,Darallax,Music Track: Trinity,0,1
2026-09-02 04:57:49,Darallax,Music Track: Troll Shuffle,0,0
2026-09-02 04:57:49,Darallax,Music Track: Trouble Brewing,0,0
2026-09-02 04:57:49,Darallax,Music Track: Troubled,0,1
2026-09-02 04:57:49,Darallax,Music Track: Troubled Waters,0,0
2026-09-02 04:57:49,Darallax,Music Track: Truth,0,0
2026-09-02 04:57:49,Darallax,Music Track: Twilight,0,1
2026-09-02 04:57:49,Darallax,Music Track: TzHaar!,0,1
2026-09-02 04:57:49,Darallax,Music Track: Undead Army,0,0
2026-09-02 04:57:49,Darallax,Music Track: Undead Dungeon,0,0
2026-09-02 04:57:49,Darallax,Music Track: Under the Mountain,0,0
2026-09-02 04:57:49,Darallax,Music Track: Undercurrent,0,1
2026-09-02 04:57:49,Darallax,Music Track: Underground,0,1
2026-09-02 04:57:49,Darallax,Music Track: Underground Pass,0,1
2026-09-02 04:57:49,Darallax,Music Track: Understanding,0,1
2026-09-02 04:57:49,Darallax,Music Track: The Undying Light,0,1
2026-09-02 04:57:49,Darallax,Music Track: Unknown Land,0,1
2026-09-02 04:57:49,Darallax,Music Track: Untouchable,0,0
2026-09-02 04:57:49,Darallax,Music Track: Unturned Stones,0,0
2026-09-02 04:57:49,Darallax,Music Track: Upcoming,0,1
2026-09-02 04:57:49,Darallax,Music Track: Upir Likhyi,0,1
2026-09-02 04:57:49,Darallax,Music Track: Upper Depths,0,0
2026-09-02 04:57:49,Darallax,Music Track: Vampyre Assault,0,1
2026-09-02 04:57:49,Darallax,Music Track: Vanescula,0,1
2026-09-02 04:57:49,Darallax,Music Track: Varlamore's Sunset,0,0
2026-09-02 04:57:49,Darallax,Music Track: The Vault,0,0
2026-09-02 04:57:49,Darallax,Music Track: Venomous,0,1
2026-09-02 04:57:49,Darallax,Music Track: Venture,0,1
2026-09-02 04:57:49,Darallax,Music Track: Venture 2,0,1
2026-09-02 04:57:49,Darallax,Music Track: Victory is Mine,0,0
2026-09-02 04:57:49,Darallax,Music Track: Village,0,1
2026-09-02 04:57:49,Darallax,Music Track: Vision,0,1
2026-09-02 04:57:49,Darallax,Music Track: Volcanic Vikings,0,1
2026-09-02 04:57:49,Darallax,Music Track: Voodoo Cult,0,1
2026-09-02 04:57:49,Darallax,Music Track: Voyage,0,1
2026-09-02 04:57:49,Darallax,Music Track: The Waiting Game,0,1
2026-09-02 04:57:49,Darallax,Music Track: Waking Dream,0,0
2026-09-02 04:57:49,Darallax,Music Track: A Walk in the Woods,0,1
2026-09-02 04:57:49,Darallax,Music Track: The Walking Dead,0,0
2026-09-02 04:57:49,Darallax,Music Track: Wally the Hero,0,1
2026-09-02 04:57:49,Darallax,Music Track: Wander,0,1
2026-09-02 04:57:49,Darallax,Music Track: Warpath,0,0
2026-09-02 04:57:49,Darallax,Music Track: Warrior,0,1
2026-09-02 04:57:49,Darallax,Music Track: Warriors' Guild,0,1
2026-09-02 04:57:49,Darallax,Music Track: Waste Defaced,0,0
2026-09-02 04:57:49,Darallax,Music Track: Watch Your Step,0,0
2026-09-02 04:57:49,Darallax,Music Track: Waterfall,0,1
2026-09-02 04:57:49,Darallax,Music Track: Waterlogged,0,1
2026-09-02 04:57:49,Darallax,Music Track: Way of the Enchanter,0,0
2026-09-02 04:57:49,Darallax,Music Track: Way of the Wyrm,0,0
2026-09-02 04:57:49,Darallax,Music Track: Wayward,0,1
2026-09-02 04:57:49,Darallax,Music Track: We are the Fairies,0,0
2026-09-02 04:57:49,Darallax,Music Track: Welcome to my Nightmare,0,0
2026-09-02 04:57:49,Darallax,Music Track: Welcome to the Theatre,0,1
2026-09-02 04:57:49,Darallax,Music Track: Well Hallowed Air,0,0
2026-09-02 04:57:49,Darallax,Music Track: Well of Voyage,0,1
2026-09-02 04:57:49,Darallax,Music Track: The Western Seas,0,0
2026-09-02 04:57:49,Darallax,Music Track: What Happens Below...,0,1
2026-09-02 04:57:49,Darallax,Music Track: What the Shell!,0,0
2026-09-02 04:57:49,Darallax,Music Track: Where Eagles Lair,0,0
2026-09-02 04:57:49,Darallax,Music Track: Whispering Wind,0,1
2026-09-02 04:57:49,Darallax,Music Track: Wild Isle,0,1
2026-09-02 04:57:49,Darallax,Music Track: Wild Side,0,1
2026-09-02 04:57:49,Darallax,Music Track: Wilderness,0,1
2026-09-02 04:57:49,Darallax,Music Track: Wilderness 2,0,1
2026-09-02 04:57:49,Darallax,Music Track: Wilderness 3,0,1
2026-09-02 04:57:49,Darallax,Music Track: Wildwood,0,1
2026-09-02 04:57:49,Darallax,Music Track: Winter Funfair,0,0
2026-09-02 04:57:49,Darallax,Music Track: Witching,0,1
2026-09-02 04:57:49,Darallax,Music Track: Woe of the Wyvern,0,0
2026-09-02 04:57:49,Darallax,Music Track: Wonder,0,1
2026-09-02 04:57:49,Darallax,Music Track: Wonderous,0,1
2026-09-02 04:57:49,Darallax,Music Track: Woodland,0,1
2026-09-02 04:57:49,Darallax,Music Track: Work Work Work,0,1
2026-09-02 04:57:49,Darallax,Music Track: Workshop,0,1
2026-09-02 04:57:49,Darallax,Music Track: A Worthy Foe,0,0
2026-09-02 04:57:49,Darallax,Music Track: Wrath and Ruin,0,1
2026-09-02 04:57:49,Darallax,Music Track: Xenophobe,0,0
2026-09-02 04:57:49,Darallax,Music Track: Yesteryear,0,1
2026-09-02 04:57:49,Darallax,Music Track: Yo Ho Ho!,0,1
2026-09-02 04:57:49,Darallax,Music Track: You Have My Attention,0,1
2026-09-02 04:57:49,Darallax,Music Track: Zamorak Zoo,0,0
2026-09-02 04:57:49,Darallax,Music Track: Zanik's Theme,0,0
2026-09-02 04:57:49,Darallax,Music Track: Zaros Zeitgeist,0,0
2026-09-02 04:57:49,Darallax,Music Track: Zealot,0,1
2026-09-02 04:57:49,Darallax,Music Track: Zogre Dance,0,1
2026-09-02 04:57:49,Darallax,Music Track: Zombie Invasion,0,0
2026-09-02 04:57:49,Darallax,Music Track: Zombiism,0,0
